row_id,tweet_id,airline_sentiment,group_id,split
11399,568140468854198272,negative,11399,train
12888,569989697449140224,negative,12888,train
11134,568487367536996354,negative,11134,train
8133,568752793999286273,positive,8133,train
9889,569625053916061696,positive,9889,train
13963,569685165565308928,positive,13963,train
12920,569980365386809344,negative,12920,train
11856,567727479633477632,positive,11856,train
14347,569630593924911104,negative,14347,train
8430,568378598043852800,positive,8430,train
13867,569699091367665664,negative,13867,train
14320,569634828641034240,negative,14320,train
10431,569312745306382336,negative,10431,train
13144,569930613962072064,negative,13144,train
10538,569212376421158912,negative,10538,train
258,568972394297077760,positive,258,train
10275,569414739694104576,negative,10275,train
3021,568795451341856768,positive,3021,train
2130,569347118034501632,positive,2130,train
12259,570249440176570368,positive,12259,train
9602,569843749230133248,negative,9602,train
9574,569870128915083264,negative,9574,train
1636,569639780276953088,positive,1636,train
2400,569228668918222849,positive,2400,train
10008,569577771292237824,negative,10008,train
12143,570276414567493633,negative,12143,train
1528,569681499928158208,positive,1528,train
1668,569630837538361344,positive,1668,train
11794,567756326718431232,negative,11794,train
10665,568996669167181824,negative,10665,train
10410,569325844931448832,negative,10410,train
4357,570289080090689536,positive,4357,train
12928,569977887136342016,negative,12928,train
8859,567795026307325952,positive,8859,train
11211,568423588077936640,positive,11211,train
13447,569862449559527426,negative,13447,train
10095,569538992980566017,negative,10095,train
10830,568840215089041409,negative,10830,train
13058,569950510981083136,negative,13058,train
12603,570092184948645889,positive,12603,train
10585,569162211748245504,negative,10585,train
10984,568638610385158145,positive,10984,train
13570,569827602589835265,negative,13570,train
10400,569330337735696385,negative,10400,train
13892,569693838329180160,negative,13892,train
14249,569646280214847488,negative,14249,train
4169,567797327071838208,positive,4169,train
9564,569873968175259650,negative,9564,train
8607,568122440934658048,positive,8607,train
8232,568579899243380736,positive,8232,train
11695,567811573265260544,negative,11695,train
5967,568454304488673280,positive,5967,train
13544,569837152332333056,negative,13544,train
276,568897315458691072,positive,276,train
12501,570145106415771648,positive,12501,train
9236,570043569605648385,negative,9236,train
9609,569827255653941248,negative,9609,train
14564,569598671420919808,negative,14564,train
10157,569518200410546176,negative,10157,train
12989,569966826639110147,negative,12989,train
10737,568922138348019712,negative,10737,train
13813,569712291857485824,negative,13813,train
6197,568137557935960066,positive,6197,train
1617,569643671198572544,positive,1617,train
10166,569510808847196160,negative,10166,train
9385,569960024455454721,negative,9385,train
10920,568782732358258689,negative,10920,train
14391,569621883282280448,positive,14391,train
11323,568211517398786048,negative,11323,train
9265,570015794387685376,negative,9265,train
5821,568572506300243968,positive,5821,train
4590,569994045205803009,positive,4590,train
8789,567846268090740737,positive,8789,train
12790,570021225323298816,negative,12790,train
9849,569641343254970368,negative,9849,train
11625,567865044580638720,negative,11625,train
13103,569940075120873472,negative,13103,train
13768,569720366198759424,negative,13768,train
10138,569525150263214080,negative,10138,train
9435,569938939122991104,negative,9435,train
9419,569943774253621248,negative,9419,train
13035,569955122819817472,negative,13035,train
10634,569088825420607488,positive,10634,train
8806,567831434838159360,positive,8806,train
12498,570146348613406720,negative,12498,train
13449,569860677650636801,negative,13449,train
13422,569867363580903424,positive,13422,train
9056,570264306350227456,negative,9056,train
11626,567864523585118208,negative,11626,train
13299,569893723091238912,negative,13299,train
11744,567781757274292224,negative,11744,train
12094,570295174385016832,negative,12094,train
13332,569887996071297024,negative,13332,train
2477,569179849518161920,positive,2477,train
10307,569378015429447680,negative,10307,train
6145,568182386409607168,positive,6145,train
5062,569451572792406016,positive,5062,train
12980,569969455171813376,negative,12980,train
2358,569247182337019904,positive,2358,train
13493,569849818694037504,negative,13493,train
7112,569934977963573248,positive,7112,train
3479,568405095060099072,positive,3479,train
4164,567798535262060544,positive,4164,train
10353,569356553977012225,negative,10353,train
10573,569169690997751808,negative,10573,train
589,570264153559949313,positive,589,train
9386,569959975566467072,negative,9386,train
9853,569639305016152066,negative,9853,train
8168,568641342869544960,positive,8168,train
3770,568140506116571136,positive,3770,train
10608,569129625592274944,negative,10608,train
11168,568463569458741248,negative,11168,train
12030,569622568459636736,negative,12030,train
1477,569705563287896064,positive,1477,train
11945,570288809532891137,negative,11945,train
8882,567773326631821312,positive,8882,train
10979,568643981258723328,negative,10979,train
11439,568113981866446848,negative,11439,train
10620,569118675070005248,negative,10620,train
12856,569999632920674304,negative,12856,train
9424,569942656522047490,negative,9424,train
10303,569380098119499776,negative,10303,train
10281,569398722884280320,negative,10281,train
11022,568607094426996738,negative,11022,train
9928,569610893052518400,negative,9928,train
11707,567803477762797570,negative,11707,train
14037,569675178227081216,negative,14037,train
2744,568923233866555392,positive,2744,train
12623,570085625061384192,negative,12623,train
14006,569678397158268929,negative,14006,train
13129,569934076641030146,negative,13129,train
12327,570229557740969984,positive,12327,train
12255,570250470289068032,negative,12255,train
14203,569654562031685632,negative,14203,train
13902,569692664720797696,negative,13902,train
10251,569456923663151104,negative,10251,train
8857,567796029056385024,positive,8857,train
12882,569992708447711232,negative,12882,train
10954,568762393083449345,negative,10954,train
10644,569016660927123456,negative,10644,train
9315,569987452334690305,negative,9315,train
4372,570283824040382464,positive,4372,train
2617,568989506784722945,positive,2617,train
14489,569607918569410560,negative,14489,train
13712,569739141635817472,negative,13712,train
9457,569926843853185024,negative,9457,train
10031,569563148472225794,negative,10031,train
12115,570284482588246016,negative,12115,train
13036,569954275016765440,negative,13036,train
3130,568650439639437313,positive,3130,train
303,568815689684815873,positive,303,train
12133,570280225625362432,negative,12133,train
10555,569189550570016768,negative,10555,train
10511,569241701434449920,positive,10511,train
10359,569353454914662400,negative,10359,train
11724,567796792847499265,negative,11724,train
5909,568494498361294848,positive,5909,train
5892,568510570799869952,positive,5892,train
562,570276787063816192,positive,562,train
10334,569364758681559042,negative,10334,train
9522,569893878536527872,negative,9522,train
10919,568783455338819584,negative,10919,train
10338,569362336991092736,negative,10338,train
9474,569917692758630400,negative,9474,train
13091,569941858132070400,negative,13091,train
3975,567895211575111680,positive,3975,train
12680,570064285860171776,negative,12680,train
5609,568866106317746176,positive,5609,train
10280,569399153253429248,negative,10280,train
11769,567768552644423680,negative,11769,train
13630,569788202174713856,negative,13630,train
11627,567864395264573441,negative,11627,train
12702,570056289419526145,negative,12702,train
4788,569752691460706304,positive,4788,train
1470,569707473973739520,positive,1470,train
8400,568424704597467137,positive,8400,train
10380,569342508553121795,negative,10380,train
12482,570169851156701185,negative,12482,train
11774,567766633637502976,negative,11774,train
14482,569608570066436096,negative,14482,train
3950,567924107183915009,positive,3950,train
10515,569238450794209280,negative,10515,train
7252,569741756968919040,positive,7252,train
13788,569717632993263616,negative,13788,train
14104,569666202634743808,positive,14104,train
13194,569917117576949760,negative,13194,train
11497,568070386627305472,negative,11497,train
11180,568454051144339456,negative,11180,train
10945,568772824523001856,negative,10945,train
10242,569465299495358466,negative,10242,train
9079,570242474750423040,negative,9079,train
1518,569685581787205632,positive,1518,train
7671,569364648576872448,positive,7671,train
13292,569895210777501696,negative,13292,train
11560,568004004183203840,negative,11560,train
11040,568591324737200128,negative,11040,train
11792,567757851104641024,negative,11792,train
8660,568066927723212800,positive,8660,train
12971,569971722155208706,negative,12971,train
11614,567875699056467968,negative,11614,train
11031,568602156988657664,negative,11031,train
4462,570237762063831040,positive,4462,train
11046,568574989688901632,negative,11046,train
4728,569895187746418688,positive,4728,train
5685,568807908374286336,positive,5685,train
14029,569675979284721665,negative,14029,train
13466,569856784086777856,negative,13466,train
11000,568626857576407041,negative,11000,train
9673,569726849988878336,negative,9673,train
14187,569657264262533120,negative,14187,train
13989,569680835894497280,negative,13989,train
4134,567811236231954433,positive,4134,train
9810,569655603783708673,negative,9810,train
8550,568172923531481088,positive,8550,train
6,570300616901320704,positive,6,train
10435,569309864759050240,negative,10435,train
13716,569737682466656258,negative,13716,train
12126,570281731510571009,negative,12126,train
9378,569962709057298432,positive,9378,train
13953,569686478046887937,negative,13953,train
12746,570038882294607873,negative,12746,train
10773,568889054286053377,negative,10773,train
10244,569464183374385152,negative,10244,train
13130,569933901944066048,negative,13130,train
13629,569789622491820032,negative,13629,train
12073,570299824760860672,positive,12073,train
8052,568834558268973056,positive,8052,train
9799,569660306298945537,negative,9799,train
11079,568527605063757824,negative,11079,train
11964,570281854139572225,negative,11964,train
11968,570280755252895745,negative,11968,train
6817,570233869212856320,positive,6817,train
12085,570297070998974464,positive,12085,train
13737,569730304111325184,negative,13737,train
14413,569620017840398337,negative,14413,train
10470,569270187725160449,negative,10470,train
14043,569674298924900352,negative,14043,train
14484,569608307184242688,negative,14484,train
13916,569691389958553600,negative,13916,train
4601,569988842335244289,positive,4601,train
14201,569654988877668354,negative,14201,train
2671,568962609375895552,positive,2671,train
14314,569636064035348480,negative,14314,train
9301,569992662779961344,negative,9301,train
9042,570272309434564608,negative,9042,train
5380,569155784988164098,positive,5380,train
10219,569484638219071488,negative,10219,train
10600,569143443512897536,negative,10600,train
12118,570283851018317824,negative,12118,train
14172,569659162281377794,negative,14172,train
7311,569672510565969920,positive,7311,train
9727,569693042040418304,negative,9727,train
13527,569841254655270912,negative,13527,train
13850,569701550039429121,negative,13850,train
11640,567857402340450305,negative,11640,train
6388,567890395322920960,positive,6388,train
8042,568842695864504320,positive,8042,train
7255,569736434803978240,positive,7255,train
11237,568383500530769920,negative,11237,train
5100,569346451526041600,positive,5100,train
12792,570020117284724737,positive,12792,train
13411,569869514944466945,negative,13411,train
11293,568234162638999552,positive,11293,train
5092,569351618522705920,positive,5092,train
12423,570192886689628160,positive,12423,train
13556,569832363527708674,positive,13556,train
6935,570007995813273600,positive,6935,train
14168,569659364530728961,negative,14168,train
6955,569991184120193025,positive,6955,train
9356,569970518381744128,negative,9356,train
8572,568156758025187329,positive,8572,train
9325,569984789798899712,positive,9325,train
12144,570276245960835073,negative,12144,train
206,569250469178175488,positive,206,train
13414,569868638968254467,negative,13414,train
10932,568776950665371648,negative,10932,train
9248,570024174162485251,negative,9248,train
12914,569981722470834176,negative,12914,train
3333,568519880711872512,positive,3333,train
13345,569884756684476416,negative,13345,train
12834,570003289326157824,negative,12834,train
212,569240250192670720,positive,212,train
7922,568974096161234946,positive,7922,train
13811,569713615047168000,negative,13811,train
9829,569649297731399682,negative,9829,train
13644,569779719798951936,negative,13644,train
8169,568640650129731585,positive,8169,train
9293,570000760035024896,negative,9293,train
111,569873665640292353,positive,111,train
14170,569659230929555456,negative,14170,train
9284,570007761355980800,negative,9284,train
12721,570045645714620417,negative,12721,train
14355,569628494214225922,negative,14355,train
14036,569675481857064960,negative,14036,train
14568,569598155999674368,negative,14568,train
13689,569746288499138560,negative,13689,train
12067,570301488192458752,negative,12067,train
13430,569865357625851905,negative,13430,train
3622,568228749696577536,positive,3622,train
12251,570251394965479424,negative,12251,train
13828,569706873525391360,negative,13828,train
8613,568115075266973696,positive,8613,train
13883,569696080121569280,negative,13883,train
12481,570171986648965120,negative,12481,train
13898,569693551589756928,negative,13898,train
14528,569604083507556353,negative,14528,train
12354,570221471844278273,negative,12354,train
6558,567779815227260928,positive,6558,train
12141,570278644918194176,negative,12141,train
4507,570187432815013888,positive,4507,train
13693,569745528382038016,negative,13693,train
5059,569482685061554176,positive,5059,train
12584,570097527841693697,positive,12584,train
7385,569630240512876546,positive,7385,train
9736,569687262444720128,negative,9736,train
9654,569757363797757952,negative,9654,train
10295,569386555107733505,negative,10295,train
5671,568823050571026432,positive,5671,train
11024,568606238428270594,negative,11024,train
3385,568474931207352320,positive,3385,train
14136,569662418898579456,negative,14136,train
2570,569036254253346818,positive,2570,train
6201,568134973728755712,positive,6201,train
5096,569347549858934784,positive,5096,train
10145,569523293356630016,negative,10145,train
10812,568854976119898112,negative,10812,train
13654,569769633995104256,negative,13654,train
13662,569766140332937216,negative,13662,train
14273,569643301332258817,negative,14273,train
14065,569672021078114304,negative,14065,train
7160,569924145380634624,positive,7160,train
11924,570297070998974464,positive,11924,train
14156,569660363794468864,negative,14156,train
13042,569952984257294336,positive,13042,train
12432,570189507447775234,negative,12432,train
7352,569650423318982657,positive,7352,train
8336,568474423742738432,positive,8336,train
10015,569572184768835585,positive,10015,train
12983,569968904409214976,negative,12983,train
1011,569966609080586240,positive,1011,train
14046,569674205920411648,negative,14046,train
1014,569965494519734272,positive,1014,train
429,568095440517754881,positive,429,train
9266,570015715530395648,negative,9266,train
14185,569657523944366080,negative,14185,train
10545,569198593158086656,negative,10545,train
2780,568902492118888448,positive,2780,train
12047,570307312675651585,negative,12047,train
4241,567760060080599040,positive,4241,train
4546,570041591714455552,positive,4546,train
14071,569671053594591232,negative,14071,train
13855,569700922248581121,positive,13855,train
14281,569642267385798657,positive,14281,train
7817,569230515833856000,positive,7817,train
12984,569968010431066112,negative,12984,train
5712,568784436428300290,positive,5712,train
7354,569648229295329280,positive,7354,train
6967,569983338880114688,positive,6967,train
14421,569618327078887424,negative,14421,train
9077,570245576815546368,negative,9077,train
8746,567874970463780864,positive,8746,train
11007,568619699212140544,negative,11007,train
9351,569970977368645632,negative,9351,train
8549,568173309747048448,positive,8549,train
14081,569669795559432192,negative,14081,train
7681,569348268154609664,positive,7681,train
12356,570220267462529024,negative,12356,train
14500,569606226880929792,negative,14500,train
11542,568030511530172416,negative,11542,train
12614,570087222663229440,negative,12614,train
10972,568678961229762560,negative,10972,train
13496,569847788986462209,negative,13496,train
9507,569899709734752256,negative,9507,train
12006,570271383005085696,negative,12006,train
12592,570095131967295489,positive,12592,train
12238,570255201069899776,negative,12238,train
14102,569666244317618177,negative,14102,train
8250,568558562810544129,positive,8250,train
10929,568779110710964224,negative,10929,train
13196,569916606064828416,negative,13196,train
11254,568282478076669952,negative,11254,train
11847,567728890206904320,negative,11847,train
9835,569647318535786496,negative,9835,train
12565,570101803708080128,positive,12565,train
4371,570284111425892353,positive,4371,train
7500,569563087964995584,positive,7500,train
12568,570101550787350528,positive,12568,train
10346,569359793800024064,negative,10346,train
11986,570275944012783616,negative,11986,train
10702,568963705439789056,negative,10702,train
10959,568759575807184896,negative,10959,train
11348,568180869120135169,negative,11348,train
10506,569243185832169472,negative,10506,train
12426,570192183766196224,negative,12426,train
13782,569718461217308673,negative,13782,train
4535,570054105789550592,positive,4535,train
14,570285904809598977,positive,14,train
9462,569923163259318274,negative,9462,train
2385,569234592420331520,positive,2385,train
9449,569932287380467712,negative,9449,train
10290,569388156031799297,negative,10290,train
12906,569983854464921601,negative,12906,train
8090,568799486392143872,positive,8090,train
12994,569965247093731328,negative,12994,train
12103,570290220589027328,negative,12103,train
147,569599867716132864,positive,147,train
14479,569609326253502465,negative,14479,train
6100,568232493779824640,positive,6100,train
9304,569992414653362176,negative,9304,train
8702,567947508208377858,positive,8702,train
6239,568104424029036545,positive,6239,train
598,570259311315836928,positive,598,train
229,569209566715469824,positive,229,train
13354,569883543536574464,negative,13354,train
9058,570262676481421312,negative,9058,train
12212,570262096094498816,negative,12212,train
6009,568437028205035520,positive,6009,train
8659,568068942771695616,positive,8659,train
13954,569686415665025024,negative,13954,train
2999,568803231335387137,positive,2999,train
6723,567720839408533504,positive,6723,train
4827,569694343776194560,positive,4827,train
13019,569958916668305408,negative,13019,train
10088,569540668403662849,negative,10088,train
3340,568513007849840640,positive,3340,train
11145,568481836290220033,negative,11145,train
11739,567786151370629121,positive,11739,train
9795,569662906842750976,positive,9795,train
13622,569794658479394817,negative,13622,train
6413,567874892634304512,positive,6413,train
508,570306733010264064,positive,508,train
6313,568058146729668608,positive,6313,train
9104,570222481618948096,negative,9104,train
10111,569533103359660033,negative,10111,train
13515,569844028365275136,negative,13515,train
10160,569514031695962112,negative,10160,train
205,569253236093267969,positive,205,train
3741,568158670489387008,positive,3741,train
466,567813046811525120,positive,466,train
10829,568841068348878848,negative,10829,train
5396,569148114193530881,positive,5396,train
14485,569608282442047488,negative,14485,train
11547,568026425535516674,negative,11547,train
14631,569588464896876545,negative,14631,train
10423,569317490276360193,negative,10423,train
11927,570296616688750592,negative,11927,train
14070,569671087820111872,positive,14070,train
12642,570078673090408448,negative,12642,train
13233,569910528279228416,negative,13233,train
7524,569543615862722561,positive,7524,train
12918,569980695184957441,negative,12918,train
10965,568749045528842240,positive,10965,train
9338,569976848786034688,negative,9338,train
11493,568073191068794880,negative,11493,train
8623,568101669809946624,positive,8623,train
12079,570298371140939776,negative,12079,train
12798,570017634495787009,negative,12798,train
13596,569811225770479616,negative,13596,train
463,567828603976597504,positive,463,train
12293,570240764812378112,positive,12293,train
11130,568490899396829186,negative,11130,train
7133,569927127350407168,positive,7133,train
13608,569801797851697152,negative,13608,train
10276,569408340616351744,negative,10276,train
13109,569938485844422656,positive,13109,train
7243,569836232999612417,positive,7243,train
430,568093957080551424,positive,430,train
10277,569407067007496192,negative,10277,train
10154,569519007965061121,negative,10154,train
4834,569689184958595072,positive,4834,train
9195,570074662086045696,negative,9195,train
12064,570302358242115584,positive,12064,train
6399,567880908528832513,positive,6399,train
11904,570302060035497984,negative,11904,train
13901,569692788968845312,negative,13901,train
11359,568172839758630912,negative,11359,train
7793,569239947061927938,positive,7793,train
11120,568492370821562368,negative,11120,train
13290,569895385851760640,negative,13290,train
14305,569638585571221504,negative,14305,train
10489,569256374011428866,negative,10489,train
1849,569556131078475777,positive,1849,train
12735,570042296357539840,positive,12735,train
8553,568172386903851008,positive,8553,train
10422,569317626687717376,negative,10422,train
3829,568094342302322688,positive,3829,train
12017,570268646544510976,negative,12017,train
4556,570031211336368128,positive,4556,train
7831,569221909231104000,positive,7831,train
13363,569881379825164288,negative,13363,train
10316,569373375988150272,negative,10316,train
9716,569699616750489600,negative,9716,train
6713,567723096186945538,positive,6713,train
9376,569964389660540928,negative,9376,train
11674,567831160978677760,negative,11674,train
14248,569646347705561088,negative,14248,train
14406,569620494724366336,negative,14406,train
10418,569322078819766272,negative,10418,train
4884,569668853849919488,positive,4884,train
9728,569692835907129345,negative,9728,train
13835,569704597922557952,negative,13835,train
9604,569842257588846592,negative,9604,train
11422,568128665801900032,negative,11422,train
14319,569634918973751297,negative,14319,train
7618,569503518224211968,positive,7618,train
10245,569463954155700224,negative,10245,train
13796,569715539821654017,negative,13796,train
13252,569906035269324800,negative,13252,train
13126,569934354241212417,negative,13126,train
9557,569879100971753472,negative,9557,train
2684,568955862124863488,positive,2684,train
12429,570191664628699136,negative,12429,train
12633,570081513087369216,negative,12633,train
13521,569842929860263936,negative,13521,train
3218,568589359034859520,positive,3218,train
13112,569937987619803136,negative,13112,train
12198,570264682541522944,negative,12198,train
4847,569683748901367808,positive,4847,train
11537,568034537411895296,negative,11537,train
9953,569601913832022016,negative,9953,train
13792,569716270184173568,negative,13792,train
342,568543525505089536,positive,342,train
10721,568940264020004864,negative,10721,train
11350,568175505314336768,negative,11350,train
14510,569605359406485504,negative,14510,train
11128,568491035564879872,negative,11128,train
13529,569840848764059648,negative,13529,train
3256,568567048801906688,positive,3256,train
9063,570258209534922752,negative,9063,train
9208,570063683256242177,negative,9208,train
13717,569737397350461440,negative,13717,train
13518,569843485911560192,negative,13518,train
735,570109851709218816,positive,735,train
12754,570036327825195008,negative,12754,train
6094,568240355772108800,positive,6094,train
10149,569522479049400320,negative,10149,train
12691,570060687164067840,negative,12691,train
9667,569734868344684544,negative,9667,train
12921,569980358206361601,negative,12921,train
3638,568215154569166848,positive,3638,train
10354,569356513061556225,negative,10354,train
9813,569654319391354880,negative,9813,train
9951,569602817633222656,negative,9951,train
14228,569650542995116033,negative,14228,train
9573,569870248779902976,negative,9573,train
11204,568436081303158784,positive,11204,train
12403,570201172985974784,negative,12403,train
12136,570279220502511617,negative,12136,train
11479,568079633998086144,negative,11479,train
10534,569219405852377090,negative,10534,train
4892,569667787829809152,positive,4892,train
13477,569853327359516672,negative,13477,train
10915,568786315820470272,positive,10915,train
13905,569692168165527552,negative,13905,train
8294,568524724256444416,positive,8294,train
12607,570088600949411840,negative,12607,train
14129,569663701017624576,negative,14129,train
11408,568137336095170560,negative,11408,train
11019,568608132731154432,negative,11019,train
8383,568432405482229760,positive,8383,train
2331,569257818789978113,positive,2331,train
6037,568426007583170560,positive,6037,train
9272,570013472093642752,negative,9272,train
4361,570288380384292864,positive,4361,train
14561,569599116403036160,negative,14561,train
11579,567915852260978688,negative,11579,train
9554,569880100218544128,negative,9554,train
3618,568231529823891456,positive,3618,train
12554,570108519237558272,positive,12554,train
11380,568159483786084352,negative,11380,train
5867,568535948042104832,positive,5867,train
6134,568192010789777408,positive,6134,train
9126,570197883716300800,negative,9126,train
9096,570226365410230272,negative,9096,train
13478,569852965315584000,negative,13478,train
758,570095499287506946,positive,758,train
14473,569610485101768704,negative,14473,train
11379,568160713170149376,positive,11379,train
13786,569717866611630081,positive,13786,train
14178,569658322413965312,negative,14178,train
10391,569337230935724032,negative,10391,train
12524,570128126480674816,negative,12524,train
8581,568149912665198592,positive,8581,train
13228,569911005557338113,positive,13228,train
14014,569677563334942720,negative,14014,train
11631,567860351569649664,negative,11631,train
6648,567745845781864449,positive,6648,train
9595,569849295786127360,negative,9595,train
9329,569983587572789248,negative,9329,train
10326,569369390178799616,negative,10326,train
7880,569121160149012480,positive,7880,train
9942,569605521050898433,negative,9942,train
13006,569962134328778752,negative,13006,train
12955,569973945270546432,negative,12955,train
3264,568564006329434113,positive,3264,train
9049,570269976042573824,negative,9049,train
13402,569871411843461121,negative,13402,train
9242,570033554492690432,negative,9242,train
9645,569758821310017536,negative,9645,train
4899,569667238808068098,positive,4899,train
7236,569851813706539009,positive,7236,train
10841,568833409138745344,negative,10841,train
10770,568894101766012929,negative,10770,train
10323,569371693602476032,negative,10323,train
9714,569700068476866560,positive,9714,train
9327,569984178764308480,positive,9327,train
10650,569013921660731393,negative,10650,train
14495,569606926234824704,negative,14495,train
2549,569093984640995328,positive,2549,train
13790,569717037464838144,positive,13790,train
7639,569479404428120064,positive,7639,train
11404,568139144515313664,negative,11404,train
12997,569964335038124033,negative,12997,train
12585,570097483432337408,negative,12585,train
12175,570269633778855936,negative,12175,train
5158,569296707982221312,positive,5158,train
1793,569581977889869825,positive,1793,train
308,568802396907835393,positive,308,train
9836,569647082870415361,negative,9836,train
14418,569618884577218560,negative,14418,train
14516,569604674715693057,negative,14516,train
5869,568533372709908480,positive,5869,train
4375,570282333892251648,positive,4375,train
4631,569974710915571712,positive,4631,train
11071,568538553862340608,negative,11071,train
13374,569879696093126656,negative,13374,train
11926,570296986827694080,negative,11926,train
9569,569870657246404608,negative,9569,train
13607,569802164060557312,negative,13607,train
235,569200619430420480,positive,235,train
11562,568002085888897025,negative,11562,train
13119,569935980129447936,negative,13119,train
11869,567721945954009088,negative,11869,train
9190,570077991436484609,negative,9190,train
14148,569661464509861888,negative,14148,train
9526,569891350302367745,negative,9526,train
12086,570296996445204480,negative,12086,train
11273,568250311455981570,negative,11273,train
10054,569556399585402880,negative,10054,train
4940,569626122578726913,positive,4940,train
13244,569907544124219392,positive,13244,train
14287,569641810571763712,negative,14287,train
4651,569957516748066817,positive,4651,train
9692,569716646165778432,negative,9692,train
13153,569927042931814400,negative,13153,train
10255,569450700532535296,negative,10255,train
12013,570269774594224128,negative,12013,train
6267,568086667258679296,positive,6267,train
3048,568773648724525056,positive,3048,train
12571,570101194678517761,negative,12571,train
9830,569649203753791488,negative,9830,train
13360,569881701247291393,negative,13360,train
12278,570244934634090496,negative,12278,train
10572,569170176165478401,negative,10572,train
8010,568877772828880896,positive,8010,train
12109,570287747643998208,negative,12109,train
12516,570133621870174209,negative,12516,train
12507,570139364178530304,negative,12507,train
13328,569889440753172481,negative,13328,train
8999,570293289045364736,positive,8999,train
14078,569670286418841603,positive,14078,train
13974,569683456990580736,negative,13974,train
12847,570001418825949185,negative,12847,train
12703,570056002692710400,positive,12703,train
11158,568472783354773504,negative,11158,train
10638,569064161747083266,negative,10638,train
11612,567880416201293824,negative,11612,train
13818,569710446112067584,negative,13818,train
9542,569884052758659072,negative,9542,train
12698,570057809037008896,negative,12698,train
6772,570288803849637888,positive,6772,train
10020,569567629083430912,negative,10020,train
10866,568813649336381440,negative,10866,train
11645,567851387641597952,negative,11645,train
1047,569953411988369408,positive,1047,train
11766,567771225104338944,negative,11766,train
12199,570264550458695680,positive,12199,train
10518,569234806543929344,negative,10518,train
12033,569600137296633856,positive,12033,train
12466,570177331358076929,negative,12466,train
7479,569576074050473984,positive,7479,train
14466,569611721054162945,negative,14466,train
9452,569930292024221696,negative,9452,train
12908,569983093341347842,negative,12908,train
13270,569899646509666304,negative,13270,train
11700,567808567580041216,negative,11700,train
7219,569877622869663744,positive,7219,train
13863,569699607707398146,negative,13863,train
14615,569591533617307648,negative,14615,train
7046,569947618413031424,positive,7046,train
10849,568825140898873344,positive,10849,train
14008,569678154152828928,negative,14008,train
1253,569865190822572033,positive,1253,train
358,568491256508231680,positive,358,train
13021,569958485913243648,negative,13021,train
11533,568037876761546753,positive,11533,train
9797,569661154638872576,negative,9797,train
8453,568243600196296704,positive,8453,train
12387,570205917024628736,positive,12387,train
4886,569668677731274752,positive,4886,train
13211,569914468404035584,negative,13211,train
11356,568173724974878720,negative,11356,train
12938,569975659730051072,negative,12938,train
246,569176777056079874,positive,246,train
9781,569669921258409985,negative,9781,train
13964,569684864141824000,negative,13964,train
3282,568556636068921344,positive,3282,train
13159,569925362471211008,negative,13159,train
13150,569927843666366464,negative,13150,train
11101,568505005633880064,negative,11101,train
13065,569948646717812736,positive,13065,train
5769,568621312622657536,positive,5769,train
14444,569615514928074752,negative,14444,train
11638,567859008230563840,negative,11638,train
2583,569023489492955136,positive,2583,train
5705,568791283575201792,positive,5705,train
11036,568594726317887488,negative,11036,train
14426,569617808885096448,negative,14426,train
9159,570098159076171776,positive,9159,train
9075,570248242853773312,positive,9075,train
8420,568394078817267712,positive,8420,train
9270,570013961808187393,negative,9270,train
4614,569978748780421121,positive,4614,train
13827,569707409985445889,positive,13827,train
13224,569911528368926720,negative,13224,train
11213,568422177571258368,negative,11213,train
11573,567923103080275968,negative,11573,train
10348,569358953567670272,negative,10348,train
9852,569639784819372032,negative,9852,train
8049,568836750598123521,positive,8049,train
12932,569977357055864832,negative,12932,train
12548,570115339515592704,negative,12548,train
11398,568141479132200960,negative,11398,train
13010,569961302338072576,positive,13010,train
8926,567739036425805824,positive,8926,train
12197,570264740817010689,positive,12197,train
10132,569526029859094528,negative,10132,train
14570,569597885446270976,negative,14570,train
12021,570267608773054464,negative,12021,train
13929,569690131235340288,negative,13929,train
12694,570058070224728064,negative,12694,train
13688,569746542275354625,negative,13688,train
10800,568863902106320896,negative,10800,train
7541,569538135916351489,positive,7541,train
14141,569661901468270592,negative,14141,train
1387,569747706047934464,positive,1387,train
14062,569672361890295808,positive,14062,train
11699,567808843373105152,negative,11699,train
2351,569249493264289793,positive,2351,train
1343,569808684252942336,positive,1343,train
10254,569451523878420480,negative,10254,train
4530,570061334898872321,positive,4530,train
13548,569835766416867328,negative,13548,train
148,569596445680115712,positive,148,train
9436,569938672935546880,negative,9436,train
1662,569631508379664384,positive,1662,train
11717,567801274293563393,negative,11717,train
11521,568053728944791552,negative,11521,train
12962,569972985521532929,negative,12962,train
11851,567728386014183424,negative,11851,train
9418,569943857418399746,negative,9418,train
7284,569691489179021312,positive,7284,train
5395,569148485519462400,positive,5395,train
2279,569278858123300864,positive,2279,train
11635,567859888480772096,negative,11635,train
10455,569287724471066625,positive,10455,train
11787,567759874403344384,negative,11787,train
7593,569521778797744128,positive,7593,train
10426,569316342769291264,negative,10426,train
3056,568761425029668864,positive,3056,train
10777,568883826333777920,negative,10777,train
10549,569192350607671297,negative,10549,train
14057,569673044802854912,negative,14057,train
10450,569289836995190784,positive,10450,train
9444,569935639539425280,negative,9444,train
272,568911350656675841,positive,272,train
13683,569749507623120897,negative,13683,train
10873,568809369678315521,negative,10873,train
6733,567713338873118722,positive,6733,train
10843,568826425538519041,negative,10843,train
10372,569345132866220032,negative,10372,train
2789,568899516872568832,positive,2789,train
401,568204964742496256,positive,401,train
13005,569962494283919360,negative,13005,train
455,567858317831249920,positive,455,train
10876,568808397660774401,negative,10876,train
9553,569880207911460864,negative,9553,train
5878,568524407850688512,positive,5878,train
13739,569729821397291008,negative,13739,train
3657,568204042964332544,positive,3657,train
12950,569974508435562496,negative,12950,train
10062,569553488885243904,negative,10062,train
3020,568795791445209088,positive,3020,train
13771,569720084484083712,positive,13771,train
9731,569690010531680256,negative,9731,train
5811,568579873926746112,positive,5811,train
8604,568124733851443200,positive,8604,train
5670,568823099182985216,positive,5670,train
11265,568258075431477248,negative,11265,train
11424,568127477555441664,negative,11424,train
12736,570042155634450433,negative,12736,train
10957,568760866088337409,negative,10957,train
3959,567918545046081537,positive,3959,train
12232,570257336465387521,negative,12232,train
10108,569533663211356161,negative,10108,train
12530,570123386925539329,negative,12530,train
9892,569624021605740545,negative,9892,train
13317,569890836361580544,negative,13317,train
13476,569853568200503296,negative,13476,train
10395,569333934670139392,positive,10395,train
13107,569938864028012544,positive,13107,train
7563,569530159247826944,positive,7563,train
8677,568039128001937408,positive,8677,train
10377,569343160062742528,negative,10377,train
12318,570234676494757888,negative,12318,train
1239,569870819582586880,positive,1239,train
11938,570291157340704769,positive,11938,train
9888,569625599570014209,negative,9888,train
9876,569628521666117632,negative,9876,train
3824,568096772939067392,positive,3824,train
11729,567791526370365440,negative,11729,train
11272,568251315220041728,negative,11272,train
8942,567730696656273408,positive,8942,train
4287,567733177590874114,positive,4287,train
8818,567821528424845312,positive,8818,train
9709,569703468736376832,negative,9709,train
8870,567783456420012032,positive,8870,train
2264,569287433008754688,positive,2264,train
10227,569480594419281920,negative,10227,train
10203,569492106923806720,negative,10203,train
10012,569575176322424832,negative,10012,train
4552,570034301774884865,positive,4552,train
3625,568228124263124992,positive,3625,train
14351,569629822789365761,negative,14351,train
10039,569559847131164672,negative,10039,train
12825,570006834674835456,positive,12825,train
7468,569580460843651072,positive,7468,train
13706,569740409787658240,negative,13706,train
5862,568539193669914626,positive,5862,train
9347,569971550008573953,negative,9347,train
13102,569940147615113216,negative,13102,train
8038,568846033997803520,positive,8038,train
10151,569519918833643521,negative,10151,train
5501,568944054303625217,positive,5501,train
14470,569611217301450752,negative,14470,train
9334,569980771424976896,negative,9334,train
12678,570064554232688640,negative,12678,train
12407,570198522911436800,negative,12407,train
5849,568549781502496768,positive,5849,train
12907,569983373378252800,negative,12907,train
10918,568783658150191104,negative,10918,train
11980,570278644918194176,negative,11980,train
12285,570242420643917824,negative,12285,train
9502,569903376583913472,positive,9502,train
13977,569683041578192896,positive,13977,train
10629,569108027644645376,negative,10629,train
4053,567848852943953920,positive,4053,train
12412,570196007243395073,negative,12412,train
10881,568806267940048896,positive,10881,train
10546,569198480226439168,negative,10546,train
6096,568238379847921665,positive,6096,train
10471,569269757293293568,negative,10471,train
12688,570060846241611777,positive,12688,train
4558,570024300905783296,positive,4558,train
13486,569851241922207746,negative,13486,train
12461,570178966725767168,negative,12461,train
12027,569842758967386112,negative,12027,train
7861,569157073906176000,positive,7861,train
12671,570068393736302594,positive,12671,train
3507,568355672225673216,positive,3507,train
9985,569591310589431808,negative,9985,train
369,568460512553353216,positive,369,train
14061,569672807715463168,negative,14061,train
7787,569244956663148544,positive,7787,train
10253,569454891644674049,negative,10253,train
5826,568570374335524865,positive,5826,train
14498,569606374591746050,negative,14498,train
11354,568174847450329088,negative,11354,train
14265,569644168584105984,negative,14265,train
5632,568849058523033601,positive,5632,train
12779,570027031326535680,negative,12779,train
11268,568255924130983936,negative,11268,train
6597,567764034418909186,positive,6597,train
12621,570085896319401984,positive,12621,train
9993,569586372866150400,negative,9993,train
12371,570216606057541632,negative,12371,train
2941,568822440631144448,positive,2941,train
13054,569950980638412800,negative,13054,train
6466,567830740373868544,positive,6466,train
12793,570019099268358144,negative,12793,train
1877,569539834131443712,positive,1877,train
12708,570052545298759680,negative,12708,train
9801,569659646916440065,positive,9801,train
10710,568958322306650113,negative,10710,train
14192,569656727995600896,negative,14192,train
10385,569338658295193600,negative,10385,train
13559,569831418412429312,negative,13559,train
10567,569176528338202624,positive,10567,train
1765,569596089625661440,positive,1765,train
12817,570009017625526273,negative,12817,train
13243,569907965223763970,negative,13243,train
4537,570053254836416512,positive,4537,train
6017,568434328943915009,positive,6017,train
9910,569620355783925760,negative,9910,train
4285,567733609130233856,positive,4285,train
11271,568252192592769025,negative,11271,train
10544,569198999904886784,negative,10544,train
2346,569250623427780608,positive,2346,train
10161,569513151517073408,positive,10161,train
14033,569675608969465856,negative,14033,train
607,570252965392592896,positive,607,train
13735,569730801480245248,negative,13735,train
11616,567874275388043264,positive,11616,train
9680,569721604315312129,negative,9680,train
2450,569199095505690624,positive,2450,train
1762,569598047593713665,positive,1762,train
12169,570270776370311168,negative,12169,train
10758,568902736462262272,negative,10758,train
11888,570306715599695874,negative,11888,train
14244,569646854402486272,negative,14244,train
10499,569248250424918021,negative,10499,train
4987,569576038289711104,positive,4987,train
11489,568075902493593600,negative,11489,train
9472,569918035097731072,positive,9472,train
14315,569636003473793024,negative,14315,train
7720,569308292893290496,positive,7720,train
9184,570079508797243392,negative,9184,train
4665,569951879825907713,positive,4665,train
10399,569330686135537664,negative,10399,train
13470,569855205187190784,negative,13470,train
13080,569944699877724160,negative,13080,train
14578,569596502558920707,negative,14578,train
4198,567782895306412032,positive,4198,train
12044,570307434113310720,negative,12044,train
9447,569934782643224576,negative,9447,train
11546,568027698452426752,positive,11546,train
10686,568977167410802688,negative,10686,train
13085,569942287318458369,positive,13085,train
12188,570267037911670784,negative,12188,train
6624,567753194546421760,positive,6624,train
12127,570281470507352064,negative,12127,train
9591,569856874604048385,negative,9591,train
4600,569989007532142592,positive,4600,train
13664,569764275700375552,negative,13664,train
12428,570191763731841024,positive,12428,train
3753,568149600403660800,positive,3753,train
13775,569719540520628224,negative,13775,train
11147,568481179646758913,negative,11147,train
11778,567763697230438400,negative,11778,train
10660,568997394345533440,negative,10660,train
14349,569630229636853761,negative,14349,train
13134,569933008217755648,positive,13134,train
2762,568916446710857728,positive,2762,train
5728,568773575705899008,positive,5728,train
12796,570017905879986176,negative,12796,train
13323,569890213570457600,positive,13323,train
13218,569912835871879168,negative,13218,train
13075,569946475163033600,positive,13075,train
5186,569273230579478529,positive,5186,train
12966,569972513721229312,negative,12966,train
6789,570276843812732928,positive,6789,train
13158,569925680168726529,positive,13158,train
11478,568079676612087808,negative,11478,train
9620,569815061440679937,negative,9620,train
11747,567781227537915906,negative,11747,train
11796,567755542362591233,negative,11796,train
8899,567766269810581505,positive,8899,train
12787,570021682569555968,negative,12787,train
10113,569532793530785792,negative,10113,train
10524,569226857272516608,positive,10524,train
11466,568088650430468096,negative,11466,train
14423,569618056605016064,positive,14423,train
1677,569627778892443648,positive,1677,train
11062,568548629432004609,positive,11062,train
5858,568542364207325185,positive,5858,train
11942,570290220589027328,negative,11942,train
11639,567858957546561536,negative,11639,train
12207,570263448828780547,positive,12207,train
9313,569988987420434432,negative,9313,train
13593,569814855349346304,positive,13593,train
9972,569596783011217408,negative,9972,train
886,570036932270358528,positive,886,train
4475,570220817470115840,positive,4475,train
11661,567842439911858176,negative,11661,train
13140,569931363505315840,negative,13140,train
13111,569937998806011905,negative,13111,train
5686,568807451249627136,positive,5686,train
13945,569688201222160385,negative,13945,train
13841,569703802783145984,negative,13841,train
9087,570236313393373186,negative,9087,train
9410,569946740855582722,negative,9410,train
11495,568070522908442625,negative,11495,train
9611,569825936788598786,negative,9611,train
10126,569528105557053442,negative,10126,train
437,568064123621093377,positive,437,train
13204,569915039114661888,negative,13204,train
4465,570228904469725184,positive,4465,train
14483,569608446586200064,negative,14483,train
14519,569604453462110208,negative,14519,train
11095,568510886324744193,negative,11095,train
13161,569925291331735552,negative,13161,train
11058,568552167122055168,negative,11058,train
9088,570235676916117504,negative,9088,train
7978,568910753652199424,positive,7978,train
10903,568790707470790656,negative,10903,train
9875,569629346777968640,negative,9875,train
10728,568935494375108608,negative,10728,train
12926,569978298765344769,negative,12926,train
12102,570290334158225408,positive,12102,train
2905,568835255722860544,positive,2905,train
277,568890074164809728,positive,277,train
14372,569625607476158465,negative,14372,train
9383,569960704717008896,negative,9383,train
10029,569564566272811008,negative,10029,train
12496,570146467542933505,negative,12496,train
4286,567733228690083841,positive,4286,train
7128,569927792781086720,positive,7128,train
11551,568018287302447104,positive,11551,train
12934,569976628220182529,negative,12934,train
10409,569326191213219841,negative,10409,train
13463,569857209745584129,positive,13463,train
9495,569906167947898880,negative,9495,train
11722,567799412538494976,negative,11722,train
13450,569860221755117568,negative,13450,train
9952,569602407417692162,negative,9952,train
11080,568527545097805824,negative,11080,train
9642,569759259480600577,negative,9642,train
9618,569817051482726400,negative,9618,train
7293,569685096527056896,positive,7293,train
11351,568175323470290944,positive,11351,train
12122,570282555057909760,negative,12122,train
8922,567743028215836672,positive,8922,train
13543,569837191540551680,negative,13543,train
10601,569139808804605953,negative,10601,train
4543,570046710870728704,positive,4543,train
10072,569547921189933056,negative,10072,train
11593,567904438834167809,negative,11593,train
9415,569944996616351746,negative,9415,train
8196,568619425886121985,positive,8196,train
7712,569320520728113152,positive,7712,train
10288,569391350879137792,negative,10288,train
12020,570267902726803456,negative,12020,train
9789,569666926294798338,negative,9789,train
11084,568523003778084864,negative,11084,train
7920,568976617453658113,positive,7920,train
13547,569835918955143168,negative,13547,train
11784,567761144190746625,positive,11784,train
3142,568643928720850944,positive,3142,train
9443,569935818783125504,negative,9443,train
11124,568491813528576000,negative,11124,train
11035,568595632140775424,negative,11035,train
9206,570067865946234883,negative,9206,train
12265,570248011621609472,negative,12265,train
412,568146157534367744,positive,412,train
9506,569899859161026560,negative,9506,train
13774,569719693780496384,negative,13774,train
11617,567874261085454338,negative,11617,train
8628,568098794031714304,positive,8628,train
10576,569167658698067970,negative,10576,train
9558,569878754551599104,negative,9558,train
14554,569600295833116672,negative,14554,train
8285,568531076915662848,positive,8285,train
13357,569882830328569856,negative,13357,train
11406,568138663864852481,negative,11406,train
14116,569664787946164224,negative,14116,train
5349,569173103009525760,positive,5349,train
9404,569948356933332992,negative,9404,train
9543,569883910735159297,negative,9543,train
6283,568082817562898432,positive,6283,train
6337,568051605247021056,positive,6337,train
13436,569864791323320320,negative,13436,train
10877,568807947423375360,negative,10877,train
10992,568633802433507329,negative,10992,train
10193,569495613173309441,negative,10193,train
14245,569646827567501312,positive,14245,train
12404,570199974719455232,negative,12404,train
421,568120102660341760,positive,421,train
9125,570199481943261184,negative,9125,train
5889,568513003307429888,positive,5889,train
9318,569986344484794369,negative,9318,train
113,569872058613673984,positive,113,train
7647,569447456896917505,positive,7647,train
12883,569992602025644034,negative,12883,train
11611,567881096647569408,positive,11611,train
11469,568087284483928064,negative,11469,train
10172,569507632509267968,negative,10172,train
13346,569884754281046016,negative,13346,train
14383,569623364337168384,positive,14383,train
8985,570302023968694272,positive,8985,train
10364,569351289026568192,negative,10364,train
13110,569938319024332801,negative,13110,train
13948,569687399426617344,negative,13948,train
10207,569489753332191232,negative,10207,train
13530,569839807787958273,negative,13530,train
11844,567729325810917377,negative,11844,train
1840,569560633957609472,positive,1840,train
12335,570226414525542400,negative,12335,train
9827,569649590632374273,negative,9827,train
8343,568464487931613185,positive,8343,train
12551,570112074249928704,negative,12551,train
12808,570014602903339008,positive,12808,train
11476,568080349286301697,negative,11476,train
10779,568882629409411072,positive,10779,train
9757,569680782622633984,negative,9757,train
12289,570241070577139713,negative,12289,train
9906,569621412325023744,negative,9906,train
12995,569964670531973120,positive,12995,train
13860,569700252321755137,negative,13860,train
9176,570083548364992512,negative,9176,train
11481,568079024943194112,negative,11481,train
14544,569601354118905859,negative,14544,train
12852,570000777768345600,negative,12852,train
10264,569431884217909248,negative,10264,train
2819,568884211739971584,positive,2819,train
8554,568171002208886784,positive,8554,train
12922,569979612865925120,positive,12922,train
12537,570122183072092160,negative,12537,train
4336,570302532955844608,positive,4336,train
11004,568622478081306624,negative,11004,train
5305,569206711443181569,positive,5305,train
10719,568947358349701120,negative,10719,train
14215,569652313813430273,negative,14215,train
6131,568193603954085888,positive,6131,train
10769,568894795294363648,negative,10769,train
9851,569640574971715584,negative,9851,train
11316,568216411404808192,negative,11316,train
9792,569665202616020992,negative,9792,train
10009,569577696793006080,negative,10009,train
3563,568266347450273793,positive,3563,train
10503,569245155837882368,negative,10503,train
313,568791035297468416,positive,313,train
13581,569821145697890304,negative,13581,train
8940,567731944151322626,positive,8940,train
1150,569913736774823936,positive,1150,train
13002,569962905493315585,negative,13002,train
13059,569949946146742272,positive,13059,train
13614,569799325175275520,negative,13614,train
14549,569600927394631680,negative,14549,train
11725,567794202730577920,negative,11725,train
10019,569568612215865344,negative,10019,train
7732,569300264349364224,positive,7732,train
7597,569517479296409600,positive,7597,train
5099,569347122992185344,positive,5099,train
9638,569759558777892864,negative,9638,train
12322,570232494034964481,negative,12322,train
9353,569970659297792000,positive,9353,train
10116,569532394455359488,negative,10116,train
10439,569305239834136576,negative,10439,train
9100,570223944260849664,negative,9100,train
3103,568675083314552832,positive,3103,train
12898,569986978684362753,negative,12898,train
9372,569967469135142914,negative,9372,train
13485,569851855917830145,negative,13485,train
11809,567745702231830529,negative,11809,train
9597,569848398129565696,negative,9597,train
12550,570114451120074752,negative,12550,train
12601,570092218058346496,negative,12601,train
8523,568192942088843264,positive,8523,train
3730,568165907975053312,positive,3730,train
12894,569988479540695040,negative,12894,train
13062,569949017674809344,negative,13062,train
8066,568818695562260481,positive,8066,train
11352,568175282919739392,negative,11352,train
12687,570061921145065473,negative,12687,train
12588,570097189617143808,negative,12588,train
11126,568491460250742784,negative,11126,train
10434,569310913079214080,negative,10434,train
12794,570018532727103489,negative,12794,train
9446,569935522497478656,negative,9446,train
5558,568894341243998208,positive,5558,train
10059,569555413450027011,negative,10059,train
11202,568438645591384064,negative,11202,train
11858,567726594698264576,negative,11858,train
11459,568102228587884545,negative,11459,train
14326,569633221748637696,negative,14326,train
11182,568451219477250048,negative,11182,train
4927,569644310045417472,positive,4927,train
11452,568106054283882496,negative,11452,train
12826,570006830405046272,negative,12826,train
2482,569175138349887488,positive,2482,train
10315,569373631999926272,negative,10315,train
5985,568446450700558336,positive,5985,train
10453,569289098944507904,positive,10453,train
7705,569330782537437184,positive,7705,train
13679,569753555181006848,negative,13679,train
773,570086399627685888,positive,773,train
13160,569925308368883713,negative,13160,train
6263,568087881387884544,positive,6263,train
11848,567728860629057537,negative,11848,train
11317,568216196132302848,negative,11317,train
8094,568798045799784448,positive,8094,train
9145,570119853312311296,positive,9145,train
9303,569992532123258881,negative,9303,train
9655,569757234260942848,negative,9655,train
13090,569942011916259330,negative,13090,train
11822,567735337246806016,negative,11822,train
12284,570242829294960640,negative,12284,train
10922,568781642946490368,negative,10922,train
12682,570063648468688899,negative,12682,train
10077,569545779079094272,negative,10077,train
8860,567794802394406912,positive,8860,train
189,569304436612444160,positive,189,train
12437,570187686213918721,negative,12437,train
11523,568053414682361856,negative,11523,train
12460,570179236633432065,negative,12460,train
9299,569993444342534144,negative,9299,train
10648,569015379021795328,negative,10648,train
2228,569306599577112577,positive,2228,train
10597,569144026084962305,negative,10597,train
11475,568081401053974528,negative,11475,train
9498,569905773276307457,negative,9498,train
690,570183702224834560,positive,690,train
9746,569683278715883523,negative,9746,train
11917,570298644475346945,negative,11917,train
9175,570083761582428160,negative,9175,train
12045,570307390752608257,negative,12045,train
14363,569627200133197824,positive,14363,train
9442,569936213760716801,negative,9442,train
13185,569919092540510208,positive,13185,train
14321,569634454924357632,negative,14321,train
10230,569477458023616512,negative,10230,train
908,570020852210774016,positive,908,train
9860,569635391965405184,negative,9860,train
3279,568558135637463040,positive,3279,train
11106,568500854082420737,negative,11106,train
8574,568155933832044544,positive,8574,train
10060,569555411998613505,negative,10060,train
14284,569641915114659840,negative,14284,train
12772,570031138913329152,negative,12772,train
10330,569367829188886528,negative,10330,train
12119,570283544125288448,negative,12119,train
9337,569977263191662595,negative,9337,train
9809,569656088817233921,negative,9809,train
9848,569641916855402496,negative,9848,train
6371,567907935331971072,positive,6371,train
6652,567744219281129473,positive,6652,train
11172,568458157703499776,negative,11172,train
11166,568465174702772226,positive,11166,train
12081,570298117544906754,negative,12081,train
8993,570295658185408512,positive,8993,train
3659,568203785996263424,positive,3659,train
13708,569740152966238208,negative,13708,train
10711,568957769858060290,negative,10711,train
12611,570087950156898305,negative,12611,train
8472,568219452929662976,positive,8472,train
14551,569600694388445184,negative,14551,train
8924,567740211384168448,positive,8924,train
14291,569641587766009856,negative,14291,train
7829,569222694778105857,positive,7829,train
13555,569832383991525377,negative,13555,train
13891,569694483769659392,negative,13891,train
9998,569584207011434497,negative,9998,train
4958,569606089316167680,positive,4958,train
13624,569793460414189568,negative,13624,train
9690,569716908787933184,negative,9690,train
14409,569620433869217792,negative,14409,train
9333,569980923179094016,positive,9333,train
13746,569727727881682944,negative,13746,train
11148,568480476803035137,negative,11148,train
5420,569108013547687936,positive,5420,train
11613,567878696356433920,negative,11613,train
9043,570272154635374592,negative,9043,train
13180,569919793572261888,negative,13180,train
13014,569960303514923009,negative,13014,train
14194,569656230769262592,positive,14194,train
12574,570100829396406272,positive,12574,train
12879,569992886256832512,negative,12879,train
12758,570034112863608832,negative,12758,train
14627,569588816438169600,negative,14627,train
11508,568063122755485696,negative,11508,train
11503,568064178478571520,negative,11503,train
13800,569715065202577408,positive,13800,train
3877,568058934428372992,positive,3877,train
4566,570012094570958850,positive,4566,train
11446,568111010856480768,negative,11446,train
14142,569661852235509762,negative,14142,train
9380,569961117235191809,negative,9380,train
14157,569660166959865856,negative,14157,train
12897,569987992858836992,negative,12897,train
13451,569860103341518849,negative,13451,train
12644,570078022201532419,negative,12644,train
11650,567849102731526144,negative,11650,train
11300,568228614275260416,negative,11300,train
10610,569126921096859648,negative,10610,train
11048,568569906201038848,negative,11048,train
12076,570298744723415040,positive,12076,train
6840,570204309041893376,positive,6840,train
10001,569583698640818176,negative,10001,train
12710,570051834188075008,positive,12710,train
7579,569526493023498240,positive,7579,train
14176,569658686999818241,negative,14176,train
11020,568607755042484224,negative,11020,train
12184,570267562623152128,negative,12184,train
12525,570127035890184192,negative,12525,train
13582,569820671234060288,negative,13582,train
12124,570281958556610560,negative,12124,train
13432,569865022031015937,negative,13432,train
9217,570057520162721792,negative,9217,train
193,569298165855338497,positive,193,train
3440,568437450927955969,positive,3440,train
14214,569652478020489216,negative,14214,train
13666,569762940816990208,negative,13666,train
11748,567781176375803905,negative,11748,train
12618,570086488324485121,negative,12618,train
4022,567869009661665280,positive,4022,train
12490,570158980611350528,negative,12490,train
10491,569253430100946944,positive,10491,train
13568,569827699243544576,negative,13568,train
11502,568064947214782464,negative,11502,train
12681,570064025918115840,negative,12681,train
13223,569911608278974465,negative,13223,train
12555,570106218825564161,negative,12555,train
13632,569787573725491200,negative,13632,train
10743,568913819881205761,negative,10743,train
2209,569315878828949504,positive,2209,train
2748,568921625715814401,positive,2748,train
9798,569661113593425920,negative,9798,train
11460,568100935769006080,negative,11460,train
347,568525368572817408,positive,347,train
14332,569631860885577729,negative,14332,train
11154,568474546275287040,negative,11154,train
12780,570026470741032961,negative,12780,train
10038,569560151100821504,negative,10038,train
6823,570227706140323840,positive,6823,train
13922,569690693888663552,negative,13922,train
13687,569747170741465088,negative,13687,train
9166,570085229576265728,negative,9166,train
10327,569369008580874240,negative,10327,train
12640,570079290953486338,negative,12640,train
5194,569263177784905729,positive,5194,train
1020,569962873209937920,positive,1020,train
9592,569854370726064132,negative,9592,train
14304,569638919131627522,negative,14304,train
13327,569889833297915904,negative,13327,train
8674,568041225174953985,positive,8674,train
7673,569359788120907776,positive,7673,train
9222,570054266267811840,positive,9222,train
11492,568073698877554689,negative,11492,train
11010,568618649751171072,negative,11010,train
254,569011849976348672,positive,254,train
3722,568168661732724736,positive,3722,train
891,570033309113131008,positive,891,train
9988,569588578159697920,negative,9988,train
11427,568123193577177089,negative,11427,train
12676,570065322369101824,negative,12676,train
9593,569852380327612416,negative,9593,train
10696,568968393765711874,negative,10696,train
9684,569719242427396096,negative,9684,train
10043,569558791433416704,negative,10043,train
12246,570252885809868801,negative,12246,train
12448,570182972554371072,negative,12448,train
9255,570020147827752961,negative,9255,train
10571,569171167174627328,negative,10571,train
10754,568905470502670336,negative,10754,train
324,568633361595412481,positive,324,train
843,570054647689322496,positive,843,train
9544,569883672679215104,negative,9544,train
12377,570214732067700736,negative,12377,train
12015,570269280748441601,negative,12015,train
12346,570223582380494848,positive,12346,train
8895,567768330624372736,positive,8895,train
6572,567774100299739138,positive,6572,train
9240,570037369841135616,positive,9240,train
11863,567725304958160896,negative,11863,train
6027,568429191546277888,positive,6027,train
14392,569621879633391616,negative,14392,train
6119,568211739059326976,positive,6119,train
12743,570040750412406784,positive,12743,train
10556,569188782492266496,negative,10556,train
11047,568569972529745920,negative,11047,train
14025,569676304154554368,positive,14025,train
3641,568214796514004992,positive,3641,train
9893,569624009354170369,negative,9893,train
11703,567805039583199235,negative,11703,train
10404,569328931905642496,negative,10404,train
13310,569891937924358145,negative,13310,train
9515,569895538910498817,negative,9515,train
5033,569508707178057728,positive,5033,train
7460,569586189776371712,positive,7460,train
10231,569475215832387584,negative,10231,train
9178,570083021099032576,negative,9178,train
6543,567788514952368129,positive,6543,train
9431,569939368598753280,negative,9431,train
13908,569691858365915136,negative,13908,train
6783,570280008557547520,positive,6783,train
4560,570017987349995521,positive,4560,train
10933,568776831006064640,negative,10933,train
12742,570040802845421568,negative,12742,train
11402,568139479237525505,negative,11402,train
13942,569688317412970496,positive,13942,train
12003,570271896887017472,positive,12003,train
14126,569663928701038592,negative,14126,train
13278,569897005297709057,negative,13278,train
7881,569118085245898752,positive,7881,train
9229,570048188830216192,negative,9229,train
10443,569300435091251200,negative,10443,train
13442,569863349737021440,positive,13442,train
14399,569621228048089088,negative,14399,train
13653,569769643864408064,negative,13653,train
2710,568947542899052544,positive,2710,train
12299,570240246719381504,negative,12299,train
12295,570240625536323585,negative,12295,train
13465,569857128988602368,negative,13465,train
5829,568567255291703298,positive,5829,train
10729,568933672033910784,positive,10729,train
14543,569601363799359488,negative,14543,train
13505,569846302663688192,negative,13505,train
14018,569676866824642561,negative,14018,train
12245,570253859412529152,positive,12245,train
11824,567734830800961537,negative,11824,train
9785,569668704524308480,negative,9785,train
12023,570267562623152128,negative,12023,train
14022,569676336635236352,positive,14022,train
13105,569939391277350912,positive,13105,train
234,569201943131738113,positive,234,train
13378,569878631322755072,negative,13378,train
14106,569665983113080832,negative,14106,train
5989,568443115415035904,positive,5989,train
14581,569596156927303681,negative,14581,train
13291,569895266670612480,negative,13291,train
10805,568861899435016192,positive,10805,train
1681,569626849183035392,positive,1681,train
6022,568432390957355008,positive,6022,train
5958,568458879220076545,positive,5958,train
13230,569910789651496960,negative,13230,train
14408,569620440613826561,negative,14408,train
6016,568434790707277824,positive,6016,train
5557,568894680881963008,positive,5557,train
10204,569491590105980929,positive,10204,train
9975,569596034059358208,negative,9975,train
8961,567680108002291712,positive,8961,train
11636,567859714169708544,negative,11636,train
10926,568780675672907776,negative,10926,train
5464,568971982554963969,positive,5464,train
9578,569869163029762048,positive,9578,train
13464,569857157778132993,negative,13464,train
11301,568226977070632960,negative,11301,train
9545,569883558749335552,negative,9545,train
6126,568202940839800832,positive,6126,train
3294,568547227527819264,positive,3294,train
14625,569589643487928321,positive,14625,train
12467,570177012360462336,negative,12467,train
11572,567923361256460288,negative,11572,train
12018,570268420140244992,negative,12018,train
13152,569927442657386496,negative,13152,train
9108,570217639584395264,positive,9108,train
9243,570030761539182592,negative,9243,train
9124,570203037823836160,negative,9124,train
12140,570278803399798784,negative,12140,train
11403,568139253194067968,negative,11403,train
11600,567896040982069249,negative,11600,train
10810,568857663171366912,negative,10810,train
14453,569613661045690368,negative,14453,train
10671,568994886336307200,negative,10671,train
4979,569586743831191552,positive,4979,train
11284,568244094583107585,negative,11284,train
10788,568875453773168640,negative,10788,train
9523,569893554753040386,negative,9523,train
9924,569613897516380160,negative,9924,train
11678,567822717665198080,negative,11678,train
10757,568903208015433728,negative,10757,train
4723,569900147343265792,positive,4723,train
10631,569103591966793728,negative,10631,train
3133,568649643187310593,positive,3133,train
1079,569935689292259328,positive,1079,train
13960,569685890349404160,negative,13960,train
13212,569914141814726657,negative,13212,train
10664,568996855566245889,positive,10664,train
11738,567786807224705027,negative,11738,train
12321,570233809129467905,negative,12321,train
14369,569626673034850304,negative,14369,train
13806,569714383971966976,negative,13806,train
14587,569595333899997185,negative,14587,train
12083,570297479029252097,negative,12083,train
9390,569958552493793280,negative,9390,train
14109,569665295381614594,negative,14109,train
10927,568780228648144896,negative,10927,train
10893,568795549211738113,negative,10893,train
11893,570306250442985473,negative,11893,train
1864,569545805826166784,positive,1864,train
14327,569632660831625216,negative,14327,train
11837,567730833998757890,negative,11837,train
3604,568238227791822850,positive,3604,train
3320,568528656584146944,positive,3320,train
264,568929979981033472,positive,264,train
1170,569907141596864514,positive,1170,train
9467,569921646057926656,negative,9467,train
5517,568928486188032000,positive,5517,train
9348,569971542538346496,negative,9348,train
11767,567769337256484864,negative,11767,train
14115,569664828911919104,negative,14115,train
5815,568575335148580864,positive,5815,train
8481,568214147025870848,positive,8481,train
13195,569916664130637825,negative,13195,train
12648,570075821127249920,negative,12648,train
12714,570049704618299392,negative,12714,train
12510,570137063716216832,negative,12510,train
12905,569983967467868161,negative,12905,train
4297,567729696662511616,positive,4297,train
2018,569473302940372992,positive,2018,train
11881,570307949614256128,negative,11881,train
10057,569555517502300160,negative,10057,train
14004,569678544869199872,negative,14004,train
13882,569696449111461888,positive,13882,train
13472,569854535608311809,positive,13472,train
10331,569366960871333889,negative,10331,train
12813,570011216313131008,negative,12813,train
11871,567719005713334276,negative,11871,train
4621,569976622054395904,positive,4621,train
10349,569357810867138560,negative,10349,train
10125,569528409723969537,negative,10125,train
11853,567728057700876288,negative,11853,train
4924,569644456376340480,positive,4924,train
10727,568935636318552064,positive,10727,train
14015,569677513539981313,negative,14015,train
9708,569703596914282496,negative,9708,train
13913,569691574625415168,negative,13913,train
10033,569562007671853056,negative,10033,train
5608,568868703762296832,positive,5608,train
5937,568470715009277952,positive,5937,train
10030,569563297164480513,negative,10030,train
9865,569633285288157184,negative,9865,train
13063,569948991569264640,positive,13063,train
9990,569588073438121984,negative,9990,train
11873,567712600772050945,negative,11873,train
13368,569880482109739009,negative,13368,train
12763,570033429816999936,negative,12763,train
13611,569800909942886400,negative,13611,train
14465,569611735696580611,negative,14465,train
12909,569983030108024833,negative,12909,train
11378,568161284249796608,positive,11378,train
8465,568237879337422848,positive,8465,train
9549,569882442129133568,negative,9549,train
12180,570268326250745856,negative,12180,train
11373,568163426343784448,positive,11373,train
12996,569964493066919936,positive,12996,train
12499,570146091141722112,negative,12499,train
10201,569492269000204288,negative,10201,train
11688,567818509650124800,negative,11688,train
12057,570305234838429696,negative,12057,train
11464,568094172508336128,positive,11464,train
7090,569938470824574976,positive,7090,train
10129,569527205291802624,positive,10129,train
10481,569262702301876224,negative,10481,train
10628,569108069893992448,negative,10628,train
10999,568626969983750145,negative,10999,train
11763,567775776582672384,negative,11763,train
10912,568788141236199424,negative,10912,train
11999,570272235639828480,negative,11999,train
10256,569443675194966016,negative,10256,train
9858,569637822929317890,negative,9858,train
6463,567831245260005376,positive,6463,train
13439,569864610016321536,negative,13439,train
3558,568270132956409857,positive,3558,train
7260,569722367343136768,positive,7260,train
2883,568848928466198530,positive,2883,train
9047,570270772746461186,negative,9047,train
12352,570222239603273729,negative,12352,train
10753,568908978001993729,negative,10753,train
7795,569238666654195714,positive,7795,train
13151,569927644575182849,positive,13151,train
9260,570019234505474049,negative,9260,train
13576,569822277145133056,positive,13576,train
11017,568609430754865152,negative,11017,train
10694,568969274410168321,negative,10694,train
12673,570066231757180928,negative,12673,train
9649,569758145020428288,negative,9649,train
14182,569657850856919041,negative,14182,train
13410,569869884164714498,negative,13410,train
14608,569592177312923650,negative,14608,train
2678,568958380032860160,positive,2678,train
10987,568635173216133120,positive,10987,train
6257,568092489011236864,positive,6257,train
13394,569874098035142656,negative,13394,train
10124,569528410684461057,negative,10124,train
6067,568361830160175104,positive,6067,train
13046,569952247641198593,negative,13046,train
782,570082960700870656,positive,782,train
11998,570272880556011520,positive,11998,train
6339,568050804101410816,positive,6339,train
11437,568115611814858752,negative,11437,train
13417,569868115481395201,negative,13417,train
14328,569632618460753921,negative,14328,train
10627,569108474233270273,negative,10627,train
9740,569685606202093570,negative,9740,train
10760,568902192364548097,negative,10760,train
11090,568516267440631808,negative,11090,train
6970,569978537953902592,positive,6970,train
10347,569359025655181312,negative,10347,train
11283,568244413031448577,negative,11283,train
1538,569673939183493120,positive,1538,train
7376,569633562879619073,positive,7376,train
12130,570280641771790336,positive,12130,train
11448,568108522313015296,negative,11448,train
5134,569316487447621632,positive,5134,train
13315,569891023335387136,negative,13315,train
11679,567822117237170178,negative,11679,train
9685,569718807939428354,negative,9685,train
2329,569258013950808064,positive,2329,train
8725,567899906150703104,positive,8725,train
14467,569611581920808960,negative,14467,train
12730,570043199596531712,negative,12730,train
7294,569684947151093760,positive,7294,train
2070,569392315409829888,positive,2070,train
10517,569236665950203904,negative,10517,train
9394,569956147433574401,positive,9394,train
14309,569638240233390081,negative,14309,train
13100,569940582572945409,negative,13100,train
11288,568239978276360192,positive,11288,train
13342,569885201293307905,positive,13342,train
10498,569248672606597121,negative,10498,train
11171,568459150444769281,positive,11171,train
14226,569650859371405312,negative,14226,train
13015,569959876706885632,negative,13015,train
9752,569682228269068288,negative,9752,train
13820,569709973963468801,negative,13820,train
6682,567735489688395776,positive,6682,train
6431,567863197341847552,positive,6431,train
13296,569894963665707010,negative,13296,train
1021,569962245620248576,positive,1021,train
9710,569702495926267905,negative,9710,train
10980,568641157724549120,negative,10980,train
8847,567802194155565056,positive,8847,train
10396,569332399471001600,negative,10396,train
11043,568583014176960513,negative,11043,train
9679,569721779645767680,positive,9679,train
10252,569456828511326208,negative,10252,train
10365,569351224274718720,negative,10365,train
9882,569627079458865153,negative,9882,train
9722,569697267856187392,negative,9722,train
8622,568102992110465025,positive,8622,train
9782,569669815205560320,negative,9782,train
10569,569174820308590592,negative,10569,train
1267,569860371626004480,positive,1267,train
7135,569926945535860736,positive,7135,train
3292,568549060103135232,positive,3292,train
10133,569525811704934401,negative,10133,train
10055,569555930028748800,negative,10055,train
11353,568174975028465664,negative,11353,train
8016,568871330495406080,positive,8016,train
13184,569919414948237312,positive,13184,train
12639,570079755560595456,negative,12639,train
12068,570301395141836801,negative,12068,train
10695,568969040133165056,negative,10695,train
13998,569679274535362561,negative,13998,train
8809,567829349727211521,positive,8809,train
14353,569629215869382656,negative,14353,train
13907,569692012456181760,negative,13907,train
10196,569494270966685696,negative,10196,train
2283,569276854458310658,positive,2283,train
7738,569294070129930240,positive,7738,train
10747,568912588748292097,negative,10747,train
12218,570260735294607360,negative,12218,train
11841,567729700110602240,negative,11841,train
12575,570100824703143936,negative,12575,train
333,568602941940043776,positive,333,train
11395,568143054856712192,negative,11395,train
11785,567760870630244352,negative,11785,train
8668,568045949999661058,positive,8668,train
8184,568631189856264192,positive,8184,train
9616,569820790905970688,negative,9616,train
11545,568029222574407680,positive,11545,train
11932,570295576446808065,negative,11932,train
14227,569650813070483457,negative,14227,train
14537,569602295224246272,negative,14537,train
11135,568486436355346432,negative,11135,train
13987,569681251734409216,negative,13987,train
14206,569654204375175169,negative,14206,train
9704,569706908002578432,negative,9704,train
10419,569321800359927808,negative,10419,train
10831,568839036007260162,negative,10831,train
11648,567850465406394368,negative,11648,train
10379,569342681551400960,negative,10379,train
12137,570279118438182913,positive,12137,train
13050,569951363670642689,positive,13050,train
9332,569981015378112512,negative,9332,train
13258,569903197835407361,negative,13258,train
8676,568041051182616576,positive,8676,train
9068,570253865066602497,negative,9068,train
9245,570030173300658176,negative,9245,train
10761,568901905910521856,negative,10761,train
9733,569689324595376128,negative,9733,train
8740,567880900358311936,positive,8740,train
1670,569629990129520641,positive,1670,train
10684,568981079278751744,negative,10684,train
11918,570298371140939776,negative,11918,train
11836,567731585035014144,negative,11836,train
4645,569964332026634241,positive,4645,train
248,569110766235877376,positive,248,train
12148,570275726483542016,negative,12148,train
4347,570294002077061120,positive,4347,train
9943,569605258621661184,positive,9943,train
9363,569969218306904067,negative,9363,train
12286,570242205463359488,positive,12286,train
9678,569721813220995072,negative,9678,train
13277,569897060717105152,negative,13277,train
9520,569894100649947136,negative,9520,train
8392,568427870055305216,positive,8392,train
14523,569604330229092352,negative,14523,train
9807,569657128866095104,negative,9807,train
10756,568903820283158528,negative,10756,train
11992,570275314036649984,positive,11992,train
14610,569591765793165312,negative,14610,train
6394,567886632155680770,positive,6394,train
14461,569612307363266560,negative,14461,train
9117,570208313163550721,negative,9117,train
12700,570057416718491649,negative,12700,train
7621,569501556275605506,positive,7621,train
7320,569671000486502400,positive,7320,train
5354,569170590831132672,positive,5354,train
10490,569255036796215297,negative,10490,train
13675,569755053159874561,negative,13675,train
9663,569746398519955456,negative,9663,train
10690,568971304914853889,negative,10690,train
14636,569587371693355008,negative,14636,train
10382,569340402786025472,negative,10382,train
13692,569745686784315392,negative,13692,train
12672,570067446712791040,negative,12672,train
10120,569529416155402240,negative,10120,train
9109,570217450874146818,negative,9109,train
5339,569180541662027779,positive,5339,train
12302,570239688755302401,negative,12302,train
9215,570058295689523200,negative,9215,train
13048,569951566784045058,negative,13048,train
12679,570064443159089153,negative,12679,train
7951,568937402837786625,positive,7951,train
2848,568870394708545536,positive,2848,train
9454,569929945331449856,negative,9454,train
9832,569648671870099456,negative,9832,train
13685,569747411779735552,negative,13685,train
13736,569730747675897856,positive,13736,train
4709,569910583694196736,positive,4709,train
6117,568212796422406144,positive,6117,train
9804,569658553381883905,negative,9804,train
1306,569840341899026432,positive,1306,train
12546,570115988714164225,positive,12546,train
10734,568929010966765568,negative,10734,train
9081,570242191685234688,negative,9081,train
10986,568637070207422464,negative,10986,train
10953,568764059732058112,negative,10953,train
9656,569757094166994944,negative,9656,train
11021,568607425047240704,negative,11021,train
9933,569608831816351745,negative,9933,train
7964,568924327275401218,positive,7964,train
2531,569125558568783872,positive,2531,train
5490,568948848263081986,positive,5490,train
11461,568100712309256192,positive,11461,train
13655,569769606761439232,negative,13655,train
4822,569698044175757312,positive,4822,train
1634,569639854277066752,positive,1634,train
2581,569025196230877184,positive,2581,train
10412,569325005823217664,negative,10412,train
14231,569650182331084801,negative,14231,train
10796,568869609622904832,positive,10796,train
13492,569850083140882432,negative,13492,train
14513,569604909571678208,negative,14513,train
10891,568796449863028736,negative,10891,train
4091,567826439392927744,positive,4091,train
8355,568442965661761536,positive,8355,train
13179,569919970446053377,negative,13179,train
13077,569945910546989057,negative,13077,train
7124,569928989231353857,positive,7124,train
57,569990222609412097,positive,57,train
12831,570006028864999424,negative,12831,train
14531,569603590349848576,negative,14531,train
11755,567777625344593920,negative,11755,train
10411,569325511635308544,negative,10411,train
13016,569959631256051712,negative,13016,train
3137,568647206695120896,positive,3137,train
2647,568972136322375680,positive,2647,train
8884,567772770604298240,positive,8884,train
9955,569601275672829952,negative,9955,train
14124,569664077049384961,negative,14124,train
9396,569951958552805376,negative,9396,train
4597,569989168903819264,positive,4597,train
11758,567777100112101376,positive,11758,train
8515,568198336651649027,positive,8515,train
14202,569654735592140800,negative,14202,train
13489,569850597169598464,negative,13489,train
11933,570295174385016832,negative,11933,train
11875,567698031081160704,negative,11875,train
12348,570222998919225344,negative,12348,train
9148,570110504254857217,negative,9148,train
1171,569907031693520896,positive,1171,train
8253,568554719934844928,positive,8253,train
10867,568812675175591936,negative,10867,train
9718,569698944084680704,negative,9718,train
13539,569837686367744000,negative,13539,train
13343,569885018358575104,negative,13343,train
10099,569537485761433600,positive,10099,train
2303,569269140386488320,positive,2303,train
5053,569488587135295488,positive,5053,train
11952,570284862122233856,positive,11952,train
6149,568180710252646400,positive,6149,train
9661,569747046338588672,negative,9661,train
11322,568213769798578176,negative,11322,train
9330,569982742198251520,negative,9330,train
11313,568218389619077121,positive,11313,train
11596,567897883875217408,negative,11596,train
14430,569616839761743872,positive,14430,train
13649,569771576528220161,negative,13649,train
14478,569609396461936640,positive,14478,train
9346,569972250385862656,negative,9346,train
13634,569787232292245504,negative,13634,train
12744,570040411206631424,positive,12744,train
10311,569375244751745025,negative,10311,train
10159,569514501730643968,negative,10159,train
846,570053912214024193,positive,846,train
9778,569671332092252160,negative,9778,train
13039,569953628687101954,positive,13039,train
11150,568479680229208064,negative,11150,train
13148,569929141962698752,negative,13148,train
4961,569604066239762432,positive,4961,train
12937,569975778953142272,negative,12937,train
13589,569817130801221632,negative,13589,train
5451,568998369353297921,positive,5451,train
10023,569566712397471746,negative,10023,train
1861,569548316700254208,positive,1861,train
9140,570151995472027649,negative,9140,train
12388,570205132094349312,positive,12388,train
13362,569881453842042880,negative,13362,train
9777,569671413671591937,negative,9777,train
13166,569923360982900737,negative,13166,train
12913,569981899332059136,negative,12913,train
8275,568540063216197632,positive,8275,train
11236,568384143379156993,negative,11236,train
11708,567803306928775168,negative,11708,train
6785,570278619416694784,positive,6785,train
6636,567750519402143745,positive,6636,train
12301,570239952975482881,negative,12301,train
9173,570084200235335680,negative,9173,train
9623,569802676914909184,negative,9623,train
5766,568624572985004033,positive,5766,train
14211,569653423836045312,negative,14211,train
6219,568112842261594112,positive,6219,train
7725,569305409925873664,positive,7725,train
7706,569330095644659712,positive,7706,train
6005,568438000843034624,positive,6005,train
3654,568204231271796736,positive,3654,train
6446,567855640640516096,positive,6446,train
11292,568234992557527040,positive,11292,train
12910,569982323598368768,negative,12910,train
114,569861209781989377,positive,114,train
3434,568443923485437952,positive,3434,train
10594,569151367702401025,negative,10594,train
13495,569848857498161154,positive,13495,train
10958,568760648135544832,negative,10958,train
12472,570175764643094528,negative,12472,train
10283,569394015055040512,positive,10283,train
8817,567821839784939520,positive,8817,train
13931,569689826221363201,negative,13931,train
10856,568823143789416449,negative,10856,train
11355,568174802059464705,negative,11355,train
14567,569598314825555968,negative,14567,train
14343,569631293429821440,negative,14343,train
10752,568909200832618496,negative,10752,train
6851,570190438281248768,positive,6851,train
10599,569143704109215745,negative,10599,train
13992,569680508088688641,negative,13992,train
12193,570265689589592064,negative,12193,train
10783,568878979576410112,negative,10783,train
13512,569844262461972480,negative,13512,train
14367,569626787875053568,negative,14367,train
5964,568454986574602240,positive,5964,train
8018,568864286266814465,positive,8018,train
10358,569353501123280896,negative,10358,train
14002,569678749056294913,negative,14002,train
6800,570251142942171136,positive,6800,train
11804,567751134476259328,negative,11804,train
6387,567892874756501504,positive,6387,train
13612,569799734774272002,negative,13612,train
13471,569854995958509568,negative,13471,train
12675,570065545392861184,negative,12675,train
11946,570288282413633536,negative,11946,train
578,570271064141352960,positive,578,train
105,569887049446076416,positive,105,train
11233,568386094875738113,negative,11233,train
4352,570293100326862849,positive,4352,train
2995,568804026789138433,positive,2995,train
10633,569102942088900608,negative,10633,train
12789,570021329065394176,negative,12789,train
3293,568548205421563906,positive,3293,train
11675,567830991491997696,negative,11675,train
12969,569971998572589057,negative,12969,train
9153,570108377029685248,negative,9153,train
11632,567860313883693056,negative,11632,train
13001,569962943980285952,negative,13001,train
14125,569664007864492032,negative,14125,train
9199,570072227942674432,negative,9199,train
13777,569718904131420161,negative,13777,train
14375,569625210070175744,negative,14375,train
13045,569952639116447745,negative,13045,train
12747,570038580967383042,negative,12747,train
11485,568077470085341184,negative,11485,train
12163,570271904508092416,positive,12163,train
12303,570239463089000449,positive,12303,train
12000,570272172679282688,negative,12000,train
6647,567746544536145921,positive,6647,train
7731,569300522705883136,positive,7731,train
10247,569459836389335040,negative,10247,train
2602,569007580925677568,positive,2602,train
12818,570009008817500160,negative,12818,train
12738,570041376005443585,negative,12738,train
12630,570081797427621888,negative,12630,train
7005,569959122331836416,positive,7005,train
9302,569992620744708096,negative,9302,train
4974,569589379385008129,positive,4974,train
14034,569675530792013824,negative,14034,train
6930,570010882069151744,positive,6930,train
10051,569556807703764992,negative,10051,train
8348,568450407204139008,positive,8348,train
12025,570139793608175616,negative,12025,train
12690,570060726523584512,negative,12690,train
8076,568808318560550912,positive,8076,train
14236,569649152696516608,positive,14236,train
7760,569271994212069376,positive,7760,train
10026,569565598772043776,negative,10026,train
14118,569664514142183424,negative,14118,train
5994,568440527328120832,positive,5994,train
9720,569698882797641728,negative,9720,train
12132,570280378193330180,negative,12132,train
9995,569585747503611905,negative,9995,train
4964,569601658491002880,positive,4964,train
14217,569651816197169153,negative,14217,train
4350,570293527982301184,positive,4350,train
9925,569612804350717953,positive,9925,train
9165,570085423801888768,negative,9165,train
9528,569890430893993986,negative,9528,train
9310,569989745503297536,negative,9310,train
11051,568564623156211712,negative,11051,train
3460,568424482764931072,positive,3460,train
6443,567856422030942208,positive,6443,train
13558,569831634817708032,negative,13558,train
10982,568639824145584128,negative,10982,train
11453,568105570215055360,negative,11453,train
6311,568059610969604096,positive,6311,train
998,569969999961391105,positive,998,train
6805,570244951914782721,positive,6805,train
14529,569603991551782913,positive,14529,train
11931,570295745921880064,positive,11931,train
11808,567747420650754048,negative,11808,train
10854,568823897967034368,positive,10854,train
238,569198104806699008,positive,238,train
12964,569972777593262080,negative,12964,train
13418,569867943888056320,negative,13418,train
5107,569341791482220545,positive,5107,train
13429,569866091998126080,negative,13429,train
4787,569757790626906112,positive,4787,train
9726,569694350831161344,negative,9726,train
12651,570074976428158976,negative,12651,train
14540,569601934853873664,negative,14540,train
12901,569986129820196864,negative,12901,train
2851,568868305697525761,positive,2851,train
3131,568650000227565568,positive,3131,train
13961,569685644449964032,negative,13961,train
332,568604690767872000,positive,332,train
12014,570269633778855936,negative,12014,train
12622,570085859132878848,negative,12622,train
9665,569735732060753921,negative,9665,train
13146,569929944291127296,positive,13146,train
11687,567818690096541696,negative,11687,train
11865,567725125194493953,negative,11865,train
13009,569961398551379968,negative,13009,train
11673,567832153670705152,positive,11673,train
10938,568775146703589376,negative,10938,train
14333,569631847547867136,negative,14333,train
10680,568985734163664896,negative,10680,train
10964,568750153315676160,negative,10964,train
5472,568964652455092224,positive,5472,train
13082,569944281512685570,negative,13082,train
7715,569312396097003520,positive,7715,train
14494,569607124772196352,negative,14494,train
10367,569347552484728832,negative,10367,train
9282,570009129579900928,negative,9282,train
12686,570062369096908801,negative,12686,train
3511,568352803892150273,positive,3511,train
13373,569880005729067008,negative,13373,train
3798,568115946738597888,positive,3798,train
127,569652497947734017,positive,127,train
9915,569618750946873344,negative,9915,train
6499,567814300594769920,positive,6499,train
12835,570003144366792704,negative,12835,train
9113,570213946348560388,negative,9113,train
14266,569644070470963201,negative,14266,train
9448,569933275436707840,negative,9448,train
5512,568929782286516224,positive,5512,train
12532,570123207824568320,negative,12532,train
14331,569631973859139584,negative,14331,train
10835,568834902365503488,positive,10835,train
9817,569652631938985984,negative,9817,train
6064,568377392420356096,positive,6064,train
12930,569977585003827200,negative,12930,train
8304,568502766747971585,positive,8304,train
9069,570252052099678208,negative,9069,train
9561,569874973021622272,positive,9561,train
12406,570198744907567106,positive,12406,train
11187,568449323895275520,negative,11187,train
12392,570203943671865345,negative,12392,train
9939,569605710314668035,negative,9939,train
14344,569631041603788800,negative,14344,train
11622,567866540424560640,negative,11622,train
13390,569875024045314048,negative,13390,train
12839,570002679142854656,negative,12839,train
10085,569541879441858560,negative,10085,train
8714,567910969856229377,positive,8714,train
8824,567814769077436416,positive,8824,train
12276,570245402982785024,negative,12276,train
9488,569909641129402368,negative,9488,train
4629,569975026239164416,positive,4629,train
14586,569595399557685248,negative,14586,train
10859,568821402389893120,negative,10859,train
14101,569666687253008384,negative,14101,train
8100,568794248654426112,positive,8100,train
14058,569672974657146880,negative,14058,train
13287,569895538046296064,negative,13287,train
14624,569589959088173056,negative,14624,train
12451,570181700036087809,negative,12451,train
3545,568278231973044225,positive,3545,train
13170,569922305423495168,negative,13170,train
14324,569633482915209216,negative,14324,train
1164,569908759125991424,positive,1164,train
10433,569312129456545792,negative,10433,train
9359,569970117154484224,negative,9359,train
10263,569432100652384256,negative,10263,train
11896,570305234838429696,negative,11896,train
10312,569374561197789184,negative,10312,train
13095,569940935875948544,positive,13095,train
11114,568496664677363712,negative,11114,train
6177,568155440267161600,positive,6177,train
11734,567789902633664512,negative,11734,train
12336,570226080457449472,negative,12336,train
11677,567823045215313920,negative,11677,train
9668,569734821091487744,negative,9668,train
13376,569879234572718080,negative,13376,train
7662,569382239131168769,positive,7662,train
6178,568155246616121344,positive,6178,train
11577,567918161540046848,negative,11577,train
9203,570070449406812160,negative,9203,train
6114,568215698524246016,positive,6114,train
1352,569782352223666176,positive,1352,train
9504,569900620095856640,negative,9504,train
10223,569483885404413952,negative,10223,train
3687,568186071114252288,positive,3687,train
14162,569659620517662721,negative,14162,train
11081,568526809387544576,negative,11081,train
10067,569551779752386560,negative,10067,train
10101,569536791830798336,negative,10101,train
12693,570059874480091136,negative,12693,train
9289,570003343222964224,negative,9289,train
467,567812402764374016,positive,467,train
9936,569607719713288192,negative,9936,train
9489,569909232696483842,negative,9489,train
10808,568858974281314304,negative,10808,train
12368,570217971815211008,positive,12368,train
14560,569599269189107712,negative,14560,train
14165,569659556869120000,negative,14165,train
10049,569557662997852160,negative,10049,train
13040,569953475640995840,negative,13040,train
9630,569771270839013376,negative,9630,train
11340,568194265022648320,negative,11340,train
9628,569772867774230528,negative,9628,train
13897,569693592597323776,negative,13897,train
8715,567907212154118145,positive,8715,train
11103,568501367754661888,negative,11103,train
1633,569640141989552128,positive,1633,train
11312,568218884060241920,negative,11312,train
11743,567782645975625729,negative,11743,train
12202,570264011574415360,positive,12202,train
14272,569643344462262274,negative,14272,train
10052,569556697603280897,negative,10052,train
11993,570275248052039680,negative,11993,train
8974,570307011981783040,positive,8974,train
13182,569919703054991361,negative,13182,train
9788,569668051764969474,negative,9788,train
6054,568397976110010368,positive,6054,train
13384,569876837087580161,positive,13384,train
4790,569735142564102145,positive,4790,train
14044,569674294411669504,negative,14044,train
11597,567897643873148928,negative,11597,train
12973,569971216934526976,negative,12973,train
11736,567788199175786496,positive,11736,train
9959,569600757516914688,negative,9959,train
11144,568481998257430530,negative,11144,train
427,568100257931747328,positive,427,train
13481,569852112605089792,negative,13481,train
8317,568490190194515970,positive,8317,train
9784,569669547210309632,negative,9784,train
9314,569987511830904832,positive,9314,train
9584,569865637666930688,negative,9584,train
13701,569742305499828224,negative,13701,train
475,567806884191944705,positive,475,train
10547,569196701401128961,negative,10547,train
11802,567753071833665536,negative,11802,train
9540,569884559380238336,negative,9540,train
14246,569646613183885312,negative,14246,train
4668,569950112631296002,positive,4668,train
9961,569600023597428736,negative,9961,train
8318,568489782298476544,positive,8318,train
5468,568969143581413376,positive,5468,train
11806,567748987512705027,negative,11806,train
11405,568138996112445440,negative,11405,train
14601,569592830307508224,negative,14601,train
13984,569681863939371008,negative,13984,train
12221,570259502685151232,positive,12221,train
9401,569949968750010370,negative,9401,train
9177,570083458925490176,negative,9177,train
14303,569639529805688832,negative,14303,train
12561,570102866754592768,negative,12561,train
13734,569730861593010176,negative,13734,train
5407,569134718396051456,positive,5407,train
11445,568111178708336640,negative,11445,train
9637,569759999083171840,negative,9637,train
9402,569949405136232449,negative,9402,train
10313,569374560505737216,negative,10313,train
14342,569631375487139841,negative,14342,train
9152,570108987284197376,negative,9152,train
14090,569668455202484224,negative,14090,train
14334,569631824101683200,negative,14334,train
11366,568166478572204032,negative,11366,train
9196,570074077383102464,negative,9196,train
11363,568170119664443393,negative,11363,train
9213,570060273798631424,negative,9213,train
10075,569546689943482368,negative,10075,train
12631,570081695342309377,negative,12631,train
6938,570002674747367424,positive,6938,train
3895,568037880859222016,positive,3895,train
9921,569614672061575168,negative,9921,train
2799,568894575596580864,positive,2799,train
9440,569937457837273088,negative,9440,train
11538,568033591973847040,negative,11538,train
10215,569485181633089536,negative,10215,train
9973,569596364197199873,negative,9973,train
11123,568491905903939584,negative,11123,train
7890,569091378438746112,positive,7890,train
12613,570087305320357888,negative,12613,train
9701,569709103188197376,negative,9701,train
11421,568128753223794688,negative,11421,train
11956,570284054605639683,negative,11956,train
13412,569869506560069633,positive,13412,train
3886,568049335235010562,positive,3886,train
13324,569890192338735104,negative,13324,train
440,568058610296565760,positive,440,train
3531,568290894992039936,positive,3531,train
13549,569835751275433984,negative,13549,train
14425,569617887637348352,negative,14425,train
14252,569645815268044801,negative,14252,train
9944,569604286369431552,negative,9944,train
10183,569500867159699456,negative,10183,train
13008,569961398890991617,negative,13008,train
11018,568608665072246784,negative,11018,train
10579,569165517614944256,negative,10579,train
4057,567847753277120512,positive,4057,train
10010,569576236541825024,negative,10010,train
9219,570056859698270208,negative,9219,train
9518,569894449922252800,negative,9518,train
14376,569624948190261249,negative,14376,train
1672,569629692661268480,positive,1672,train
13541,569837650984751104,negative,13541,train
11107,568499953041080321,negative,11107,train
8907,567758699574226944,positive,8907,train
9964,569599532268449792,negative,9964,train
12242,570254322694557696,negative,12242,train
11319,568215307170521088,negative,11319,train
10225,569482278646124544,negative,10225,train
13859,569700397884928000,negative,13859,train
5820,568573057184473089,positive,5820,train
11367,568166390873653248,negative,11367,train
12502,570143200935063552,negative,12502,train
10205,569491240481382400,negative,10205,train
10947,568770125114929152,negative,10947,train
9091,570231786824994816,negative,9091,train
9142,570133607223840768,positive,9142,train
12098,570291431195205633,negative,12098,train
11396,568142922031501312,negative,11396,train
9527,569891260405665792,negative,9527,train
13594,569811470797676544,negative,13594,train
7850,569185441171316737,positive,7850,train
8111,568779615323299840,positive,8111,train
687,570187940221071360,positive,687,train
11289,568238605036064768,negative,11289,train
11109,568499384704479233,positive,11109,train
10068,569551374867939328,negative,10068,train
11456,568104744025268224,negative,11456,train
2425,569213883371683840,positive,2425,train
2371,569242047917502464,positive,2371,train
10685,568979232786939904,positive,10685,train
8356,568442328794464256,positive,8356,train
12279,570244910563110912,negative,12279,train
12167,570271383005085696,negative,12167,train
2914,568832682269888512,positive,2914,train
14427,569617807916322817,negative,14427,train
12552,570110706588262400,negative,12552,train
8694,568008802865274880,positive,8694,train
2282,569277733416513536,positive,2282,train
5370,569163696041172992,positive,5370,train
11034,568598334643916800,negative,11034,train
10552,569190606276333568,negative,10552,train
9425,569942569951600640,negative,9425,train
8092,568798853656223745,positive,8092,train
14597,569593278636675072,negative,14597,train
4891,569667805643034624,positive,4891,train
11193,568444029257584640,negative,11193,train
13532,569839216512917504,negative,13532,train
9114,570213783085432832,negative,9114,train
9317,569986794797842433,negative,9317,train
4923,569644492040613888,positive,4923,train
11139,568482893913333762,negative,11139,train
11913,570299252141903873,positive,11913,train
12093,570295576446808065,negative,12093,train
10656,569002703558475777,negative,10656,train
10021,569567252363812864,negative,10021,train
13880,569696824061235200,positive,13880,train
5996,568440384897966080,positive,5996,train
13535,569838834810093568,negative,13535,train
11281,568245429491654656,negative,11281,train
12365,570218794414673921,negative,12365,train
9984,569592120954236928,negative,9984,train
13281,569896010010353664,negative,13281,train
13764,569720969947848704,negative,13764,train
11244,568372767810125825,negative,11244,train
12718,570046633418891264,negative,12718,train
10818,568852246462631936,negative,10818,train
12558,570105616515145728,negative,12558,train
11701,567807786748284928,negative,11701,train
9644,569758956941234176,negative,9644,train
12602,570092210466611200,negative,12602,train
11606,567887623953457152,negative,11606,train
10097,569538649110548480,negative,10097,train
11892,570306260010176512,negative,11892,train
1264,569861240375386112,positive,1264,train
13147,569929677214609408,negative,13147,train
8717,567906374870528001,positive,8717,train
5480,568954934084788224,positive,5480,train
12287,570241664272371712,negative,12287,train
680,570196530566701056,positive,680,train
5031,569514047554453504,positive,5031,train
10887,568802225058926592,negative,10887,train
9664,569745728693784576,negative,9664,train
14491,569607661655715841,negative,14491,train
12237,570255773651099648,positive,12237,train
14207,569654198901608448,negative,14207,train
9086,570236495367315456,negative,9086,train
11314,568217681838641152,positive,11314,train
13917,569691155606183937,negative,13917,train
9859,569635479383085056,negative,9859,train
11327,568210743390117888,negative,11327,train
11514,568058820376854528,negative,11514,train
7820,569229572123680769,positive,7820,train
10967,568748242109927424,positive,10967,train
12154,570275248052039680,negative,12154,train
13865,569699437901000706,negative,13865,train
11731,567790793197629440,negative,11731,train
13776,569719449458094080,negative,13776,train
12069,570300915418320897,negative,12069,train
436,568068214325784576,positive,436,train
9392,569957315568394242,negative,9392,train
10459,569279106086522880,negative,10459,train
12553,570109867031191552,negative,12553,train
11414,568134534857764864,negative,11414,train
12394,570202730293100544,negative,12394,train
2035,569453313462132736,positive,2035,train
9122,570204219191504896,negative,9122,train
8636,568094548141977600,positive,8636,train
5666,568827958527275008,positive,5666,train
9185,570078379421990912,negative,9185,train
10839,568834026317832193,negative,10839,train
5697,568800246433775617,positive,5697,train
13656,569769525744250880,negative,13656,train
9342,569973204263034880,negative,9342,train
6862,570088573598355456,positive,6862,train
14219,569651504753332225,negative,14219,train
14161,569659668412407808,negative,14161,train
10578,569166368781635584,negative,10578,train
4938,569627946459275264,positive,4938,train
11949,570287638084763648,negative,11949,train
5874,568531020267458561,positive,5874,train
415,568140092453179394,positive,415,train
13930,569689983969202180,negative,13930,train
5506,568940981321637889,positive,5506,train
10192,569495664729726976,negative,10192,train
12326,570230559693078528,negative,12326,train
9965,569599260288819201,negative,9965,train
10776,568885645927686144,negative,10776,train
13551,569835167944019968,negative,13551,train
11663,567842366473834498,positive,11663,train
12748,570038564110467074,negative,12748,train
9054,570265699215675392,negative,9054,train
13870,569698811708370944,negative,13870,train
14352,569629305023569922,negative,14352,train
11308,568221761898209280,positive,11308,train
11855,567727581873848320,negative,11855,train
11112,568496861797076992,negative,11112,train
5882,568520773444308992,positive,5882,train
5286,569215035089690624,positive,5286,train
9097,570226104839090176,negative,9097,train
13550,569835641514692608,negative,13550,train
9775,569671624921915392,positive,9775,train
12842,570002236065116160,negative,12842,train
10048,569557964991930368,negative,10048,train
9420,569943434536091649,negative,9420,train
12399,570202097041305600,negative,12399,train
9209,570061827100422144,negative,9209,train
13546,569836433931808768,negative,13546,train
10235,569470441573609473,negative,10235,train
13313,569891440135794688,positive,13313,train
14045,569674237079744512,negative,14045,train
11702,567805465854488579,positive,11702,train
10214,569485322431696896,negative,10214,train
6374,567907070269198337,positive,6374,train
12360,570219969717219328,positive,12360,train
3566,568264293478744064,positive,3566,train
13740,569729657248985089,negative,13740,train
11411,568135421445545984,negative,11411,train
11455,568104985935753216,negative,11455,train
14538,569602069335838720,negative,14538,train
14507,569605699308818432,negative,14507,train
13458,569858012967542786,negative,13458,train
3595,568248245563969536,positive,3595,train
12544,570116487278501888,negative,12544,train
12828,570006737190854656,negative,12828,train
10229,569478023839416320,negative,10229,train
10472,569269594386526209,positive,10472,train
3317,568532825281937408,positive,3317,train
10063,569552947903754240,negative,10063,train
4666,569951253666656257,positive,4666,train
12107,570288282413633536,negative,12107,train
10112,569532924036407297,negative,10112,train
10362,569352847898386432,negative,10362,train
14532,569603156927246336,negative,14532,train
889,570033627939131392,positive,889,train
10115,569532667869335554,negative,10115,train
10561,569182050219126785,negative,10561,train
13936,569688901922615296,negative,13936,train
723,570121588487663616,positive,723,train
11053,568561924985782272,positive,11053,train
11262,568258726668443648,negative,11262,train
14112,569665193266909184,negative,14112,train
13367,569880508181696513,negative,13367,train
12340,570224942681206786,negative,12340,train
11623,567866162865971201,negative,11623,train
10000,569583725408870401,negative,10000,train
12581,570099506135437312,negative,12581,train
14055,569673346864037888,negative,14055,train
6474,567829387485130752,positive,6474,train
10228,569479822226952192,negative,10228,train
5325,569194554290774016,positive,5325,train
8085,568801701378928641,positive,8085,train
443,568050777744379904,positive,443,train
12292,570240784357830659,negative,12292,train
13784,569718285060706304,negative,13784,train
13965,569684820604817408,positive,13965,train
12160,570272235639828480,negative,12160,train
14402,569620782566875136,negative,14402,train
6010,568437004045672448,positive,6010,train
9886,569626683139104768,negative,9886,train
7317,569671435309809664,positive,7317,train
6231,568107472260624384,positive,6231,train
11111,568496915211538436,negative,11111,train
13603,569804373859020801,negative,13603,train
10580,569164415322492928,negative,10580,train
13766,569720491830878208,positive,13766,train
12186,570267241046020096,positive,12186,train
7923,568973348840943616,positive,7923,train
117,569777607371128834,positive,117,train
7217,569879547908206592,positive,7217,train
10642,569031663520489472,negative,10642,train
11840,567729749087498240,negative,11840,train
13669,569759892803756032,negative,13669,train
11463,568095863731433473,positive,11463,train
8735,567891805867483136,positive,8735,train
9626,569776946365620224,negative,9626,train
12773,570030165788459010,negative,12773,train
12870,569995513623408641,negative,12870,train
14524,569604328153083904,negative,14524,train
11065,568544199072735232,negative,11065,train
13531,569839377104285696,negative,13531,train
10654,569007852607680512,negative,10654,train
5845,568553101587832832,positive,5845,train
10925,568780741909319680,negative,10925,train
11131,568490860901478400,negative,11131,train
6004,568438018572300289,positive,6004,train
10626,569114030268424192,negative,10626,train
13386,569876553196285952,negative,13386,train
12976,569970318305046528,negative,12976,train
5012,569545575688830978,positive,5012,train
12125,570281854139572225,negative,12125,train
14144,569661662648610816,negative,14144,train
5022,569524284873424896,positive,5022,train
7659,569386956435488768,positive,7659,train
12504,570142278729076736,negative,12504,train
5374,569160924960919552,positive,5374,train
12674,570066226233417728,negative,12674,train
10771,568891505869344770,negative,10771,train
10990,568634185155358720,positive,10990,train
14562,569598991463268352,negative,14562,train
14074,569670589646032896,negative,14074,train
12469,570176104541122561,negative,12469,train
9218,570056984986300418,negative,9218,train
10089,569540659209596928,negative,10089,train
7735,569297850456109056,positive,7735,train
4477,570217918195220480,positive,4477,train
12158,570273710210469888,positive,12158,train
13395,569873993311916032,negative,13395,train
8158,568652268305666048,positive,8158,train
9341,569975508756267008,negative,9341,train
9916,569618538924789760,negative,9916,train
2093,569369416963633152,positive,2093,train
13778,569718802029666305,negative,13778,train
8033,568851381769134080,positive,8033,train
14083,569669603443519490,negative,14083,train
10732,568930588868141056,negative,10732,train
3071,568736451237707776,positive,3071,train
1114,569922837353402368,positive,1114,train
4112,567818953881419776,positive,4112,train
14292,569641551116177409,positive,14292,train
14013,569677591055106048,negative,14013,train
7178,569918453722656768,positive,7178,train
9548,569882980992335872,negative,9548,train
11256,568274949275824128,negative,11256,train
11245,568364074427420672,negative,11245,train
12963,569972935227674624,negative,12963,train
7657,569394918675783681,positive,7657,train
11486,568077090656002048,negative,11486,train
5852,568546953262436352,positive,5852,train
12890,569989551051177984,negative,12890,train
2462,569189285334618112,positive,2462,train
13937,569688822486847488,negative,13937,train
11528,568044626654806016,negative,11528,train
13086,569942226224050176,negative,13086,train
9982,569592390211801089,negative,9982,train
13038,569954199821275136,negative,13038,train
4804,569713993532600321,positive,4804,train
11186,568449520645906432,positive,11186,train
13004,569962686219288576,positive,13004,train
9072,570250443034640384,positive,9072,train
10004,569580275182772225,negative,10004,train
9883,569627069463842816,negative,9883,train
9742,569684917145223170,negative,9742,train
7598,569516908195815425,positive,7598,train
8440,568260165759307776,positive,8440,train
5850,568548764484542464,positive,5850,train
14434,569616554922418177,negative,14434,train
9847,569642419307864064,negative,9847,train
4035,567861975419457537,positive,4035,train
12638,570080397628825600,negative,12638,train
12121,570283254743506944,negative,12121,train
12040,570308309682675712,negative,12040,train
10044,569558377178603520,negative,10044,train
11149,568480213123919874,negative,11149,train
12788,570021599392329728,negative,12788,train
5566,568892047559503873,positive,5566,train
12988,569967045544005632,negative,12988,train
9688,569717336959160323,negative,9688,train
8609,568116088631791616,positive,8609,train
9555,569879818063507457,negative,9555,train
5663,568828574641328128,positive,5663,train
11231,568387549867036672,negative,11231,train
12696,570057871058079745,negative,12696,train
293,568840560347373569,positive,293,train
14325,569633282855301120,positive,14325,train
5770,568621122368851968,positive,5770,train
13924,569690603547697152,negative,13924,train
10466,569274088289660928,negative,10466,train
8082,568805624164851712,positive,8082,train
11247,568360334609612801,negative,11247,train
14271,569643354557796353,negative,14271,train
11175,568457663123746816,negative,11175,train
10016,569572095794917376,negative,10016,train
12689,570060776301424641,negative,12689,train
14301,569639923080404994,negative,14301,train
11400,568140221994250240,negative,11400,train
8838,567807693534031872,positive,8838,train
9922,569614422496444417,negative,9922,train
6479,567825886449250304,positive,6479,train
10745,568912730742255616,negative,10745,train
13781,569718465034096640,negative,13781,train
2631,568983569563033600,positive,2631,train
2757,568917792172351488,positive,2757,train
1555,569666352794898432,positive,1555,train
10014,569572536834498560,negative,10014,train
11609,567881731967229953,negative,11609,train
13177,569920618843521024,negative,13177,train
10467,569273247252008961,negative,10467,train
3166,568621100914991104,positive,3166,train
14200,569655012915322880,negative,14200,train
11164,568469645843279872,positive,11164,train
12002,570271904508092416,positive,12002,train
12836,570003097554006016,negative,12836,train
10243,569464902164856832,negative,10243,train
4662,569952317556043776,positive,4662,train
10198,569493018081947649,negative,10198,train
11052,568564342150598656,negative,11052,train
6775,570287622343540736,positive,6775,train
9927,569611341394264064,negative,9927,train
12366,570218532060835840,negative,12366,train
13994,569680242194980864,negative,13994,train
9783,569669786810114048,negative,9783,train
3109,568669880922165248,positive,3109,train
11331,568208027775569920,negative,11331,train
9771,569672234949742592,negative,9771,train
5178,569276734798893056,positive,5178,train
10371,569345780244312067,negative,10371,train
10892,568796187299606528,negative,10892,train
9834,569647597666889728,negative,9834,train
7990,568898792247992320,positive,7990,train
11723,567797906977083392,negative,11723,train
10890,568796551394549760,negative,10890,train
395,568245360998658048,positive,395,train
10677,568992118309462016,negative,10677,train
4578,570000618707746816,positive,4578,train
11773,567767738886545408,negative,11773,train
13824,569708886518849536,negative,13824,train
13457,569858278370516992,negative,13457,train
13131,569933724743274496,negative,13131,train
11436,568116534855503872,positive,11436,train
3845,568085949663584256,positive,3845,train
6348,568039503065174016,positive,6348,train
13756,569723864252424193,negative,13756,train
4707,569912094272782337,positive,4707,train
11764,567774229249421312,negative,11764,train
13187,569918189909487617,negative,13187,train
4980,569586235259404288,positive,4980,train
12535,570122962726039552,negative,12535,train
8616,568107822275305472,positive,8616,train
11239,568382196081229824,negative,11239,train
13261,569903058299199488,negative,13261,train
7749,569275935905722368,positive,7749,train
11412,568135319876468736,negative,11412,train
12720,570045914347237376,negative,12720,train
14184,569657618576355328,negative,14184,train
7877,569125697530101760,positive,7877,train
13093,569941389208719360,negative,13093,train
11474,568081558625759233,negative,11474,train
11219,568410282298621952,negative,11219,train
13200,569915992777687041,negative,13200,train
10360,569353354545008640,negative,10360,train
11972,570280225625362432,negative,11972,train
14451,569614088390578176,negative,14451,train
11819,567736516420853760,negative,11819,train
10305,569379997175177216,negative,10305,train
9389,569959365236690945,negative,9389,train
11409,568136286109888512,negative,11409,train
13959,569686145275072512,negative,13959,train
12765,570033099939184641,positive,12765,train
12382,570210392539934721,negative,12382,train
10013,569574737929576448,negative,10013,train
10606,569135011322064897,negative,10606,train
14535,569602682505138176,negative,14535,train
11295,568231913040814080,negative,11295,train
10182,569504566380797952,negative,10182,train
12647,570077011324096514,positive,12647,train
12061,570304544128815104,negative,12061,train
9146,570114300888678401,negative,9146,train
13139,569931677868273664,negative,13139,train
14397,569621367806664705,negative,14397,train
5069,569374298168791040,positive,5069,train
14130,569663687948181504,negative,14130,train
11711,567802781877407744,positive,11711,train
9530,569890309624082432,negative,9530,train
12716,570047946932101120,negative,12716,train
12099,570291157340704769,positive,12099,train
13757,569723205142880256,positive,13757,train
11434,568116768868159488,negative,11434,train
2645,568972562819997696,positive,2645,train
9262,570018836239364096,negative,9262,train
11827,567734506434854912,negative,11827,train
11305,568223612802637824,negative,11305,train
12211,570262112477401088,negative,12211,train
11516,568057232392380416,negative,11516,train
12450,570182054987505664,negative,12450,train
11433,568116895305617409,negative,11433,train
8446,568251373189349376,positive,8446,train
470,567807967706488832,positive,470,train
3839,568089179520954368,positive,3839,train
204,569253311813185537,positive,204,train
8396,568425693828132864,positive,8396,train
11049,568569646389067776,negative,11049,train
13871,569698519742861312,negative,13871,train
10378,569343070849740801,negative,10378,train
13473,569854492126146560,negative,13473,train
12528,570123872168574976,negative,12528,train
363,568478510538493952,positive,363,train
12711,570050754158800896,negative,12711,train
12970,569971756498329600,positive,12970,train
4065,567842806930239488,positive,4065,train
2745,568922616800657411,positive,2745,train
13973,569683804857745409,positive,13973,train
7961,568926268772581377,positive,7961,train
13381,569877540698894336,negative,13381,train
9624,569783738210525184,negative,9624,train
7965,568921315069042688,positive,7965,train
1576,569660452428513280,positive,1576,train
14596,569593346223579137,negative,14596,train
11500,568066292114001921,negative,11500,train
1234,569873050117808128,positive,1234,train
12458,570179455911481344,negative,12458,train
10988,568634603885502464,negative,10988,train
14188,569657112109965312,negative,14188,train
11225,568397140977979392,negative,11225,train
10560,569182303034974208,negative,10560,train
14224,569651129136459776,negative,14224,train
11733,567790175813681153,negative,11733,train
10407,569327664919498752,negative,10407,train
8483,568213769098108928,positive,8483,train
3685,568186803930464256,positive,3685,train
13830,569706793531629570,negative,13830,train
521,570298411582394368,positive,521,train
9884,569626882053787649,negative,9884,train
6822,570229813937463299,positive,6822,train
1664,569631041356320768,positive,1664,train
1071,569936640669581313,positive,1071,train
12288,570241221303468032,positive,12288,train
7887,569102757875077121,positive,7887,train
14220,569651366018166784,negative,14220,train
7836,569204185318723584,positive,7836,train
11715,567802255215460353,negative,11715,train
13344,569884943217762304,negative,13344,train
11208,568431753272168448,negative,11208,train
13571,569826633152110592,negative,13571,train
9409,569947001456070656,negative,9409,train
14582,569595899204255745,negative,14582,train
6227,568108322924191744,positive,6227,train
12024,570264948548313088,positive,12024,train
6746,570309345281486848,positive,6746,train
1191,569901072443166720,positive,1191,train
1827,569567167429128192,positive,1827,train
13590,569816739699150849,negative,13590,train
7883,569113910776881152,positive,7883,train
6198,568136806224379904,positive,6198,train
3085,568715107892641792,positive,3085,train
12108,570288167242375168,negative,12108,train
9796,569662030984056834,negative,9796,train
10452,569289254616076288,negative,10452,train
13868,569698963428925440,negative,13868,train
11199,568440431454736384,negative,11199,train
14442,569615855505387520,negative,14442,train
11242,568373807414714369,negative,11242,train
9391,569958301443739650,negative,9391,train
14105,569666042672369665,negative,14105,train
5656,568829994786426881,positive,5656,train
10997,568627064062009344,negative,10997,train
13574,569823770308939776,negative,13574,train
13206,569914848991010816,negative,13206,train
9453,569930199036497920,positive,9453,train
2890,568845724110213120,positive,2890,train
12547,570115532906569729,positive,12547,train
8687,568020304510869504,positive,8687,train
11513,568059390135304193,positive,11513,train
9712,569701230479413249,negative,9712,train
9867,569632828478136320,negative,9867,train
8772,567856962521661440,positive,8772,train
1087,569931716049154051,positive,1087,train
9674,569726350380150784,negative,9674,train
6069,568319110779514880,positive,6069,train
6450,567845681768968192,positive,6450,train
10427,569314734752854017,negative,10427,train
9417,569944182011379712,negative,9417,train
8276,568539689176530944,positive,8276,train
13856,569700785824669696,positive,13856,train
5873,568531035723603968,positive,5873,train
12185,570267287883616256,negative,12185,train
5054,569487788753555456,positive,5054,train
9812,569654471342600193,negative,9812,train
13923,569690664029462529,negative,13923,train
12531,570123304498917377,negative,12531,train
9568,569870924410970112,negative,9568,train
11587,567908046619439104,negative,11587,train
12075,570298770136674304,negative,12075,train
10122,569528768148041728,negative,10122,train
8373,568434959226179585,positive,8373,train
10420,569319723889876993,negative,10420,train
12830,570006301968867328,negative,12830,train
6245,568100973966569472,positive,6245,train
12729,570043390773084160,negative,12729,train
10337,569363263588339712,negative,10337,train
11057,568553063935557632,negative,11057,train
3075,568731155303956480,positive,3075,train
13926,569690347183480832,negative,13926,train
11012,568616488766029824,negative,11012,train
13025,569957958634770432,negative,13025,train
5863,568538790244909056,positive,5863,train
5793,568591059602829314,positive,5793,train
13670,569758473535164416,negative,13670,train
11556,568008391773196288,negative,11556,train
13445,569862869241765888,negative,13445,train
10210,569488002361249792,negative,10210,train
10273,569416670340636672,negative,10273,train
2844,568872120471687168,positive,2844,train
8166,568642357379399681,positive,8166,train
5326,569192081618370560,positive,5326,train
10645,569016588411789312,negative,10645,train
13572,569826452633313280,positive,13572,train
11706,567803627714138112,positive,11706,train
14395,569621583737835520,negative,14395,train
7412,569621991852019713,positive,7412,train
459,567846970141716481,positive,459,train
11615,567875552377450497,negative,11615,train
12668,570068466717237249,negative,12668,train
9269,570015223408668672,positive,9269,train
13846,569702549491752960,negative,13846,train
12707,570052723409874947,negative,12707,train
13698,569742995102117888,negative,13698,train
13731,569732365968404480,negative,13731,train
6812,570238950801059840,positive,6812,train
5941,568468715819266048,positive,5941,train
10438,569306871242366977,negative,10438,train
9271,570013535696232449,negative,9271,train
6516,567805887319912448,positive,6516,train
1448,569715563385085952,positive,1448,train
7677,569353033915584513,positive,7677,train
10137,569525480178769920,negative,10137,train
9786,569668310637404163,negative,9786,train
11064,568544211370418176,negative,11064,train
2541,569106746486222849,positive,2541,train
5526,568925459540344833,positive,5526,train
14128,569663735217971200,negative,14128,train
13955,569686401735745536,negative,13955,train
12713,570050603927392257,negative,12713,train
12737,570042096242917377,negative,12737,train
10557,569188447157661696,negative,10557,train
6259,568091794304401409,positive,6259,train
12665,570069262586540032,negative,12665,train
6430,567863445422546944,positive,6430,train
9723,569696666611261440,negative,9723,train
14205,569654332246904832,negative,14205,train
10930,568778215671664640,negative,10930,train
11868,567722301471199232,negative,11868,train
9230,570047737347088384,negative,9230,train
9683,569719741906075648,negative,9683,train
10630,569107706302357504,negative,10630,train
11845,567729241312489472,positive,11845,train
7168,569923685848653824,positive,7168,train
14621,569590892085915649,negative,14621,train
5527,568925054089629696,positive,5527,train
13237,569909908738580481,negative,13237,train
14634,569587691626622976,negative,14634,train
12005,570271479616573440,positive,12005,train
13165,569923730614460416,negative,13165,train
14362,569627485240844288,negative,14362,train
775,570085589011148801,positive,775,train
12704,570054549915873280,positive,12704,train
239,569197967959154688,positive,239,train
8629,568098769847218177,positive,8629,train
13747,569727628766281728,negative,13747,train
10220,569484458744807425,negative,10220,train
9285,570007297927221249,negative,9285,train
13219,569912753479147521,negative,13219,train
6714,567722937545814018,positive,6714,train
14386,569622568459636736,negative,14386,train
11814,567741884140093440,negative,11814,train
13437,569864778702671874,negative,13437,train
13482,569852084536750080,negative,13482,train
13587,569817817522044928,negative,13587,train
13934,569689239136423936,negative,13934,train
5476,568957488021827585,positive,5476,train
6347,568041723642961920,positive,6347,train
2273,569282312203997185,positive,2273,train
10679,568990617394647040,negative,10679,train
9181,570081545211375616,negative,9181,train
9473,569917765676601344,negative,9473,train
10540,569210743133831168,negative,10540,train
10287,569392471966388224,negative,10287,train
9839,569646045656948737,negative,9839,train
11512,568061166871846912,negative,11512,train
14084,569669381128654848,negative,14084,train
1315,569836305066041344,positive,1315,train
9136,570157409458642944,negative,9136,train
10497,569248700947689474,negative,10497,train
12884,569992310563450880,negative,12884,train
14212,569652564544761856,negative,14212,train
8077,568807823187976193,positive,8077,train
11203,568438142673555457,negative,11203,train
11346,568185092163678208,negative,11346,train
11818,567737598115082241,positive,11818,train
11543,568029718173356033,negative,11543,train
9141,570151703410053120,negative,9141,train
10924,568780964677201920,negative,10924,train
10983,568638903097421824,negative,10983,train
8233,568574897988874240,positive,8233,train
8744,567875974869680128,positive,8744,train
10768,568895050601508865,negative,10768,train
14620,569590965880532993,negative,14620,train
9641,569759291839803392,negative,9641,train
13690,569745948437569536,negative,13690,train
11212,568422454609219584,negative,11212,train
14293,569641343439360000,negative,14293,train
13545,569836467876470784,negative,13545,train
8298,568510973469855745,positive,8298,train
9562,569874944282234880,negative,9562,train
8015,568872365146251264,positive,8015,train
10462,569278041165324290,negative,10462,train
13564,569829960178905089,negative,13564,train
64,569986348041547778,positive,64,train
13648,569772113378217984,negative,13648,train
10798,568867930127114240,negative,10798,train
8925,567740053967736832,positive,8925,train
10375,569343738331275264,negative,10375,train
11795,567755891714174976,positive,11795,train
14547,569601094239825920,positive,14547,train
13370,569880251767123968,positive,13370,train
13640,569784114309693440,positive,13640,train
10529,569223492987723778,negative,10529,train
13814,569711923148689408,negative,13814,train
10246,569463202817417216,negative,10246,train
13651,569770321563279360,negative,13651,train
14526,569604176960827392,negative,14526,train
11344,568187959276646401,negative,11344,train
12916,569981473060560896,negative,12916,train
13553,569832860795985920,positive,13553,train
9505,569899859995693056,negative,9505,train
12596,570093652120178689,negative,12596,train
14076,569670523765960704,positive,14076,train
4461,570238577683996672,positive,4461,train
14096,569667378457391106,negative,14096,train
9791,569666501504073728,negative,9791,train
11569,567928302725263360,negative,11569,train
9200,570071350133579776,negative,9200,train
10672,568994755268513793,negative,10672,train
9151,570109219078152193,negative,9151,train
12035,568824537338417154,negative,12035,train
10224,569483303067131905,negative,10224,train
14306,569638503199285248,negative,14306,train
9845,569643648910028801,negative,9845,train
11082,568526216958857216,negative,11082,train
11552,568016802191683586,negative,11552,train
5804,568585356586586113,positive,5804,train
12762,570033439857979392,negative,12762,train
11940,570290337169739776,negative,11940,train
9940,569605690471288832,negative,9940,train
11450,568106916897034241,negative,11450,train
11275,568248102018285570,negative,11275,train
13876,569697735177170945,negative,13876,train
331,568605449659895808,positive,331,train
10746,568912678917271552,negative,10746,train
12677,570064927550889984,negative,12677,train
10505,569244957698969602,negative,10505,train
14307,569638470538301442,negative,14307,train
1246,569868055502696449,positive,1246,train
8056,568828957002493953,positive,8056,train
7736,569296877902041088,positive,7736,train
7139,569926659219922944,positive,7139,train
12564,570101910402940928,negative,12564,train
9286,570005034340974592,positive,9286,train
12993,569965873752104960,negative,12993,train
14474,569609970007674881,negative,14474,train
13279,569896666465087488,negative,13279,train
9210,570061033253023744,negative,9210,train
14054,569673434721951744,negative,14054,train
10616,569123565984997376,negative,10616,train
13312,569891568074797056,negative,13312,train
13069,569948398545039360,negative,13069,train
13637,569786457998680064,negative,13637,train
11900,570304544128815104,negative,11900,train
6563,567777978327633920,positive,6563,train
10872,568809407120855041,negative,10872,train
8349,568448110256640000,positive,8349,train
9251,570022626724220928,negative,9251,train
13709,569739695459995648,negative,13709,train
3332,568520126095441920,positive,3332,train
12960,569973105075990528,positive,12960,train
7985,568905143883849728,positive,7985,train
11581,567909745211879424,negative,11581,train
4928,569644213224148993,positive,4928,train
10034,569561389121060864,negative,10034,train
8216,568601554275721216,positive,8216,train
12706,570053168349851648,negative,12706,train
14638,569587188687634433,negative,14638,train
12054,570306250442985473,negative,12054,train
7176,569920515542003712,positive,7176,train
9870,569632283046469634,negative,9870,train
152,569580805036453888,positive,152,train
8030,568854763057475584,positive,8030,train
6098,568236231374581760,positive,6098,train
13480,569852250488573952,negative,13480,train
12822,570007852724699136,negative,12822,train
9426,569941616649244673,negative,9426,train
11578,567916726668644352,negative,11578,train
13285,569895723208040448,negative,13285,train
11410,568135839814807552,negative,11410,train
12941,569975287364001792,negative,12941,train
10705,568961160357285889,negative,10705,train
8663,568064005048152065,positive,8663,train
13941,569688392553799680,negative,13941,train
7863,569154503188070400,positive,7863,train
10809,568858696198938624,negative,10809,train
11196,568442952176918528,negative,11196,train
5950,568464940367007744,positive,5950,train
11749,567780624531222528,positive,11749,train
4312,567701830805618688,positive,4312,train
11009,568619178363478018,negative,11009,train
11920,570298117544906754,negative,11920,train
2285,569276207696453632,positive,2285,train
6148,568180868126150656,positive,6148,train
9133,570184073139912704,negative,9133,train
9085,570237453229019137,negative,9085,train
6660,567739785981493248,positive,6660,train
12495,570150741022617600,negative,12495,train
9700,569709195936735232,negative,9700,train
9594,569850182784966656,positive,9594,train
2913,568832749093687296,positive,2913,train
3602,568239444500865025,positive,3602,train
12039,568757671819661314,negative,12039,train
5754,568671818262773760,positive,5754,train
6170,568165260605014016,positive,6170,train
13452,569860082965426176,negative,13452,train
10261,569435327544369153,negative,10261,train
11311,568219901359460353,negative,11311,train
10096,569538857328353280,negative,10096,train
4536,570053736950685696,positive,4536,train
13284,569895817403768833,negative,13284,train
311,568795139512127488,positive,311,train
5362,569165654848204800,positive,5362,train
10707,568959870445031424,negative,10707,train
13715,569738487269756928,negative,13715,train
10448,569294079835705346,negative,10448,train
144,569614024578600960,positive,144,train
12235,570256038206824448,positive,12235,train
14077,569670354030989313,negative,14077,train
9676,569724225466073088,negative,9676,train
14496,569606513859305473,negative,14496,train
10691,568970274303045634,positive,10691,train
6945,570001191796678656,positive,6945,train
11908,570300915418320897,negative,11908,train
9682,569719964023853056,negative,9682,train
10200,569492459258056704,negative,10200,train
3737,568161023091478530,positive,3737,train
11811,567744963870752768,negative,11811,train
10047,569558096613380098,negative,10047,train
6821,570231750959329280,positive,6821,train
14120,569664265218600960,negative,14120,train
10976,568644931792687104,positive,10976,train
14060,569672905270800385,negative,14060,train
14253,569645783974195202,negative,14253,train
12840,570002432375148544,negative,12840,train
14288,569641785347059712,negative,14288,train
12485,570164654061838336,negative,12485,train
13843,569703616426045441,negative,13843,train
11939,570290552169734144,positive,11939,train
10527,569223653952323584,negative,10527,train
12807,570014637397295104,negative,12807,train
11658,567843415716732928,negative,11658,train
13456,569858330421694465,negative,13456,train
9719,569698937281470464,negative,9719,train
12885,569991566087073792,negative,12885,train
5716,568781747128803328,positive,5716,train
12434,570188405541175297,negative,12434,train
13413,569869374103793664,negative,13413,train
12056,570305264613765122,positive,12056,train
3436,568441679503495169,positive,3436,train
11817,567738680945958913,negative,11817,train
11394,568144060248170496,negative,11394,train
10604,569135312175280128,negative,10604,train
13862,569700071484338177,negative,13862,train
5463,568973617687625728,positive,5463,train
12760,570033764044304385,positive,12760,train
12159,570272880556011520,positive,12159,train
13013,569960665827258368,positive,13013,train
13742,569728466469453825,negative,13742,train
4246,567754288055988224,positive,4246,train
9105,570220968435716097,positive,9105,train
10669,568995277580996609,negative,10669,train
12373,570215492838920193,negative,12373,train
7025,569951324508446721,positive,7025,train
4777,569832563403051008,positive,4777,train
12945,569975063094501376,negative,12945,train
14619,569590988395708416,positive,14619,train
709,570160277934747648,positive,709,train
14330,569632024434057216,negative,14330,train
12174,570269774594224128,negative,12174,train
14436,569616335488966656,negative,14436,train
3295,568547007003955200,positive,3295,train
13497,569847671822946304,negative,13497,train
9362,569969386062266368,positive,9362,train
13620,569795397448634368,negative,13620,train
9451,569930403106172928,negative,9451,train
8962,567671602280923136,positive,8962,train
2580,569025401906794496,positive,2580,train
14103,569666226974294016,negative,14103,train
3664,568199122903293952,positive,3664,train
10607,569134333166002177,negative,10607,train
392,568279994876571649,positive,392,train
9881,569627346166284288,negative,9881,train
9481,569911231705944064,negative,9481,train
13190,569917791228157952,negative,13190,train
12549,570115286289899520,negative,12549,train
9161,570091270334509056,negative,9161,train
11429,568121535233458176,positive,11429,train
1110,569923507263557632,positive,1110,train
6439,567858373527470080,positive,6439,train
6569,567774320170119168,positive,6569,train
9575,569870036992593920,negative,9575,train
12487,570162212616212480,negative,12487,train
6830,570221178658418689,positive,6830,train
13787,569717739113320448,negative,13787,train
10605,569135148660342784,negative,10605,train
10510,569241834670698496,negative,10510,train
14151,569660666014859264,negative,14151,train
12386,570206562855329793,positive,12386,train
10817,568852319762313216,negative,10817,train
11930,570295901555699712,positive,11930,train
12804,570015527961272321,negative,12804,train
5702,568795746721513472,positive,5702,train
14147,569661509988708352,negative,14147,train
7274,569702567573368832,positive,7274,train
12978,569969599711571968,negative,12978,train
4685,569935609940316160,positive,4685,train
252,569020707113476096,positive,252,train
12147,570275944012783616,negative,12147,train
13821,569709793000210432,negative,13821,train
13453,569859218058162176,negative,13453,train
6896,570049018820042752,positive,6896,train
8911,567758007912906752,positive,8911,train
14209,569654047151562752,negative,14209,train
12701,570056907634798593,negative,12701,train
9802,569659137581326336,negative,9802,train
13089,569942084393824256,negative,13089,train
13915,569691521454223361,negative,13915,train
11477,568080078875324416,negative,11477,train
10739,568917054004334592,negative,10739,train
9550,569882324713783296,negative,9550,train
6139,568188595456118785,positive,6139,train
11294,568232802749161472,negative,11294,train
10496,569248875825008640,negative,10496,train
7684,569346428839063552,positive,7684,train
13208,569914641414905856,negative,13208,train
11634,567860107960324096,negative,11634,train
12430,570191286667513856,negative,12430,train
9455,569929134639611904,negative,9455,train
10076,569546406442209280,negative,10076,train
8105,568785094430883840,positive,8105,train
8488,568210186755813376,positive,8488,train
10464,569277477652172800,negative,10464,train
12378,570213186139525120,negative,12378,train
6743,567655489119326209,positive,6743,train
12925,569978312157589504,negative,12925,train
11742,567782686077747200,negative,11742,train
9150,570109961511895040,negative,9150,train
5484,568951506042425346,positive,5484,train
11413,568134930137550848,negative,11413,train
9437,569938487920566272,negative,9437,train
13759,569721575492194304,negative,13759,train
13336,569886683501473793,negative,13336,train
10554,569189803746574337,negative,10554,train
9241,570033719609827328,negative,9241,train
9480,569912963273879552,negative,9480,train
13167,569923221341908992,negative,13167,train
12411,570196895383080960,negative,12411,train
13083,569943700010172416,negative,13083,train
13516,569843745157451776,negative,13516,train
10617,569120836264853505,negative,10617,train
14216,569651818453708800,negative,14216,train
13071,569948241116016641,negative,13071,train
14208,569654178789724160,negative,14208,train
8308,568501157452230656,positive,8308,train
14340,569631404306210816,negative,14340,train
9099,570224746652160000,negative,9099,train
10763,568898634923843586,negative,10763,train
10937,568775265406611456,negative,10937,train
9841,569645701291843584,negative,9841,train
7557,569533098402009088,positive,7557,train
13606,569802396328534016,negative,13606,train
9725,569695412740714496,negative,9725,train
9496,569905936980185088,negative,9496,train
10446,569295822006960128,positive,10446,train
10508,569242046621491200,positive,10508,train
11227,568394432900431872,negative,11227,train
5795,568589740833939456,positive,5795,train
13387,569876152036290560,positive,13387,train
13523,569842295387791361,negative,13523,train
13519,569843359029850112,negative,13519,train
247,569165709516759042,positive,247,train
2859,568859726315827200,positive,2859,train
13210,569914488541069312,positive,13210,train
11085,568522861205266432,negative,11085,train
6588,567767091579592704,positive,6588,train
9732,569689743061069824,negative,9732,train
12608,570088470171013120,negative,12608,train
12731,570042981794729985,negative,12731,train
10663,568997044406374400,negative,10663,train
11458,568103967185444866,positive,11458,train
5302,569207912251289600,positive,5302,train
7714,569313006406012928,positive,7714,train
11240,568378076955938816,negative,11240,train
14073,569670634718023680,positive,14073,train
11557,568006455317667840,negative,11557,train
11028,568605001666449408,positive,11028,train
9497,569905899650883585,negative,9497,train
14180,569658153115250689,negative,14180,train
6271,568085970983251968,positive,6271,train
6708,567725232203390977,positive,6708,train
10191,569496017210462208,negative,10191,train
5773,568615365619662848,positive,5773,train
14456,569613537158373376,negative,14456,train
8206,568608189089869825,positive,8206,train
11374,568162673981943808,negative,11374,train
3752,568152968257613824,positive,3752,train
3665,568198349393768448,positive,3665,train
8767,567862628460158976,positive,8767,train
11984,570276196405125120,negative,11984,train
11067,568541965060427776,positive,11067,train
10713,568954558589702144,negative,10713,train
11515,568057241435303936,negative,11515,train
11388,568153430776287233,negative,11388,train
7716,569311730540683264,positive,7716,train
11360,568171538324840449,positive,11360,train
4577,570003111772692480,positive,4577,train
4576,570005561338503170,positive,4576,train
13972,569683866908286976,negative,13972,train
11619,567871168214106113,negative,11619,train
11781,567762670045364225,negative,11781,train
2205,569316547673526272,positive,2205,train
6658,567740403755909120,positive,6658,train
13726,569733572606763008,positive,13726,train
9803,569659027073867777,negative,9803,train
10156,569518382883704832,negative,10156,train
11304,568223950926446593,negative,11304,train
9298,569996446348517376,negative,9298,train
7932,568964945259466752,positive,7932,train
8267,568545438976102400,positive,8267,train
14283,569642145977479169,negative,14283,train
11857,567727159096385536,positive,11857,train
14137,569662221099384832,negative,14137,train
14493,569607321908862977,negative,14493,train
10823,568845552114405376,negative,10823,train
6273,568085714744684544,positive,6273,train
7678,569352134774415360,positive,7678,train
14311,569636885863251969,negative,14311,train
9763,569677827068579840,positive,9763,train
9863,569633323997212672,negative,9863,train
13302,569893140066213888,negative,13302,train
8678,568036279989858304,positive,8678,train
11696,567810259675537408,positive,11696,train
14463,569612035585155073,negative,14463,train
12505,570141242769559552,negative,12505,train
9750,569682545375354880,negative,9750,train
9761,569678632567881728,negative,9761,train
13234,569910395667935232,negative,13234,train
10862,568817526823456768,positive,10862,train
13725,569733719256272896,negative,13725,train
9416,569944514137362432,negative,9416,train
11961,570282555057909760,positive,11961,train
13055,569950766485540864,negative,13055,train
9144,570120432453615617,negative,9144,train
14059,569672930851844096,negative,14059,train
12341,570224927602839552,negative,12341,train
11173,568457955223453696,negative,11173,train
14599,569593045777321985,negative,14599,train
6672,567737653118779392,positive,6672,train
10950,568769216662282240,negative,10950,train
13773,569719978993152000,negative,13773,train
8467,568231725970505728,positive,8467,train
11013,568616463407255552,negative,11013,train
10107,569534372954681344,negative,10107,train
10309,569377149045444608,negative,10309,train
4525,570066283233972224,positive,4525,train
10528,569223536507809792,negative,10528,train
8254,568554542897307648,positive,8254,train
10736,568923795228139521,negative,10736,train
2947,568819025733652481,positive,2947,train
3036,568786206932250624,positive,3036,train
12161,570272172679282688,negative,12161,train
9228,570048275367079937,negative,9228,train
13438,569864689452077058,negative,13438,train
6802,570246294582771712,positive,6802,train
13979,569682818306953216,negative,13979,train
11480,568079446592385025,negative,11480,train
12400,570201740496257024,negative,12400,train
12225,570258457804189696,negative,12225,train
4656,569956564993310720,positive,4656,train
12105,570289085354541058,negative,12105,train
9211,570060873328414721,negative,9211,train
2700,568950850615316480,positive,2700,train
10621,569117839308800001,negative,10621,train
13263,569902322718871552,negative,13263,train
12810,570013289188630529,negative,12810,train
11721,567799968279560194,negative,11721,train
10266,569421478460063745,negative,10266,train
11831,567733511281721344,negative,11831,train
10832,568838743030956032,positive,10832,train
13308,569892297329913856,positive,13308,train
4258,567746527704018944,positive,4258,train
11077,568529856977199104,positive,11077,train
6020,568433948126154752,positive,6020,train
10582,569163241781403648,negative,10582,train
4824,569697456536965121,positive,4824,train
13326,569889964445470721,negative,13326,train
14316,569635939422593024,negative,14316,train
14553,569600462661554177,negative,14553,train
13173,569921001301024770,negative,13173,train
3035,568786745715757056,positive,3035,train
8429,568379591569629185,positive,8429,train
13729,569733015896592385,negative,13729,train
451,567908796917420032,positive,451,train
12961,569973034880098304,negative,12961,train
10363,569352324700708864,negative,10363,train
8766,567862754557759488,positive,8766,train
4041,567854782678982656,positive,4041,train
9987,569589028590391298,negative,9987,train
13704,569740962760499200,negative,13704,train
12999,569963767066271744,negative,12999,train
9753,569682194236641282,negative,9753,train
11591,567905184040382464,negative,11591,train
6820,570232616755929088,positive,6820,train
13642,569782378270314498,negative,13642,train
13508,569845438494457856,negative,13508,train
10432,569312530620817408,negative,10432,train
13183,569919625640615936,negative,13183,train
13276,569897733466628097,negative,13276,train
10744,568913418092224512,negative,10744,train
12761,570033624306708481,positive,12761,train
12239,570254721140850689,negative,12239,train
14364,569627123150778368,negative,14364,train
7432,569614500044918784,positive,7432,train
9158,570101746590093312,negative,9158,train
10993,568633680605945856,negative,10993,train
12306,570238782202470402,positive,12306,train
12034,569047438880841728,negative,12034,train
4722,569900699988860928,positive,4722,train
10083,569542699222573056,negative,10083,train
7535,569540050821763072,positive,7535,train
9823,569650819894652928,negative,9823,train
10384,569338966857687040,negative,10384,train
8879,567776348828360707,positive,8879,train
10209,569488962324172801,negative,10209,train
13983,569682010270101504,negative,13983,train
4604,569984682873352192,positive,4604,train
8358,568441576206286848,positive,8358,train
11741,567783713833234432,negative,11741,train
7707,569330091857219585,positive,7707,train
14396,569621527911485440,negative,14396,train
9898,569623211324735488,negative,9898,train
12717,570047669370036224,negative,12717,train
12645,570077997648064512,negative,12645,train
11121,568492323824381952,negative,11121,train
13935,569689221658775553,positive,13935,train
13265,569901314026692611,negative,13265,train
5176,569277512892551168,positive,5176,train
10258,569437674257276930,negative,10258,train
4550,570034833633767424,positive,4550,train
12325,570231192102019072,negative,12325,train
1892,569531969110974464,positive,1892,train
3926,567960564023967745,positive,3926,train
13407,569870130169163776,negative,13407,train
13635,569786809028255744,negative,13635,train
10921,568782673587658752,negative,10921,train
13713,569738877969129472,negative,13713,train
10801,568863640721477632,negative,10801,train
10509,569241970662645762,negative,10509,train
6038,568425737092513792,positive,6038,train
14592,569594123222585344,negative,14592,train
11038,568593538520231936,negative,11038,train
11682,567820647465803776,negative,11682,train
13501,569846963350454272,negative,13501,train
6191,568144447931686912,positive,6191,train
14153,569660558112239616,negative,14153,train
11491,568073860911927296,negative,11491,train
8444,568253469129187328,positive,8444,train
10366,569350289729458177,negative,10366,train
13487,569850912451072000,negative,13487,train
11482,568078627687890946,negative,11482,train
13639,569784699117137920,negative,13639,train
14358,569627839374467072,negative,14358,train
12191,570265919676485632,positive,12191,train
9441,569936893325897728,negative,9441,train
6513,567806843310907392,positive,6513,train
12252,570250940290342914,negative,12252,train
12722,570045585149063168,negative,12722,train
10174,569507349548957696,negative,10174,train
13877,569697701098602497,negative,13877,train
11122,568492240273874944,negative,11122,train
11740,567784773780013057,positive,11740,train
3393,568468959663489025,positive,3393,train
8134,568752061682208768,positive,8134,train
12848,570001282603229186,negative,12848,train
10199,569492838448300032,negative,10199,train
9706,569704108095111168,negative,9706,train
13043,569952945028108288,negative,13043,train
12625,570085025896665088,positive,12625,train
9631,569764668366938112,negative,9631,train
9461,569923242015764480,positive,9461,train
14051,569673758501412865,negative,14051,train
5956,568460539602608128,positive,5956,train
13914,569691533101780992,negative,13914,train
10708,568959665360384000,negative,10708,train
8950,567727329783582720,positive,8950,train
10637,569072664997801984,negative,10637,train
10155,569518608797323265,negative,10155,train
11686,567818961716387840,negative,11686,train
14169,569659317458243584,negative,14169,train
12465,570177697814425600,negative,12465,train
12087,570296986827694080,negative,12087,train
13056,569950724983025665,positive,13056,train
12959,569973278699352064,negative,12959,train
8412,568411980542775296,positive,8412,train
13702,569741854565998593,negative,13702,train
11061,568549003626811392,positive,11061,train
13852,569701189199089664,negative,13852,train
10181,569504813915832321,negative,10181,train
12355,570220301465681921,positive,12355,train
10568,569174847374233600,negative,10568,train
12904,569984339800416256,negative,12904,train
14123,569664087740715008,negative,14123,train
10966,568748360599019520,negative,10966,train
14339,569631567032627200,negative,14339,train
13282,569895932394917888,negative,13282,train
14133,569663325383979008,positive,14133,train
14389,569622208588468224,negative,14389,train
12809,570014299625787392,negative,12809,train
5965,568454606675529731,positive,5965,train
13192,569917319381712896,negative,13192,train
12048,570306867878072320,negative,12048,train
9089,570235609933078529,negative,9089,train
9350,569971233351213056,negative,9350,train
11588,567906248852533248,negative,11588,train
6496,567816909816635392,positive,6496,train
14296,569641247075213312,negative,14296,train
7065,569942253365534721,positive,7065,train
10874,568809327298883584,negative,10874,train
11670,567832862130577408,negative,11670,train
9862,569633357451153408,negative,9862,train
7572,569527848131637248,positive,7572,train
14503,569605935280336896,negative,14503,train
13251,569906117100351493,negative,13251,train
10726,568935917341286400,negative,10726,train
4244,567756838529208320,positive,4244,train
9607,569833680316829696,negative,9607,train
14012,569677660890116096,negative,14012,train
9713,569701192449654784,negative,9713,train
7434,569609436714680320,positive,7434,train
12815,570009856851222529,negative,12815,train
12177,570268875872473088,negative,12177,train
8372,568435364349808640,positive,8372,train
9779,569670882207129601,negative,9779,train
10911,568788652995833856,negative,10911,train
10539,569211350985134081,negative,10539,train
3504,568358096290111489,positive,3504,train
6050,568413356492599296,positive,6050,train
876,570041112624295936,positive,876,train
14459,569613265631780865,negative,14459,train
8107,568782407698149376,positive,8107,train
12862,569998120999759872,positive,12862,train
1855,569553741222952960,positive,1855,train
13164,569924309902356480,negative,13164,train
4794,569731104070115329,positive,4794,train
13816,569711253490409473,negative,13816,train
10688,568974120030875648,negative,10688,train
11861,567725588937728000,negative,11861,train
11536,568034808598810625,negative,11536,train
11580,567910107163541504,negative,11580,train
9857,569638381375909889,negative,9857,train
11548,568024213753364480,negative,11548,train
9904,569621698905022464,negative,9904,train
7198,569892980712013824,positive,7198,train
1220,569879528891416577,positive,1220,train
9212,570060752926728192,negative,9212,train
13197,569916590814203904,negative,13197,train
3408,568462177415372801,positive,3408,train
11375,568162091175182336,negative,11375,train
14572,569597666025345024,negative,14572,train
6358,567983341405745152,positive,6358,train
13748,569727598130962432,negative,13748,train
14579,569596420761604096,negative,14579,train
9172,570084217301962752,negative,9172,train
10853,568823990321598465,negative,10853,train
12800,570016890996666368,positive,12800,train
12181,570267902726803456,negative,12181,train
14049,569673773567381505,negative,14049,train
244,569180623165915137,positive,244,train
6171,568164059981307904,positive,6171,train
11238,568382790506389504,negative,11238,train
13711,569739154600300544,negative,13711,train
516,570299819610251265,positive,516,train
10444,569298163632373761,negative,10444,train
11170,568460100970668032,negative,11170,train
10131,569526164575924225,positive,10131,train
9660,569747390758047745,negative,9660,train
11680,567822098950791168,negative,11680,train
11685,567819606904295424,positive,11685,train
11449,568107310117212161,negative,11449,train
9154,570106579879645185,negative,9154,train
14345,569630885450002432,negative,14345,train
3167,568621033273602048,positive,3167,train
3606,568237654606680064,positive,3606,train
9754,569682192332234752,negative,9754,train
10720,568941140415803393,negative,10720,train
13728,569733539899568128,positive,13728,train
9306,569992234801737728,negative,9306,train
11637,567859601900740609,negative,11637,train
4616,569977907222880256,positive,4616,train
12153,570275314036649984,negative,12153,train
10914,568787210188812289,negative,10914,train
11746,567781477761314816,negative,11746,train
8684,568027443052720130,positive,8684,train
9825,569650547562811393,negative,9825,train
12861,569998668775862272,negative,12861,train
14286,569641841454239744,negative,14286,train
13298,569894356393570304,negative,13298,train
13474,569854151531859968,negative,13474,train
6860,570095219091361792,positive,6860,train
9476,569916586682945536,negative,9476,train
10289,569388260633542657,negative,10289,train
8954,567724178317402112,positive,8954,train
4155,567802662026014720,positive,4155,train
4464,570229420058918913,positive,4464,train
14063,569672329321701376,negative,14063,train
11337,568194520497713152,negative,11337,train
11659,567842647739654144,negative,11659,train
12269,570247474465677312,negative,12269,train
12425,570192546367975424,negative,12425,train
11812,567743200614289408,negative,11812,train
10759,568902419972694016,negative,10759,train
7215,569880288702173184,positive,7215,train
7957,568929935273930752,positive,7957,train
12440,570186666276577280,negative,12440,train
9261,570018892031991808,negative,9261,train
12660,570070483338731520,negative,12660,train
12091,570295901555699712,positive,12091,train
7165,569923934054805504,positive,7165,train
11693,567812369902133248,negative,11693,train
13475,569853969469734912,negative,13475,train
11361,568171144504872961,negative,11361,train
2345,569251080598478848,positive,2345,train
2576,569032643548811264,positive,2576,train
2974,568810539939459072,positive,2974,train
11110,568497723109974016,negative,11110,train
10128,569527440499978240,negative,10128,train
14354,569629100114989056,negative,14354,train
9430,569940462678749186,negative,9430,train
9934,569608141689753600,negative,9934,train
10118,569531387629318144,negative,10118,train
13084,569943022474956802,negative,13084,train
14318,569635291490693120,positive,14318,train
13995,569680231012773888,negative,13995,train
6549,567783802492420096,positive,6549,train
12732,570042963021205504,negative,12732,train
2517,569144056305074176,positive,2517,train
12043,570307948171423745,negative,12043,train
9759,569679450750750720,negative,9759,train
12250,570251560871002112,negative,12250,train
13454,569859036360908801,negative,13454,train
4968,569596778426855426,positive,4968,train
12304,570239376283676672,negative,12304,train
10740,568916807815438336,negative,10740,train
12979,569969456190869504,negative,12979,train
10525,569226044118581248,negative,10525,train
12257,570250236402094080,negative,12257,train
10451,569289545058947072,negative,10451,train
10032,569562731356901376,negative,10032,train
9739,569686000240345090,negative,9739,train
4078,567832640289579008,positive,4078,train
13176,569920723038416897,negative,13176,train
11877,567670985403285504,negative,11877,train
12441,570186533258416133,negative,12441,train
8072,568810170383536128,positive,8072,train
11129,568490964173627393,negative,11129,train
3815,568104397869350912,positive,3815,train
12587,570097279870361600,negative,12587,train
8912,567756085583302656,positive,8912,train
7900,569036471232892929,positive,7900,train
14302,569639607639285761,negative,14302,train
13392,569874879794831360,positive,13392,train
11544,568029682626650112,positive,11544,train
13320,569890695902662657,negative,13320,train
13517,569843488969371649,negative,13517,train
7855,569176746735632384,positive,7855,train
6123,568209603332214784,positive,6123,train
12520,570130746356211713,negative,12520,train
9328,569984162377003008,negative,9328,train
2552,569088496117415937,positive,2552,train
11654,567847737061941249,negative,11654,train
11209,568428263762214913,negative,11209,train
12113,570284862122233856,positive,12113,train
14604,569592590632247297,negative,14604,train
9698,569709901737406464,negative,9698,train
7214,569883383930621952,positive,7214,train
12951,569974423903715328,negative,12951,train
10666,568996536555851776,negative,10666,train
11922,570297479029252097,negative,11922,train
2401,569227372223811584,positive,2401,train
10070,569548800169283586,negative,10070,train
10476,569263908973903872,negative,10476,train
14048,569673900805783552,negative,14048,train
7737,569296354607935488,positive,7737,train
10082,569543665221136384,negative,10082,train
13714,569738779931623425,negative,13714,train
14435,569616362223628289,negative,14435,train
13033,569956285828853761,positive,13033,train
10548,569194567603499008,negative,10548,train
13755,569724254473850880,positive,13755,train
10064,569552945324273665,negative,10064,train
6651,567744627143213056,positive,6651,train
3689,568185516971204608,positive,3689,train
9323,569985270415818752,negative,9323,train
11093,568512284202438656,negative,11093,train
12889,569989598388084736,negative,12889,train
10335,569364610572259328,negative,10335,train
13128,569934170819948544,negative,13128,train
13617,569798946740166656,negative,13617,train
10885,568803508784275457,negative,10885,train
9098,570225817873227776,negative,9098,train
10036,569561062749700097,negative,10036,train
7834,569213183455563776,positive,7834,train
7828,569223830759059458,positive,7828,train
9326,569984789673078785,negative,9326,train
11201,568438860390244353,negative,11201,train
10900,568791243800473600,negative,10900,train
11754,567777743665946624,negative,11754,train
12138,570279036582109184,positive,12138,train
14384,569623164143185920,negative,14384,train
5491,568947768149938176,positive,5491,train
9427,569941050002972672,negative,9427,train
13304,569892686624198657,negative,13304,train
10563,569180856423567361,negative,10563,train
10995,568631538541326336,negative,10995,train
10368,569347372595212289,negative,10368,train
11132,568490780203065347,negative,11132,train
12194,570265626146512896,negative,12194,train
10767,568895061284364288,negative,10767,train
9112,570214488739225601,negative,9112,train
13993,569680398185312256,positive,13993,train
11575,567919849088770048,negative,11575,train
9938,569606281998299137,negative,9938,train
877,570040644451708930,positive,877,train
10106,569535230996045825,negative,10106,train
13678,569753971406999552,negative,13678,train
721,570126668922294272,positive,721,train
2722,568933083472220160,positive,2722,train
12372,570216406119157761,positive,12372,train
6240,568103931307405312,positive,6240,train
14191,569656756764217345,negative,14191,train
12556,570106114202861568,negative,12556,train
8218,568601051584196608,positive,8218,train
9074,570248954572619776,negative,9074,train
4922,569644697309872128,positive,4922,train
11925,570296996445204480,negative,11925,train
9294,570000520083075072,negative,9294,train
9050,570269272502607873,negative,9050,train
8831,567810683485753344,positive,8831,train
8484,568213658117005314,positive,8484,train
11447,568110197966643201,negative,11447,train
5051,569491061543796737,positive,5051,train
11981,570276434763128833,negative,11981,train
14108,569665707870285824,negative,14108,train
13229,569910943720669184,negative,13229,train
806,570073757508726784,positive,806,train
13623,569794574966591489,negative,13623,train
9681,569720701197750272,negative,9681,train
12351,570222414400860160,positive,12351,train
4639,569970324810240000,positive,4639,train
9828,569649433635368961,negative,9828,train
6874,570073661241057280,positive,6874,train
8929,567737909072367616,positive,8929,train
9621,569810990189191168,negative,9621,train
13239,569908990118723584,negative,13239,train
11042,568583191260483584,negative,11042,train
6579,567772219549478912,positive,6579,train
13311,569891790343569408,negative,13311,train
8288,568528982439669761,positive,8288,train
14407,569620452043317249,negative,14407,train
4810,569704587315138560,positive,4810,train
11033,568598882613133314,positive,11033,train
6218,568113383242911744,positive,6218,train
3658,568203839242764288,positive,3658,train
11097,568507131902726144,negative,11097,train
14417,569618972535959552,negative,14417,train
9818,569652266006941698,negative,9818,train
12750,570037969819545600,negative,12750,train
10741,568914516546850816,negative,10741,train
7581,569526325255364609,positive,7581,train
10397,569332237138841600,positive,10397,train
13181,569919787888988160,negative,13181,train
10271,569418351295926273,negative,10271,train
2544,569101653573570560,positive,2544,train
119,569770363623575552,positive,119,train
11963,570281958556610560,negative,11963,train
695,570176998355701760,positive,695,train
12734,570042700835082240,negative,12734,train
9563,569874553175810050,negative,9563,train
13222,569911783596560384,negative,13222,train
9083,570240576144211968,positive,9083,train
12010,570270444646850561,negative,12010,train
11996,570273819287531520,positive,11996,train
12692,570060649780400128,negative,12692,train
14533,569603127223066624,negative,14533,train
13293,569895176631554049,negative,13293,train
11620,567867498126770176,positive,11620,train
10413,569324647906480128,negative,10413,train
12832,570004771496714241,negative,12832,train
11730,567791019086065664,negative,11730,train
141,569616490380439552,positive,141,train
1980,569495111337275392,positive,1980,train
13751,569727223990775808,negative,13751,train
10678,568991327389671425,negative,10678,train
11178,568454321219596289,negative,11178,train
9585,569864720305553409,negative,9585,train
3298,568542661684015105,positive,3298,train
11644,567854566122864640,positive,11644,train
14164,569659599709704192,positive,14164,train
12974,569970829322260481,negative,12974,train
916,570016198747758593,positive,916,train
10176,569506361266085888,negative,10176,train
12397,570202173172281344,negative,12397,train
10285,569392880911036416,negative,10285,train
13918,569691100090273792,negative,13918,train
10883,568804625257791488,negative,10883,train
10519,569234264153174017,negative,10519,train
13461,569857446371438592,negative,13461,train
12171,570270444646850561,negative,12171,train
14027,569676227981791232,negative,14027,train
13094,569940980809342976,negative,13094,train
611,570251472203587584,positive,611,train
13602,569804589437812736,negative,13602,train
10624,569115483313582080,negative,10624,train
6531,567800329824399360,positive,6531,train
404,568195292803129345,positive,404,train
13347,569884644893532161,negative,13347,train
12116,570284308210032640,negative,12116,train
11341,568192271453188096,negative,11341,train
11298,568229143860658176,negative,11298,train
10940,568774385965932545,negative,10940,train
14420,569618371148443649,negative,14420,train
8608,568118442454355968,positive,8608,train
6280,568084860008570881,positive,6280,train
9422,569943328701095937,negative,9422,train
14138,569662145886957568,negative,14138,train
6542,567789749013086208,positive,6542,train
2857,568860389640962048,positive,2857,train
2915,568832576468746240,positive,2915,train
12739,570041195113492480,negative,12739,train
10931,568777504368005120,positive,10931,train
5604,568873020460126209,positive,5604,train
11540,568032524749942784,negative,11540,train
12987,569967441591144450,negative,12987,train
13108,569938844746956800,positive,13108,train
14234,569649508113625089,negative,14234,train
6151,568180264914051072,positive,6151,train
14241,569647618932002816,positive,14241,train
11117,568494466929188864,positive,11117,train
12783,570024324666564610,negative,12783,train
4623,569976092359917568,positive,4623,train
9364,569969062228439040,negative,9364,train
9093,570230527032229889,negative,9093,train
14605,569592447455465472,negative,14605,train
13900,569692982955237377,negative,13900,train
13340,569885742526124032,negative,13340,train
11401,568139693574848513,negative,11401,train
10322,569372015980707840,negative,10322,train
14487,569608257607737344,negative,14487,train
14591,569594402114392064,negative,14591,train
11347,568181747357229057,negative,11347,train
14030,569675799122591746,negative,14030,train
10902,568790795253186560,negative,10902,train
10766,568895534825639936,negative,10766,train
14080,569670147893383168,negative,14080,train
12745,570039635541274625,negative,12745,train
11912,570299824760860672,positive,11912,train
10402,569329707084353536,negative,10402,train
11467,568088090620919808,negative,11467,train
11206,568434509017960449,negative,11206,train
7019,569953259479277568,positive,7019,train
13116,569937108095205376,negative,13116,train
12768,570032541933051904,negative,12768,train
14243,569646934031343619,negative,14243,validation
13396,569873418075672576,negative,13396,validation
9163,570085644015419393,negative,9163,validation
10249,569459269394956288,negative,10249,validation
201,569261347688607744,positive,201,validation
9119,570206113783795713,negative,9119,validation
12381,570212050548461568,negative,12381,validation
1095,569928724147077120,positive,1095,validation
11276,568247480023961600,negative,11276,validation
12176,570269280748441601,negative,12176,validation
12398,570202160564203520,negative,12398,validation
10577,569167514300784640,negative,10577,validation
12146,570275970046775297,negative,12146,validation
745,570105020999344128,positive,745,validation
11263,568258333649604608,positive,11263,validation
10551,569191270654070784,negative,10551,validation
6917,570023530466840576,positive,6917,validation
2616,568989687353729024,positive,2616,validation
9201,570071071220609024,negative,9201,validation
10864,568814284680994816,negative,10864,validation
453,567893201719156736,positive,453,validation
2692,568953367646625792,positive,2692,validation
11765,567771635139502080,negative,11765,validation
10968,568725291247525888,negative,10968,validation
9908,569621238152368128,negative,9908,validation
1968,569501080607813633,positive,1968,validation
11003,568623037962039297,negative,11003,validation
4676,569943306613886976,positive,4676,validation
10550,569191845219209217,negative,10550,validation
13673,569757272760397824,positive,13673,validation
10477,569263732280451072,positive,10477,validation
11011,568617305757728768,negative,11011,validation
9131,570190931321757696,negative,9131,validation
11777,567763837055954944,positive,11777,validation
12659,570070485653786624,negative,12659,validation
3715,568174139531513856,positive,3715,validation
10536,569217342380445696,negative,10536,validation
5645,568839199773732864,positive,5645,validation
10344,569360552272769024,negative,10344,validation
6349,568037842838024192,positive,6349,validation
11770,567768450471587840,negative,11770,validation
2006,569478023679905792,positive,2006,validation
9231,570047733236695040,negative,9231,validation
9850,569640733466103808,negative,9850,validation
12786,570021795123699712,negative,12786,validation
999,569969952654028800,positive,999,validation
11025,568606066155634688,positive,11025,validation
14429,569616934225846273,negative,14429,validation
6451,567843845247016960,positive,6451,validation
7289,569686267354599426,positive,7289,validation
10813,568854243097976832,positive,10813,validation
10822,568846188725841920,negative,10822,validation
11737,567787449053872128,negative,11737,validation
14261,569644637343711232,positive,14261,validation
14458,569613473845542912,negative,14458,validation
10934,568775800599801856,negative,10934,validation
11525,568050773910622209,negative,11525,validation
12578,570099970742886400,negative,12578,validation
9932,569609621834301440,negative,9932,validation
9734,569688335788036096,negative,9734,validation
12515,570134947828080640,negative,12515,validation
13141,569931327253966849,negative,13141,validation
11246,568361346464497664,negative,11246,validation
9897,569623359304003584,negative,9897,validation
5026,569520929128251392,positive,5026,validation
4700,569922730008518656,positive,4700,validation
13142,569930805688053761,negative,13142,validation
3723,568168460468895745,positive,3723,validation
10105,569535527227150336,negative,10105,validation
11628,567862814578061312,positive,11628,validation
7999,568891974687830016,positive,7999,validation
13250,569906183487643648,negative,13250,validation
11161,568472185993629696,negative,11161,validation
118,569774078233419776,positive,118,validation
5990,568442711910576128,positive,5990,validation
6040,568425343452721152,positive,6040,validation
6876,570070740566990848,positive,6876,validation
12705,570053952856854528,negative,12705,validation
10184,569500787849728001,negative,10184,validation
2840,568873730182504448,positive,2840,validation
13216,569913149505163264,negative,13216,validation
11828,567734499669454848,negative,11828,validation
8902,567761644802293760,positive,8902,validation
9387,569959415433965569,negative,9387,validation
9499,569905559652012032,negative,9499,validation
722,570122958695477248,positive,722,validation
14140,569661937203572738,negative,14140,validation
7613,569506389397282816,positive,7613,validation
4640,569969877286461440,positive,4640,validation
11801,567753815634370560,negative,11801,validation
2015,569474700386045955,positive,2015,validation
10857,568822571875098624,negative,10857,validation
7645,569462004332646400,positive,7645,validation
11174,568457722909368320,positive,11174,validation
14150,569661233923629056,negative,14150,validation
9239,570038112166002688,negative,9239,validation
9617,569817859406352384,negative,9617,validation
12262,570248991704788992,negative,12262,validation
11008,568619609101721601,negative,11008,validation
10738,568919673548337152,negative,10738,validation
14398,569621332863754240,negative,14398,validation
13426,569866310793826304,negative,13426,validation
13652,569769747019128832,negative,13652,validation
10704,568962249177436160,negative,10704,validation
14173,569658953828732928,negative,14173,validation
9941,569605604416888832,negative,9941,validation
12357,570220208037584896,positive,12357,validation
10996,568627373027020800,negative,10996,validation
3059,568758807418896385,positive,3059,validation
5191,569266206596734976,positive,5191,validation
14440,569616019708182529,negative,14440,validation
13506,569846045892608001,negative,13506,validation
12042,570307949614256128,negative,12042,validation
13522,569842758967386112,negative,13522,validation
2591,569012722169466880,positive,2591,validation
3397,568468054306193408,positive,3397,validation
10342,569361887659294720,negative,10342,validation
11310,568220033299542016,negative,11310,validation
8546,568174545854726144,positive,8546,validation
9838,569646309159927808,negative,9838,validation
9758,569679976053805056,positive,9758,validation
109,569873669700358144,positive,109,validation
9465,569921840904327168,negative,9465,validation
11372,568163524314144768,negative,11372,validation
13817,569710876682366977,negative,13817,validation
14635,569587686496825344,positive,14635,validation
14518,569604466757865472,negative,14518,validation
10913,568787831436345344,negative,10913,validation
12078,570298644475346945,negative,12078,validation
2327,569258454633701376,positive,2327,validation
12873,569994134997610496,positive,12873,validation
11390,568151138421207040,negative,11390,validation
2578,569027718626480128,positive,2578,validation
9388,569959393917149189,negative,9388,validation
12037,568265091226800130,negative,12037,validation
7485,569572707299299328,positive,7485,validation
14041,569674597479677952,negative,14041,validation
47,570010571707256832,positive,47,validation
7958,568929608566837249,positive,7958,validation
10946,568770442292551680,negative,10946,validation
6605,567760872739975168,positive,6605,validation
12770,570031758546063361,negative,12770,validation
9214,570060272049778688,negative,9214,validation
11937,570291431195205633,negative,11937,validation
4896,569667324879511552,positive,4896,validation
14633,569587705937600512,negative,14633,validation
11462,568100371794665472,negative,11462,validation
3113,568662835829415936,positive,3113,validation
12534,570122982863060992,negative,12534,validation
11241,568374422136070144,negative,11241,validation
13526,569841476240166912,negative,13526,validation
13334,569887742479486976,negative,13334,validation
10581,569164183473762304,negative,10581,validation
13507,569846023553720321,negative,13507,validation
12942,569975175321653248,negative,12942,validation
9546,569883376041250816,negative,9546,validation
5894,568505615208693761,positive,5894,validation
14566,569598406181695488,negative,14566,validation
14152,569660648738697216,negative,14152,validation
12256,570250371110539264,negative,12256,validation
9500,569904589010575360,positive,9500,validation
11719,567800315093979138,negative,11719,validation
8542,568177098038349825,positive,8542,validation
6825,570226143045033985,positive,6825,validation
11656,567847120990048256,negative,11656,validation
13403,569871364603031553,negative,13403,validation
10339,569362149400838144,negative,10339,validation
5161,569292859909672960,positive,5161,validation
13314,569891369390632961,negative,13314,validation
10923,568781427636092928,negative,10923,validation
10436,569308130464698368,negative,10436,validation
12297,570240452588380161,negative,12297,validation
10715,568948462030467072,negative,10715,validation
9689,569717188468334593,negative,9689,validation
12843,570002186991763457,negative,12843,validation
13765,569720605383241728,negative,13765,validation
504,570307876897628160,positive,504,validation
781,570083063331319808,positive,781,validation
13401,569871979739635712,negative,13401,validation
9556,569879601784041472,negative,9556,validation
11649,567849500536152064,negative,11649,validation
12570,570101371409559552,negative,12570,validation
9288,570004421352001536,negative,9288,validation
8399,568424725929701376,positive,8399,validation
13749,569727488131092481,negative,13749,validation
14223,569651226280751105,negative,14223,validation
9065,570257107737571329,positive,9065,validation
9625,569777311475765248,positive,9625,validation
13967,569684433218875392,negative,13967,validation
5742,568762437832478720,positive,5742,validation
14424,569617894666997761,negative,14424,validation
10543,569202715571703808,negative,10543,validation
7201,569890099917246464,positive,7201,validation
8237,568569662717313024,positive,8237,validation
3792,568121964444950529,positive,3792,validation
13586,569818121302896640,negative,13586,validation
2952,568817894030741504,positive,2952,validation
13920,569691049116839936,negative,13920,validation
10318,569372837854756864,negative,10318,validation
10910,568788849440063489,negative,10910,validation
7600,569514688809181184,positive,7600,validation
10206,569490688569679872,negative,10206,validation
10791,568873459901702145,negative,10791,validation
3334,568516490405679104,positive,3334,validation
12243,570253932880007168,negative,12243,validation
9207,570064017022181376,negative,9207,validation
11705,567804700951855104,positive,11705,validation
10535,569217929541238784,negative,10535,validation
10682,568982821454245888,negative,10682,validation
10302,569380739285786625,negative,10302,validation
9980,569594973949206529,negative,9980,validation
9996,569584885108748290,negative,9996,validation
10955,568761600359993344,negative,10955,validation
14462,569612280989495296,negative,14462,validation
10675,568994507074772992,negative,10675,validation
12051,570306529947193344,negative,12051,validation
5760,568639461648502784,positive,5760,validation
14471,569611065820110848,negative,14471,validation
13896,569693664433156096,negative,13896,validation
3674,568191654986792960,positive,3674,validation
11807,567747769176432640,negative,11807,validation
670,570208036314222592,positive,670,validation
10239,569467550100267008,negative,10239,validation
10294,569387005131546624,negative,10294,validation
11416,568134058242400256,positive,11416,validation
12612,570087510941962241,negative,12612,validation
476,567806872410161152,positive,476,validation
1646,569636454869151744,positive,1646,validation
13985,569681786860654592,negative,13985,validation
10238,569468659648872448,negative,10238,validation
14114,569664878434254848,negative,14114,validation
12936,569976030708047872,positive,12936,validation
13609,569801344988680192,negative,13609,validation
7945,568955077165260800,positive,7945,validation
4522,570070659130220544,positive,4522,validation
2160,569335779371003904,positive,2160,validation
12797,570017867342725121,negative,12797,validation
13388,569876015834484736,positive,13388,validation
9277,570011533205336064,negative,9277,validation
13325,569890109803220993,negative,13325,validation
2893,568844097374560256,positive,2893,validation
9312,569989043456380928,negative,9312,validation
4489,570209843199524864,positive,4489,validation
11368,568166268546748416,positive,11368,validation
7917,568983310438805505,positive,7917,validation
14515,569604777962643457,negative,14515,validation
12497,570146395593666560,negative,12497,validation
10787,568875591308611584,positive,10787,validation
12529,570123495180410881,negative,12529,validation
9252,570021943899877377,negative,9252,validation
11027,568605539866976256,positive,11027,validation
362,568481985221537792,positive,362,validation
2479,569178715051188226,positive,2479,validation
12517,570132715577552896,negative,12517,validation
12952,569974318463119361,positive,12952,validation
699,570175238815657984,positive,699,validation
4885,569668792265019392,positive,4885,validation
5745,568759914514014208,positive,5745,validation
8186,568629820306952192,positive,8186,validation
9066,570256300556165122,negative,9066,validation
13114,569937673206534144,positive,13114,validation
11419,568129940371214336,negative,11419,validation
11532,568039498015223808,negative,11532,validation
12776,570028289399525376,negative,12776,validation
13895,569693713087082497,negative,13895,validation
4335,570303399276761088,positive,4335,validation
12939,569975650691330048,negative,12939,validation
11850,567728481623359488,negative,11850,validation
7937,568961404067164160,positive,7937,validation
12494,570152557475028992,negative,12494,validation
6162,568170929639059456,positive,6162,validation
9529,569890311608111105,negative,9529,validation
13888,569695286907551745,negative,13888,validation
11343,568188243713372161,negative,11343,validation
13676,569754550187352064,negative,13676,validation
10460,569278421743878144,negative,10460,validation
12954,569974234908389376,positive,12954,validation
12560,570103559318081536,negative,12560,validation
11762,567776148864913408,negative,11762,validation
7854,569177868221202432,positive,7854,validation
13866,569699154965827584,negative,13866,validation
9475,569917431059099648,negative,9475,validation
11535,568035844088590336,negative,11535,validation
8410,568413198518329344,positive,8410,validation
5520,568926716644745216,positive,5520,validation
11599,567896872892899330,negative,11599,validation
9647,569758482989084674,negative,9647,validation
13785,569718162595426304,positive,13785,validation
11510,568061470933540864,negative,11510,validation
10936,568775413192921088,negative,10936,validation
12,570289584061480960,positive,12,validation
13906,569692064511692801,negative,13906,validation
7077,569939611650166785,positive,7077,validation
3683,568188203397574656,positive,3683,validation
9895,569623415767871489,negative,9895,validation
3338,568515101319254016,positive,3338,validation
14278,569642757767081984,positive,14278,validation
6895,570049623697461248,positive,6895,validation
12657,570072031502340096,negative,12657,validation
4602,569987277734207488,positive,4602,validation
9672,569727223357427712,negative,9672,validation
9844,569644249337110528,negative,9844,validation
11324,568211263303639040,negative,11324,validation
7558,569532566610571265,positive,7558,validation
13162,569925171294953473,positive,13162,validation
9805,569658168097292288,negative,9805,validation
1736,569610824647626752,positive,1736,validation
9320,569985813712392194,negative,9320,validation
6511,567810419672268800,positive,6511,validation
13303,569893064342437888,negative,13303,validation
10188,569496193249767424,negative,10188,validation
8891,567769879759962112,positive,8891,validation
11444,568111402084401152,negative,11444,validation
14149,569661321744134144,negative,14149,validation
9748,569682877300023296,negative,9748,validation
10960,568759027775225856,negative,10960,validation
7615,569504946120298496,positive,7615,validation
11315,568216602866376704,negative,11315,validation
933,570003828658950145,positive,933,validation
10310,569376311824621568,negative,10310,validation
13364,569881270987186176,negative,13364,validation
1474,569705869816012801,positive,1474,validation
9525,569892413235294208,negative,9525,validation
1329,569824565091823616,positive,1329,validation
9182,570081206412431360,negative,9182,validation
14204,569654393898864640,negative,14204,validation
14401,569620850820956160,negative,14401,validation
9080,570242452092813312,negative,9080,validation
4609,569981679806365697,positive,4609,validation
10473,569268918566719488,negative,10473,validation
9969,569597857013084160,negative,9969,validation
7146,569925551475056640,positive,7146,validation
10785,568877690821877760,negative,10785,validation
9694,569715656632999936,negative,9694,validation
3289,568552711840358401,positive,3289,validation
10632,569103475709054976,negative,10632,validation
14539,569602057285574656,negative,14539,validation
4499,570200237622611968,positive,4499,validation
8312,568495595440234496,positive,8312,validation
1181,569903812569276416,positive,1181,validation
12569,570101395698941954,negative,12569,validation
9162,570085837821632512,negative,9162,validation
14310,569637593278779392,negative,14310,validation
5213,569257626715889664,positive,5213,validation
10625,569114772211437568,negative,10625,validation
2891,568845539405656064,positive,2891,validation
10700,568964227366387713,positive,10700,validation
9094,570229647713148928,negative,9094,validation
9675,569725021951791104,negative,9675,validation
10162,569513103970455552,negative,10162,validation
8569,568157857151102976,positive,8569,validation
13763,569721039158173697,negative,13763,validation
10542,569206566035042305,negative,10542,validation
11672,567832250110337024,negative,11672,validation
12272,570246839225745408,negative,12272,validation
1717,569617494908002304,positive,1717,validation
11629,567861901603901440,negative,11629,validation
6143,568183137467043840,positive,6143,validation
12106,570288809532891137,negative,12106,validation
9291,570001283907768320,negative,9291,validation
10212,569487317917958144,negative,10212,validation
8435,568279415370735618,positive,8435,validation
14064,569672292919173120,negative,14064,validation
384,568406048777900032,positive,384,validation
9250,570023318251642883,negative,9250,validation
8448,568246340246999041,positive,8448,validation
13264,569901979151024129,negative,13264,validation
10180,569504866260930560,negative,10180,validation
9764,569677776384598017,negative,9764,validation
13567,569828681297870848,negative,13567,validation
14476,569609699152273409,negative,14476,validation
6080,568275746516385793,positive,6080,validation
11472,568083251866152960,negative,11472,validation
1036,569956446487642112,positive,1036,validation
14097,569666885035409408,negative,14097,validation
18,570270684619923457,positive,18,validation
10300,569381601374638081,negative,10300,validation
2016,569474230854660097,positive,2016,validation
7722,569307917712805889,positive,7722,validation
5627,568852176799277057,positive,5627,validation
7177,569920090440916994,positive,7177,validation
4270,567741692854276096,positive,4270,validation
13733,569731189214351360,positive,13733,validation
9612,569825133705216001,negative,9612,validation
14356,569628431236911104,negative,14356,validation
10440,569304295444774912,negative,10440,validation
4064,567844362601697280,positive,4064,validation
9411,569946472751476737,negative,9411,validation
12864,569997258772455424,negative,12864,validation
9160,570097596913623040,negative,9160,validation
9902,569622857120137216,negative,9902,validation
12844,570002083832733696,negative,12844,validation
12902,569985685723209730,negative,12902,validation
11,570289724453216256,positive,11,validation
406,568189531033174016,positive,406,validation
11280,568245558919503872,negative,11280,validation
6759,570294460476760064,positive,6759,validation
8948,567727526777073664,positive,8948,validation
8720,567905158346207233,positive,8720,validation
11667,567840103122509825,negative,11667,validation
11630,567860775752208385,negative,11630,validation
12838,570002805295095808,negative,12838,validation
10488,569256468198924288,positive,10488,validation
3870,568064545568092160,positive,3870,validation
10846,568826004891832321,negative,10846,validation
5768,568622422309482496,positive,5768,validation
11365,568167414493532161,negative,11365,validation
13803,569714842405249024,positive,13803,validation
10284,569393942296432640,negative,10284,validation
14110,569665260375793664,negative,14110,validation
12805,570015432750399488,positive,12805,validation
10222,569483987564961792,negative,10222,validation
1108,569924201559293952,positive,1108,validation
13885,569695998894673920,negative,13885,validation
10007,569578016843669504,negative,10007,validation
8799,567841828411551744,positive,8799,validation
11188,568449223730925571,negative,11188,validation
14260,569644716343455744,negative,14260,validation
10588,569158030404800513,negative,10588,validation
9756,569680829481406464,negative,9756,validation
14594,569593810390425600,negative,14594,validation
13349,569884438504427520,negative,13349,validation
3639,568215031608815617,positive,3639,validation
12446,570184083692658688,negative,12446,validation
7224,569873065464573952,positive,7224,validation
12778,570028083606122497,positive,12778,validation
12536,570122868039634944,negative,12536,validation
3301,568541016472432641,positive,3301,validation
5571,568888806805512192,positive,5571,validation
10619,569119050682339329,positive,10619,validation
4538,570052879643381760,positive,4538,validation
6618,567754504817606656,positive,6618,validation
14346,569630715698151424,negative,14346,validation
341,568553610981740544,positive,341,validation
12173,570270039737274369,positive,12173,validation
14072,569670802867556352,negative,14072,validation
12579,570099716379316224,negative,12579,validation
13500,569846990076387328,negative,13500,validation
12492,570153610870456321,negative,12492,validation
10981,568640966866935808,negative,10981,validation
13188,569917869296758784,negative,13188,validation
9082,570241590758920192,negative,9082,validation
14213,569652510950100992,negative,14213,validation
14580,569596325076955137,negative,14580,validation
10998,568626974278733826,negative,10998,validation
9633,569762394169221121,negative,9633,validation
10501,569246231500685314,negative,10501,validation
11045,568576058645188608,negative,11045,validation
9588,569861759240171522,positive,9588,validation
10148,569522534724403201,negative,10148,validation
10282,569395278731747329,negative,10282,validation
10781,568881442438176769,negative,10781,validation
12837,570002971678756865,negative,12837,validation
12380,570212118059995136,positive,12380,validation
11971,570280378193330180,negative,11971,validation
14329,569632584424153088,negative,14329,validation
14001,569678905344270336,positive,14001,validation
490,567762071258152960,positive,490,validation
8271,568542766860541952,positive,8271,validation
14623,569590013278756865,positive,14623,validation
14371,569626174617485313,negative,14371,validation
11653,567847966989508608,negative,11653,validation
5987,568444321113862145,positive,5987,validation
10674,568994622866915328,negative,10674,validation
6674,567737617031380992,positive,6674,validation
378,568437415603507200,positive,378,validation
1104,569926124488118272,positive,1104,validation
12214,570261418387353601,negative,12214,validation
9224,570052124010278912,negative,9224,validation
11391,568150866890522628,negative,11391,validation
6373,567907483177582592,positive,6373,validation
9432,569939301301153792,negative,9432,validation
9111,570215234088116224,negative,9111,validation
10217,569484900828491776,negative,10217,validation
12436,570188097305976832,negative,12436,validation
13829,569706809126055936,negative,13829,validation
381,568429677779365888,positive,381,validation
8057,568827568973066240,positive,8057,validation
12230,570257660123193345,negative,12230,validation
11498,568069549591035904,positive,11498,validation
477,567806467974365184,positive,477,validation
9135,570177698166923267,negative,9135,validation
6237,568105106647838720,positive,6237,validation
10570,569171651381702657,negative,10570,validation
11381,568158427664527360,negative,11381,validation
3699,568180799838801920,positive,3699,validation
136,569625739231948800,positive,136,validation
558,570279720937529345,positive,558,validation
13538,569838141273559040,negative,13538,validation
11714,567802378041450496,positive,11714,validation
12459,570179344833708033,negative,12459,validation
10901,568790903776636928,negative,10901,validation
12661,570070364723814402,negative,12661,validation
11384,568155954484797442,positive,11384,validation
8403,568423278555086848,positive,8403,validation
6661,567739785406873601,positive,6661,validation
1727,569615215144226816,positive,1727,validation
1626,569641346316640256,positive,1626,validation
10046,569558153202774016,negative,10046,validation
11978,570278869133107201,negative,11978,validation
9703,569708139517480960,negative,9703,validation
11838,567730390291714048,negative,11838,validation
4510,570100409009770497,positive,4510,validation
8644,568087713972236289,positive,8644,validation
4679,569941609225293824,positive,4679,validation
14210,569653752279531521,negative,14210,validation
14550,569600780048560128,negative,14550,validation
11118,568494200163074048,positive,11118,validation
12166,570271479616573440,positive,12166,validation
11586,567908391256875008,negative,11586,validation
12333,570226695724244992,negative,12333,validation
11321,568213843618299904,negative,11321,validation
10974,568650058780041216,negative,10974,validation
10374,569343970360348672,negative,10374,validation
12931,569977521690669056,negative,12931,validation
491,567759012806029312,positive,491,validation
2665,568964534083268608,positive,2665,validation
11669,567834021293596672,positive,11669,validation
12580,570099562548834304,positive,12580,validation
10613,569124893477842944,negative,10613,validation
5139,569312734896136193,positive,5139,validation
9653,569757651539660801,negative,9653,validation
9945,569604198771363840,negative,9945,validation
1033,569958247412723712,positive,1033,validation
10240,569466525297590272,negative,10240,validation
8215,568602015456215040,positive,8215,validation
6306,568067878546755584,positive,6306,validation
13869,569698856037789696,negative,13869,validation
10530,569223482791366656,negative,10530,validation
8202,568612181480243200,positive,8202,validation
7913,568987540155453440,positive,7913,validation
12007,570270777121103872,negative,12007,validation
10683,568981931599237120,negative,10683,validation
11349,568178085415092226,negative,11349,validation
13805,569714439517138944,positive,13805,validation
11752,567778498723737600,negative,11752,validation
6838,570208115205021696,positive,6838,validation
10152,569519156502106112,negative,10152,validation
11259,568265355115814913,positive,11259,validation
13752,569727135717281792,negative,13752,validation
5703,568794864533385216,positive,5703,validation
13288,569895516139421696,negative,13288,validation
12944,569975113694760960,positive,12944,validation
7226,569867719874650112,positive,7226,validation
5353,569171003852468224,positive,5353,validation
10564,569180231782801408,negative,10564,validation
8393,568427853265571840,positive,8393,validation
12142,570276434763128833,negative,12142,validation
11152,568475305675001857,negative,11152,validation
2909,568834824410148864,positive,2909,validation
13720,569736870927556608,negative,13720,validation
11306,568223380375076864,positive,11306,validation
12074,570299252141903873,positive,12074,validation
5755,568664266502479872,positive,5755,validation
12595,570094120993054720,positive,12595,validation
12157,570273819287531520,positive,12157,validation
12308,570238052943208450,negative,12308,validation
14026,569676250312249344,negative,14026,validation
13231,569910774556004352,negative,13231,validation
14262,569644495517589504,negative,14262,validation
12263,570248695670841344,negative,12263,validation
10265,569429468781150208,negative,10265,validation
13658,569768294648905728,negative,13658,validation
13155,569926212400709632,negative,13155,validation
14092,569667918557900800,negative,14092,validation
13441,569863705841831936,negative,13441,validation
14559,569599312671301633,negative,14559,validation
13125,569934371488202752,positive,13125,validation
7555,569533355248766976,positive,7555,validation
13104,569939736782962688,negative,13104,validation
10553,569190357344358400,negative,10553,validation
9632,569763137819267072,negative,9632,validation
10056,569555929798217730,negative,10056,validation
11732,567790572833103872,negative,11732,validation
9399,569950482665308160,positive,9399,validation
9790,569666826352898048,negative,9790,validation
2716,568941851228528642,positive,2716,validation
10071,569548355489148928,negative,10071,validation
11527,568045111189372928,negative,11527,validation
12577,570100035167379456,negative,12577,validation
9744,569684138304741377,negative,9744,validation
5146,569309777567875075,positive,5146,validation
10370,569346721173655552,negative,10370,validation
13294,569895082402295810,negative,13294,validation
10386,569338605057015808,negative,10386,validation
12247,570252614320783361,negative,12247,validation
13076,569946012988669954,negative,13076,validation
9305,569992362728005632,positive,9305,validation
11592,567904569679880192,negative,11592,validation
5752,568697648028487680,positive,5752,validation
14419,569618659917893632,negative,14419,validation
12324,570232122826493953,negative,12324,validation
11834,567732351774781440,negative,11834,validation
11759,567776714303238144,negative,11759,validation
12071,570300262302289920,positive,12071,validation
10709,568959416524886016,negative,10709,validation
9062,570258435448688641,negative,9062,validation
14404,569620597543739392,negative,14404,validation
11915,570298744723415040,positive,11915,validation
9429,569940889591795712,negative,9429,validation
8340,568472330097332225,positive,8340,validation
5016,569538524321419265,positive,5016,validation
8097,568796340714639360,positive,8097,validation
12189,570266460003508225,negative,12189,validation
12134,570279653337927680,positive,12134,validation
11226,568396913726382080,negative,11226,validation
3129,568650724399321088,positive,3129,validation
9605,569841949185839104,negative,9605,validation
13854,569700953164615681,negative,13854,validation
8909,567758065320361985,positive,8909,validation
10718,568947623626846208,negative,10718,validation
12248,570252431113760768,negative,12248,validation
4025,567867311744380928,positive,4025,validation
11870,567721806040031232,negative,11870,validation
9092,570231607757381632,negative,9092,validation
13433,569864892695490560,negative,13433,validation
13542,569837381261533185,negative,13542,validation
9794,569663278298890241,negative,9794,validation
12328,570229222662410240,negative,12328,validation
9901,569623156337586177,negative,9901,validation
10257,569438126806052864,negative,10257,validation
10774,568887349481861120,negative,10774,validation
464,567823564167192576,positive,464,validation
13266,569900867324932096,negative,13266,validation
9233,570045818205384704,negative,9233,validation
9885,569626841046224896,negative,9885,validation
9264,570017458742030336,negative,9264,validation
9622,569810057795391488,negative,9622,validation
10598,569143915405651968,negative,10598,validation
10860,568818512191471616,positive,10860,validation
9128,570196428364111873,negative,9128,validation
13520,569843331930263552,negative,13520,validation
12755,570036187815149570,negative,12755,validation
12857,569999295631527937,negative,12857,validation
8802,567836728100200449,positive,8802,validation
9864,569633287204773888,negative,9864,validation
5587,568882321119510528,positive,5587,validation
12028,569699455919726593,negative,12028,validation
7443,569603641767792641,positive,7443,validation
14335,569631775766368256,negative,14335,validation
10392,569337064484962304,negative,10392,validation
10110,569533159475277825,negative,10110,validation
10268,569419928173989889,negative,10268,validation
11487,568076483664568320,negative,11487,validation
4170,567796570197086208,positive,4170,validation
9571,569870442388983808,negative,9571,validation
1865,569544873809989632,positive,1865,validation
9874,569629631814508544,negative,9874,validation
1344,569807000927920128,positive,1344,validation
9295,570000158454353920,negative,9295,validation
6253,568093988516802560,positive,6253,validation
13393,569874679973818369,negative,13393,validation
14135,569662471213948928,negative,14135,validation
10971,568706442850660352,negative,10971,validation
10850,568824821531996162,negative,10850,validation
10343,569361587032748032,negative,10343,validation
13831,569706754025660417,negative,13831,validation
10179,569504928810414080,negative,10179,validation
12046,570307369328095232,negative,12046,validation
14517,569604659712811009,negative,14517,validation
14431,569616699604934656,negative,14431,validation
13215,569913274218622977,negative,13215,validation
10970,568715209944244224,negative,10970,validation
12626,570084690608201728,negative,12626,validation
8044,568840506148573186,positive,8044,validation
14527,569604173236477952,negative,14527,validation
11666,567840122454052864,positive,11666,validation
14094,569667675603009537,negative,14094,validation
10387,569338492515278848,negative,10387,validation
4905,569666606424420352,positive,4905,validation
13502,569846882291159040,positive,13502,validation
10267,569421367243878400,negative,10267,validation
14146,569661596898709504,negative,14146,validation
9120,570205604314255360,negative,9120,validation
13595,569811246096064512,negative,13595,validation
12110,570287638084763648,negative,12110,validation
11290,568236763128463361,negative,11290,validation
12112,570286841737318400,negative,12112,validation
5606,568870144891600896,positive,5606,validation
14175,569658725016809472,negative,14175,validation
8059,568826055324098562,positive,8059,validation
12850,570001092206923776,negative,12850,validation
8048,568837619372593153,positive,8048,validation
10103,569535962604310529,negative,10103,validation
12101,570290337169739776,negative,12101,validation
13057,569950555344228352,negative,13057,validation
3662,568201465958772736,positive,3662,validation
9534,569888646633017344,negative,9534,validation
9774,569671712830308352,negative,9774,validation
14576,569596652622721024,negative,14576,validation
10429,569313126342123520,negative,10429,validation
7283,569692158287962112,positive,7283,validation
9869,569632379326869504,negative,9869,validation
12540,570121276016234496,negative,12540,validation
12280,570244720229797889,negative,12280,validation
13809,569713890138963968,negative,13809,validation
10826,568843696105496577,negative,10826,validation
7166,569923825179054081,positive,7166,validation
13723,569734641193586688,negative,13723,validation
11369,568165058229997569,negative,11369,validation
6203,568134211493695488,positive,6203,validation
12422,570193307139239936,negative,12422,validation
12201,570264159687806976,negative,12201,validation
8666,568052101504372737,positive,8666,validation
9513,569896616322334720,negative,9513,validation
11232,568387111931527168,negative,11232,validation
9483,569910971222892545,negative,9483,validation
11979,570278803399798784,negative,11979,validation
10603,569136050951622656,positive,10603,validation
9524,569892553690124288,positive,9524,validation
8647,568084948948684800,positive,8647,validation
13380,569878537999503360,negative,13380,validation
4449,570249864841285632,positive,4449,validation
11829,567734357839056896,negative,11829,validation
8731,567894002286096384,positive,8731,validation
6611,567758180068130816,positive,6611,validation
138,569620102389350401,positive,138,validation
4667,569950945389518848,positive,4667,validation
14256,569645294708609025,negative,14256,validation
12036,568551906634797056,positive,12036,validation
13681,569752206343348224,negative,13681,validation
7589,569524116769914882,positive,7589,validation
11309,568220625648672768,negative,11309,validation
8131,568754053083222016,positive,8131,validation
8211,568602933035601921,positive,8211,validation
5553,568898165635575808,positive,5553,validation
11325,568211021497638912,negative,11325,validation
8230,568583737417605122,positive,8230,validation
9439,569938119060955136,negative,9439,validation
11553,568015003883859969,positive,11553,validation
8007,568882606634369024,positive,8007,validation
13990,569680818228084736,negative,13990,validation
11389,568152863962238976,positive,11389,validation
12012,570270039737274369,positive,12012,validation
5272,569223447005433856,positive,5272,validation
6774,570287704728084480,positive,6774,validation
14221,569651357491326976,negative,14221,validation
13377,569878990841901056,negative,13377,validation
11216,568416602728890370,negative,11216,validation
10005,569579478168547328,negative,10005,validation
14626,569589460226183168,negative,14626,validation
9960,569600720254541824,negative,9960,validation
9846,569642526065471488,negative,9846,validation
14264,569644332573007873,negative,14264,validation
74,569942903683813376,positive,74,validation
13812,569713244320837633,negative,13812,validation
4729,569894088209596416,positive,4729,validation
10361,569353230007664640,negative,10361,validation
13137,569932216966516736,negative,13137,validation
13795,569715802703859712,negative,13795,validation
11691,567812687893262336,positive,11691,validation
10272,569417702764363776,negative,10272,validation
13810,569713719124602880,negative,13810,validation
4982,569585343084650496,positive,4982,validation
5363,569165556722503681,positive,5363,validation
75,569941957490774016,positive,75,validation
8,570299953286942721,positive,8,validation
5140,569312688272052224,positive,5140,validation
14445,569615444300185600,negative,14445,validation
12869,569996479416438784,negative,12869,validation
3244,568573889359556608,positive,3244,validation
9521,569894035797753856,negative,9521,validation
13696,569744516715913216,negative,13696,validation
1853,569554916064284672,positive,1853,validation
12506,570139793608175616,negative,12506,validation
12026,569944281512685570,negative,12026,validation
9707,569704066760232960,negative,9707,validation
10614,569124496990466051,negative,10614,validation
13186,569918774788419584,negative,13186,validation
14225,569651021175267332,negative,14225,validation
9073,570249204767055872,negative,9073,validation
2712,568946825798905856,positive,2712,validation
13099,569940685757014016,negative,13099,validation
9737,569686624721707009,negative,9737,validation
11973,570279653337927680,positive,11973,validation
11571,567925957090238464,negative,11571,validation
10784,568877748967444480,negative,10784,validation
8653,568078149231067136,positive,8653,validation
11793,567757203093090305,negative,11793,validation
11235,568384147464568834,negative,11235,validation
3348,568506797805318144,positive,3348,validation
493,567753757702647810,positive,493,validation
10028,569565125344141312,negative,10028,validation
13232,569910765173362688,positive,13232,validation
10653,569007890029129728,negative,10653,validation
13511,569844379176853504,negative,13511,validation
10002,569581828258078721,negative,10002,validation
7064,569942703494070272,positive,7064,validation
4567,570011378091753472,positive,4567,validation
14257,569645082414080000,negative,14257,validation
10978,568644053522391041,negative,10978,validation
6685,567734329212940288,positive,6685,validation
11136,568483559532568576,negative,11136,validation
10319,569372595067490304,negative,10319,validation
8547,568173938292985858,positive,8547,validation
5372,569162276403609600,positive,5372,validation
10320,569372422509453313,negative,10320,validation
9815,569653415317413888,negative,9815,validation
11030,568602309703249921,negative,11030,validation
323,568643040073506816,positive,323,validation
12986,569967897600139264,negative,12986,validation
882,570038991527002112,positive,882,validation
13840,569703866997952512,negative,13840,validation
9589,569860355746213893,negative,9589,validation
11499,568069363280035840,negative,11499,validation
9614,569822645065093121,negative,9614,validation
10786,568877353478299648,negative,10786,validation
7888,569096740676222976,positive,7888,validation
5521,568926656615690240,positive,5521,validation
13921,569690711026573312,negative,13921,validation
6090,568258896038506496,positive,6090,validation
12593,570095043169529857,positive,12593,validation
1648,569635707746160642,positive,1648,validation
9971,569597328522387456,negative,9971,validation
11813,567742912579272704,negative,11813,validation
13893,569693808914522113,negative,13893,validation
11517,568055678201438208,negative,11517,validation
307,568803996774879232,positive,307,validation
9776,569671485930876928,negative,9776,validation
11407,568138172133183488,negative,11407,validation
14239,569648102669471744,negative,14239,validation
5246,569234280632754176,positive,5246,validation
4455,570245840612265985,positive,4455,validation
13686,569747280552538112,negative,13686,validation
10622,569117360965193728,negative,10622,validation
11198,568440682584477696,negative,11198,validation
6806,570243767585935360,positive,6806,validation
12785,570021871577477120,negative,12785,validation
11726,567793186698190848,negative,11726,validation
1874,569541848877957120,positive,1874,validation
9343,569972804822704128,negative,9343,validation
12998,569964162979221504,negative,12998,validation
11329,568208488335331329,negative,11329,validation
7438,569605593159352322,positive,7438,validation
6367,567931567881875457,positive,6367,validation
9894,569623606684209154,negative,9894,validation
8459,568241156347305984,positive,8459,validation
7012,569957094788624384,positive,7012,validation
3494,568379326678368256,positive,3494,validation
10723,568937741037088768,negative,10723,validation
9699,569709870729068544,negative,9699,validation
12583,570097604182351872,negative,12583,validation
9822,569651085348110336,negative,9822,validation
14040,569674725623926784,negative,14040,validation
10811,568857278721478656,negative,10811,validation
10520,569230567759327233,negative,10520,validation
12316,570235209783717889,negative,12316,validation
4988,569571448412438528,positive,4988,validation
14009,569678153783877634,negative,14009,validation
12597,570093520909832192,negative,12597,validation
10840,568833970143698944,negative,10840,validation
9930,569610542723309568,negative,9930,validation
1604,569647413285265408,positive,1604,validation
13207,569914808339836928,negative,13207,validation
8264,568547201208565760,positive,8264,validation
6831,570218339118800896,positive,6831,validation
13887,569695357858238464,negative,13887,validation
10168,569509520034156544,negative,10168,validation
9319,569985838689456128,negative,9319,validation
6656,567741202884075520,positive,6656,validation
3981,567893808022568961,positive,3981,validation
10533,569220243123544065,positive,10533,validation
10437,569307561083703296,negative,10437,validation
7529,569542242983124992,positive,7529,validation
1613,569645065792069632,positive,1613,validation
8053,568834182694240256,positive,8053,validation
10314,569373650647945216,negative,10314,validation
13253,569905765420441600,negative,13253,validation
11821,567735943424397312,negative,11821,validation
6872,570075711433609216,positive,6872,validation
1938,569513703722393601,positive,1938,validation
13049,569951438329085952,negative,13049,validation
14297,569640847119163394,positive,14297,validation
13999,569679254495100928,negative,13999,validation
11257,568273310347165696,positive,11257,validation
13807,569714230842302464,negative,13807,validation
11438,568114056034324480,negative,11438,validation
4583,569996423074160640,positive,4583,validation
8742,567878078782898176,positive,8742,validation
9116,570208640520622080,negative,9116,validation
3868,568067065388642304,positive,3868,validation
9433,569939286935674880,negative,9433,validation
4024,567868544572063744,positive,4024,validation
10465,569274195332325377,negative,10465,validation
3613,568233965800304640,positive,3613,validation
8626,568100786657316864,positive,8626,validation
13925,569690433996984320,negative,13925,validation
3339,568514213921947648,positive,3339,validation
7719,569310070825226241,positive,7719,validation
8462,568240048384151554,positive,8462,validation
11088,568517827482685440,positive,11088,validation
7192,569899437662863360,positive,7192,validation
10733,568929851379478529,negative,10733,validation
9979,569595015518793730,negative,9979,validation
13361,569881463233097728,negative,13361,validation
10611,569126397161054208,negative,10611,validation
7181,569911600934752256,positive,7181,validation
12244,570253919697244160,negative,12244,validation
13743,569728440758181889,negative,13743,validation
10164,569512408420622336,negative,10164,validation
10286,569392511732588544,negative,10286,validation
13554,569832733226110976,negative,13554,validation
14481,569608733321498627,positive,14481,validation
8302,568509302505377792,positive,8302,validation
12296,570240524592017408,negative,12296,validation
13491,569850239789568000,negative,13491,validation
13335,569887584861749250,negative,13335,validation
12652,570074886606958592,positive,12652,validation
12156,570274148364242947,positive,12156,validation
14373,569625456816709633,negative,14373,validation
498,567742578561650688,positive,498,validation
14350,569630106940895233,negative,14350,validation
12863,569997655713173504,negative,12863,validation
11382,568157856576475136,positive,11382,validation
11195,568443870570278912,negative,11195,validation
10962,568751669892268032,negative,10962,validation
6539,567791182199197697,positive,6539,test
10658,568999879176949760,negative,10658,test
12726,570044332843134976,positive,12726,test
12795,570018285544206337,negative,12795,test
6343,568047468384002048,positive,6343,test
3198,568602007583354880,positive,3198,test
12643,570078556711026688,positive,12643,test
9947,569603833804038144,negative,9947,test
9954,569601628279480320,negative,9954,test
2713,568946758404808704,positive,2713,test
4973,569589454194790400,positive,4973,test
11997,570273710210469888,positive,11997,test
13754,569724545738760192,negative,13754,test
34,570076792993611776,positive,34,test
6826,570225899964129281,positive,6826,test
941,569999614624927744,positive,941,test
13591,569815545077501952,negative,13591,test
11966,570281470507352064,negative,11966,test
14530,569603962233622528,positive,14530,test
8351,568444650903748609,positive,8351,test
12307,570238126611963905,negative,12307,test
6400,567880664600698880,positive,6400,test
12187,570267066919313408,negative,12187,test
9762,569678568692719616,negative,9762,test
12823,570007830083854338,negative,12823,test
5630,568849994167529472,positive,5630,test
10880,568806740227166208,negative,10880,test
12349,570222495145406465,negative,12349,test
11278,568246736222879744,negative,11278,test
9102,570223460632403969,negative,9102,test
14134,569662896344592385,positive,14134,test
4370,570284129138274304,positive,4370,test
14368,569626703959494656,negative,14368,test
11218,568411114448523264,negative,11218,test
12803,570015876902232064,negative,12803,test
11494,568072770103308288,positive,11494,test
10906,568790015142178816,negative,10906,test
9896,569623396729917440,negative,9896,test
11070,568540062306181120,negative,11070,test
12662,570070044547403777,negative,12662,test
10502,569245856680914944,negative,10502,test
12609,570088310334484480,negative,12609,test
12452,570181406787301378,negative,12452,test
4878,569670402223562752,positive,4878,test
11843,567729414822449152,negative,11843,test
13641,569782460000514048,negative,13641,test
9115,570212087223287809,positive,9115,test
9149,570110280635588608,positive,9149,test
10591,569153841083625473,negative,10591,test
10296,569386397683073024,negative,10296,test
2625,568986700984283136,positive,2625,test
11610,567881730490646528,positive,11610,test
9949,569603357406576641,negative,9949,test
12982,569969267589947394,negative,12982,test
10040,569559311095095296,negative,10040,test
5805,568584029106266113,positive,5805,test
12812,570011304221667328,negative,12812,test
9891,569624406437306370,negative,9891,test
13333,569887773953527808,negative,13333,test
7162,569924116335108096,positive,7162,test
4898,569667246026416130,positive,4898,test
7607,569510849846611968,positive,7607,test
9963,569599725240000513,negative,9963,test
11879,570308309682675712,negative,11879,test
14542,569601519663906819,negative,14542,test
10177,569506137013420032,negative,10177,test
12032,569601363799359488,negative,12032,test
4520,570073365265944576,positive,4520,test
4763,569864693998690304,positive,4763,test
12819,570008958691364864,negative,12819,test
223,569221440794271745,positive,223,test
5931,568478666868588545,positive,5931,test
13135,569932833709527041,negative,13135,test
2198,569319046790819840,positive,2198,test
14069,569671290111393792,negative,14069,test
14341,569631377865515008,negative,14341,test
5865,568538034947297281,positive,5865,test
6583,567770347065384960,positive,6583,test
8829,567811776566542336,positive,8829,test
6102,568228761566642176,positive,6102,test
13286,569895618866315264,negative,13286,test
12345,570223806322581504,negative,12345,test
397,568239036533497856,positive,397,test
11554,568013199599120384,negative,11554,test
9926,569612379811676161,negative,9926,test
7914,568984446487166976,positive,7914,test
11511,568061283200839681,negative,11511,test
11955,570284308210032640,negative,11955,test
9651,569757907048202240,negative,9651,test
3337,568515553666539520,positive,3337,test
13355,569883153231257601,negative,13355,test
10058,569555455963471872,negative,10058,test
14486,569608265623064576,negative,14486,test
12967,569972422130032640,negative,12967,test
10596,569145957721505792,negative,10596,test
13484,569851952282112000,negative,13484,test
11285,568243079003529216,negative,11285,test
9035,570274750821486592,positive,9035,test
7084,569938880495026176,positive,7084,test
11383,568156002941415425,negative,11383,test
8089,568799543698935808,positive,8089,test
9824,569650751598944256,negative,9824,test
9868,569632685318115329,negative,9868,test
13789,569717605277130752,negative,13789,test
7343,569659473804947456,positive,7343,test
6228,568108100827217920,positive,6228,test
8816,567824260207738880,positive,8816,test
11333,568200350697717760,negative,11333,test
9909,569621210746789888,negative,9909,test
14614,569591540944756737,negative,14614,test
10050,569557167411478528,negative,10050,test
10121,569529412196167682,negative,10121,test
10523,569229135752642560,negative,10523,test
6782,570280755085090816,positive,6782,test
6048,568413673330331648,positive,6048,test
9634,569760267485122560,negative,9634,test
13561,569830532516868097,negative,13561,test
11633,567860175740092416,negative,11633,test
3088,568702964623216643,positive,3088,test
14039,569674812781694976,negative,14039,test
11798,567754392682901504,negative,11798,test
6070,568308149796474880,positive,6070,test
13416,569868201720287232,negative,13416,test
14433,569616573905936384,negative,14433,test
13469,569855409567207424,negative,13469,test
505,570307847281614848,positive,505,test
13844,569703417628770304,negative,13844,test
13691,569745801121009664,negative,13691,test
9970,569597711789502464,negative,9970,test
6461,567833231434723328,positive,6461,test
8845,567803467282046976,positive,8845,test
13525,569841575737499648,positive,13525,test
9366,569968886227050496,negative,9366,test
7040,569948345583562752,positive,7040,test
6545,567785122708332546,positive,6545,test
12220,570259540697948162,positive,12220,test
9693,569716449704587265,negative,9693,test
9717,569699279566016512,negative,9717,test
12521,570129843594997760,negative,12521,test
11976,570279118438182913,positive,11976,test
13950,569687291007881216,negative,13950,test
4607,569983469930967040,positive,4607,test
11903,570302358242115584,positive,11903,test
14618,569591136534319105,negative,14618,test
13118,569936251551232000,positive,13118,test
14087,569668652045369344,positive,14087,test
12876,569993494715977728,negative,12876,test
9773,569671871634935809,negative,9773,test
14603,569592674400907264,negative,14603,test
13172,569921082708389888,negative,13172,test
8480,568214398474432512,positive,8480,test
10512,569241467916566530,negative,10512,test
13026,569957703813976065,negative,13026,test
9403,569949007465844736,negative,9403,test
13601,569805235255783424,negative,13601,test
7248,569775081636782081,positive,7248,test
13657,569769214388473857,negative,13657,test
14198,569655141890170880,positive,14198,test
3396,568468409471492096,positive,3396,test
9237,570043114058076160,negative,9237,test
13705,569740739912949760,negative,13705,test
422,568119079371997186,positive,422,test
14143,569661761449791488,negative,14143,test
12695,570057993770831872,negative,12695,test
8906,567758927111401474,positive,8906,test
13962,569685261518376960,positive,13962,test
11303,568224769872502784,negative,11303,test
11179,568454157478326272,negative,11179,test
10065,569552426698723330,negative,10065,test
5481,568953190252544000,positive,5481,test
11958,570283544125288448,negative,11958,test
11286,568242359928037377,negative,11286,test
273,568910590921609216,positive,273,test
13677,569754108321607680,negative,13677,test
10897,568793221809250304,negative,10897,test
11078,568527941723774976,negative,11078,test
5897,568502289402630144,positive,5897,test
14276,569642989515112448,negative,14276,test
14016,569677478077136897,negative,14016,test
14031,569675774627848192,negative,14031,test
10824,568845421390344192,negative,10824,test
6807,570242512012451840,positive,6807,test
12919,569980631548973057,negative,12919,test
11504,568064027437301760,negative,11504,test
11524,568053242426470401,negative,11524,test
9551,569881123741937664,negative,9551,test
7121,569929507945234433,positive,7121,test
13991,569680659288969218,negative,13991,test
14023,569676333766328320,negative,14023,test
12344,570224015656284160,negative,12344,test
13848,569701794567163905,negative,13848,test
14512,569604994825105408,negative,14512,test
14100,569666689589231616,negative,14100,test
8498,568205359208230912,positive,8498,test
13136,569932363641298944,negative,13136,test
11089,568517386795507712,positive,11089,test
10158,569516370506993664,negative,10158,test
8783,567849376925618176,positive,8783,test
9855,569638678194040832,negative,9855,test
9745,569684101197910016,negative,9745,test
11044,568576810474201088,positive,11044,test
14563,569598942821744640,negative,14563,test
14155,569660442408321024,negative,14155,test
306,568805696780824576,positive,306,test
5126,569324035835711489,positive,5126,test
6276,568085366441246720,positive,6276,test
14067,569671659394699265,negative,14067,test
13494,569849550032101377,positive,13494,test
12827,570006768681492481,negative,12827,test
8252,568556148368019456,positive,8252,test
12559,570103908607135744,negative,12559,test
11709,567803049130094592,negative,11709,test
13874,569698145703043072,negative,13874,test
948,569995706909503488,positive,948,test
12477,570174284284497920,negative,12477,test
12305,570238822157570048,negative,12305,test
11435,568116602186502144,negative,11435,test
5149,569306524155310080,positive,5149,test
9537,569886919833874432,negative,9537,test
10635,569083218554519552,negative,10635,test
9482,569911064105754624,negative,9482,test
11060,568550060461408257,negative,11060,test
4203,567780426601996288,positive,4203,test
9235,570043607954137090,negative,9235,test
7780,569249704543965184,positive,7780,test
13741,569729569428627456,positive,13741,test
14447,569615290956259328,negative,14447,test
13088,569942094766325762,negative,13088,test
12541,570119444451745792,negative,12541,test
1851,569555146562080768,positive,1851,test
13879,569696864091697152,negative,13879,test
9492,569908781720702976,negative,9492,test
10185,569500607637262336,negative,10185,test
12940,569975294158901248,negative,12940,test
12196,570264948548313088,positive,12196,test
4280,567735204656066560,positive,4280,test
14282,569642200595898368,negative,14282,test
14186,569657504273027073,negative,14186,test
9368,569968609440563201,negative,9368,test
10673,568994696980238336,negative,10673,test
9677,569722436935151616,negative,9677,test
14038,569674883099205632,negative,14038,test
9253,570021485466685440,negative,9253,test
10463,569277895224516608,negative,10463,test
2622,568987648691449857,positive,2622,test
13861,569700244050440192,negative,13861,test
10916,568785504004497408,positive,10916,test
11442,568112232208293889,negative,11442,test
10804,568862015575461889,negative,10804,test
11602,567893710949588993,negative,11602,test
6811,570239272575315969,positive,6811,test
13202,569915269767757824,negative,13202,test
11029,568604735772741632,negative,11029,test
14222,569651320736522240,negative,14222,test
14477,569609590171676675,negative,14477,test
10479,569263496560422912,positive,10479,test
9024,570279106090274817,positive,9024,test
2896,568842357069770752,positive,2896,test
10218,569484781668458496,negative,10218,test
9577,569869978217914368,negative,9577,test
12637,570080545461407745,negative,12637,test
13011,569961111086362625,negative,13011,test
1411,569730682949398528,positive,1411,test
7561,569530599129501696,positive,7561,test
11457,568104590387884032,negative,11457,test
13175,569920773105840128,negative,13175,test
13138,569931787398303744,positive,13138,test
994,569971033182048256,positive,994,test
12670,570068397544710144,negative,12670,test
9101,570223851570909185,negative,9101,test
14525,569604243226652672,negative,14525,test
4050,567850537716092928,positive,4050,test
13597,569810928449003521,negative,13597,test
13573,569825634295230466,negative,13573,test
5707,568787787815776256,positive,5707,test
14589,569594855556452352,negative,14589,test
14410,569620202045841408,negative,14410,test
7885,569109515657826304,positive,7885,test
11417,568133754142793728,negative,11417,test
9991,569587844693536768,negative,9991,test
10298,569382407847211008,negative,10298,test
10018,569569120951390209,negative,10018,test
9381,569961070519050240,negative,9381,test
13899,569693300120113152,negative,13899,test
8438,568270768989081600,positive,8438,test
9263,570017568964132865,negative,9263,test
11839,567730323988172800,positive,11839,test
10127,569527721916796929,negative,10127,test
6680,567735766416392194,positive,6680,test
13661,569766247715319808,negative,13661,test
8036,568849719625158657,positive,8036,test
9911,569619861879590912,negative,9911,test
11564,567988647263252480,negative,11564,test
13569,569827608193585152,negative,13569,test
11561,568003851145461760,positive,11561,test
9157,570104544622981122,negative,9157,test
3283,568556238012678144,positive,3283,test
11183,568451138221166592,negative,11183,test
12216,570261328511643648,negative,12216,test
12090,570295981985681409,negative,12090,test
9570,569870445710671872,negative,9570,test
3070,568738229274464256,positive,3070,test
2415,569218838190907393,positive,2415,test
10317,569373336922230784,negative,10317,test
1949,569507060209090561,positive,1949,test
14488,569608190410809344,negative,14488,test
1090,569930630059974656,positive,1090,test
8810,567829088380919809,positive,8810,test
14400,569621173811736576,negative,14400,test
11415,568134273628155904,negative,11415,test
13078,569945018527428608,negative,13078,test
12379,570212842206580736,negative,12379,test
12912,569981947612676096,positive,12912,test
12829,570006707935571969,negative,12829,test
5951,568464798926524417,positive,5951,test
3276,568559680894550016,positive,3276,test
13838,569704219315318784,negative,13838,test
13699,569742876793372672,negative,13699,test
10406,569328005677494272,negative,10406,test
13783,569718410944188417,negative,13783,test
9767,569673913892003840,negative,9767,test
10507,569242425530712064,negative,10507,test
11418,568132101729443841,negative,11418,test
9976,569595745126494208,negative,9976,test
9861,569634364780351488,positive,9861,test
9643,569759131143262208,negative,9643,test
10493,569252020474896385,negative,10493,test
9246,570030083093729280,negative,9246,test
12699,570057784114302977,negative,12699,test
10842,568829465788350464,negative,10842,test
13079,569944807830736896,negative,13079,test
2077,569383892542738432,positive,2077,test
10994,568632534117908480,negative,10994,test
11805,567751025890709504,positive,11805,test
11590,567905194563997696,negative,11590,test
11607,567885719894642688,negative,11607,test
12892,569989252613689344,negative,12892,test
391,568303606710956032,positive,391,test
375,568451468560187393,positive,375,test
13857,569700696624246785,positive,13857,test
10345,569360352594546688,negative,10345,test
5580,568884252110159873,positive,5580,test
10308,569377633894445056,negative,10308,test
2412,569221210019487745,positive,2412,test
7553,569533479362408448,positive,7553,test
9355,569970608693493760,negative,9355,test
2551,569088814184079361,positive,2551,test
13958,569686237478572032,negative,13958,test
13431,569865061855932416,negative,13431,test
11334,568199988255330304,negative,11334,test
9490,569909058250997760,positive,9490,test
9619,569815690531758082,negative,9619,test
13404,569871068833435648,negative,13404,test
527,570294743684517888,positive,527,test
13886,569695794598531072,negative,13886,test
6184,568149194654904320,positive,6184,test
5607,568869594531651584,positive,5607,test
2123,569357196141719552,positive,2123,test
1177,569904824793362433,positive,1177,test
13443,569863229356310528,negative,13443,test
4818,569700277244141568,positive,4818,test
10163,569512656274468864,negative,10163,test
10169,569509505022746624,negative,10169,test
9871,569630712233627648,negative,9871,test
5784,568605955614642176,positive,5784,test
1608,569646535215939585,positive,1608,test
12799,570017101097934849,negative,12799,test
10093,569539560910282752,negative,10093,test
10078,569544955800264704,negative,10078,test
13226,569911344658386944,negative,13226,test
13780,569718484151750656,negative,13780,test
9957,569600990430806017,negative,9957,test
10197,569493923451834369,negative,10197,test
13695,569745303794024448,negative,13695,test
9509,569899102198206464,negative,9509,test
10178,569505992163135490,negative,10178,test
11728,567791865823789056,negative,11728,test
230,569208480793567233,positive,230,test
10513,569241158196400130,negative,10513,test
11181,568451849054851072,positive,11181,test
13911,569691648579338240,negative,13911,test
10194,569495604944089088,positive,10194,test
12715,570048310876119040,negative,12715,test
9460,569925709025509376,negative,9460,test
5891,568510632930050048,positive,5891,test
11859,567726186038837248,negative,11859,test
12274,570246108699627521,positive,12274,test
13528,569841119783202817,negative,13528,test
9238,570042796624777216,negative,9238,test
11210,568423848732991488,negative,11210,test
2950,568818335200223232,positive,2950,test
12539,570121673099190272,negative,12539,test
11929,570295981985681409,negative,11929,test
13562,569830322357084160,negative,13562,test
1382,569748572104560640,positive,1382,test
13027,569957675548721152,negative,13027,test
5014,569542114234671104,positive,5014,test
9469,569920484856475649,negative,9469,test
3516,568350913858965504,positive,3516,test
3117,568656888935481344,positive,3117,test
8273,568541219711819776,positive,8273,test
11443,568112076549451776,negative,11443,test
4493,570205399619661824,positive,4493,test
12851,570000805626949633,negative,12851,test
11886,570307312675651585,positive,11886,test
11826,567734584000135168,negative,11826,test
11584,567908764650774529,negative,11584,test
13762,569721379823554562,negative,13762,test
12724,570044700951838720,positive,12724,test
10135,569525679823425536,negative,10135,test
12405,570199267668676609,negative,12405,test
9477,569914295854739456,negative,9477,test
8323,568487677114363904,positive,8323,test
10430,569313112089886720,negative,10430,test
14267,569644041857421312,negative,14267,test
9615,569821862873726976,negative,9615,test
4776,569834388919328768,positive,4776,test
11761,567776258621464577,negative,11761,test
10882,568805605432958976,negative,10882,test
11431,568118361701265408,negative,11431,test
11251,568298773941755904,negative,11251,test
13694,569745375713558528,negative,13694,test
10480,569263373092823040,negative,10480,test
14609,569592148338876416,negative,14609,test
9735,569687410969321472,negative,9735,test
11657,567846359631564800,negative,11657,test
12632,570081679844319232,positive,12632,test
11589,567905855653421056,negative,11589,test
5740,568763245911126017,positive,5740,test
10948,568769725175435264,negative,10948,test
14555,569600291290656768,negative,14555,test
9937,569607287867883520,negative,9937,test
12877,569993218730934273,negative,12877,test
10780,568881975177515009,negative,10780,test
11772,567768224607911936,negative,11772,test
9878,569628145030004736,negative,9878,test
9187,570078280591781888,negative,9187,test
9662,569746612433629184,negative,9662,test
10091,569540460810620928,negative,10091,test
10216,569484935557484544,negative,10216,test
1920,569520425312632832,positive,1920,test
10717,568947860424642560,negative,10717,test
12943,569975126659342336,negative,12943,test
12972,569971637296082945,negative,12972,test
11788,567759456503881729,negative,11788,test
11842,567729658276237312,negative,11842,test
231,569205125278859265,positive,231,test
9826,569649975342333952,negative,9826,test
14460,569612947833671680,negative,14460,test
13909,569691772000931840,negative,13909,test
3430,568449164951953408,positive,3430,test
13428,569866168527405056,negative,13428,test
14317,569635382834421761,negative,14317,test
13067,569948507018129408,negative,13067,test
13912,569691609404706817,negative,13912,test
10292,569387570364198913,negative,10292,test
11428,568123010638483456,negative,11428,test
14300,569639972615135232,negative,14300,test
11684,567819711950635009,negative,11684,test
5376,569159068834623489,positive,5376,test
13479,569852657327738880,negative,13479,test
4586,569995514558550016,positive,4586,test
9652,569757773937770496,negative,9652,test
13047,569951896808464384,positive,13047,test
2259,569292823805042688,positive,2259,test
13257,569903268312125440,negative,13257,test
14416,569619246520479745,negative,14416,test
12267,570247850858147840,negative,12267,test
13031,569956742122983424,negative,13031,test
9292,570001064424026112,negative,9292,test
10053,569556500928188416,negative,10053,test
11302,568225166527991808,negative,11302,test
11104,568501293079248896,negative,11104,test
14377,569624865558245376,negative,14377,test
10340,569361961487478785,negative,10340,test
10102,569536168301211649,negative,10102,test
9769,569672763536842752,negative,9769,test
7827,569224171303145473,positive,7827,test
10170,569508277026983937,negative,10170,test
11200,568440004281823233,negative,11200,test
12058,570305063052283904,negative,12058,test
8642,568090890549374976,positive,8642,test
11440,568113601480757248,negative,11440,test
7141,569926559982751744,positive,7141,test
10165,569512132494159872,negative,10165,test
12092,570295745921880064,positive,12092,test
3794,568118452965085184,positive,3794,test
7144,569925929713188864,positive,7144,test
9464,569921842204565504,negative,9464,test
11928,570296572375900160,positive,11928,test
10333,569365604832047104,negative,10333,test
13420,569867607341436928,negative,13420,test
10667,568996205910466560,negative,10667,test
11618,567872406628356096,negative,11618,test
12281,570244388175130625,negative,12281,test
8466,568232942612447232,positive,8466,test
12509,570137359787827201,negative,12509,test
11299,568228746697814016,negative,11299,test
9335,569980561344897024,negative,9335,test
14509,569605452230754305,negative,14509,test
11392,568150818572144640,negative,11392,test
9702,569708507961950209,negative,9702,test
5665,568828267660054528,positive,5665,test
13455,569858655086120961,negative,13455,test
10750,568910988361244672,negative,10750,test
10297,569385862489776128,negative,10297,test
11664,567841818357964800,positive,11664,test
12117,570284054605639683,negative,12117,test
4852,569682422981218304,positive,4852,test
11566,567970771718578176,negative,11566,test
11189,568447513759522816,positive,11189,test
9170,570084406204997632,negative,9170,test
5510,568932070447140864,positive,5510,test
13889,569695048889028608,negative,13889,test
379,568434482270707712,positive,379,test
10806,568861573479059456,negative,10806,test
9078,570243874062503936,negative,9078,test
12751,570037613899481088,negative,12751,test
12479,570172549910409217,negative,12479,test
4523,570068976778153984,positive,4523,test
13996,569679759250038784,negative,13996,test
10828,568841635049533440,negative,10828,test
13536,569838589879685120,negative,13536,test
1489,569700243383537664,positive,1489,test
11558,568006084360863745,negative,11558,test
9842,569644766779936768,negative,9842,test
10706,568959916498509824,negative,10706,test
14242,569647146712113152,negative,14242,test
2347,569250015752749057,positive,2347,test
4997,569558600353390592,positive,4997,test
3138,568646083162836992,positive,3138,test
9724,569696521425281024,negative,9724,test
11835,567732265888006145,negative,11835,test
3154,568629979719675904,positive,3154,test
14630,569588473050611712,positive,14630,test
5084,569358458404802561,positive,5084,test
11252,568289529561518080,negative,11252,test
12697,570057855358935043,negative,12697,test
11026,568605590735294464,negative,11026,test
10045,569558156512088064,negative,10045,test
11574,567921295473512448,negative,11574,test
12178,570268646544510976,negative,12178,test
14571,569597742693154816,negative,14571,test
13628,569789996707803136,negative,13628,test
12872,569995212296200192,negative,12872,test
11872,567718099794006016,negative,11872,test
4864,569674930842775552,positive,4864,test
11253,568284538914385920,negative,11253,test
10646,569016065600008193,negative,10646,test
10969,568724832898162688,negative,10969,test
14359,569627784626229248,negative,14359,test
11970,570280637946421249,negative,11970,test
9576,569870007368331264,negative,9576,test
4253,567748863449395201,positive,4253,test
14577,569596515510956032,negative,14577,test
10735,568924897575088130,negative,10735,test
7482,569574221216661505,positive,7482,test
13853,569701122899775488,negative,13853,test
10150,569521573268480002,negative,10150,test
9129,570195970610348032,negative,9129,test
9650,569757977785184256,negative,9650,test
14595,569593694963310593,negative,14595,test
14534,569602798867881985,negative,14534,test
12145,570276196405125120,negative,12145,test
9070,570251909447192577,negative,9070,test
9192,570075916430397440,negative,9192,test
12139,570278869133107201,negative,12139,test
9741,569685186495057920,negative,9741,test
5277,569221213026971649,positive,5277,test
9519,569894295953645568,negative,9519,test
11221,568408074161160192,negative,11221,test
12946,569974766393823233,negative,12946,test
12513,570135402306080768,negative,12513,test
10061,569555072067051520,negative,10061,test
10241,569465622301552641,negative,10241,test
10863,568815766474244096,positive,10863,test
281,568874645564362752,positive,281,test
14574,569597072350978048,negative,14574,test
10376,569343563244425216,negative,10376,test
12981,569969374875881472,negative,12981,test
2979,568809558786899968,positive,2979,test
11751,567778512548167680,positive,11751,test
9134,570181464773562368,negative,9134,test
9322,569985288992264192,negative,9322,test
10248,569459455273897984,negative,10248,test
12337,570225101104226304,positive,12337,test
13423,569867211852156928,negative,13423,test
12375,570215106426114048,negative,12375,test
13274,569897809731854337,negative,13274,test
9907,569621365634015232,negative,9907,test
14269,569643614113918976,negative,14269,test
6824,570227199766179840,positive,6824,test
13875,569697809017864193,negative,13875,test
11016,568609999200477185,negative,11016,test
5881,568523051853197312,positive,5881,test
9538,569886537128632320,negative,9538,test
10213,569487075797565440,negative,10213,test
10799,568864981917110272,negative,10799,test
2808,568889252185903104,positive,2808,test
9840,569645836109418496,negative,9840,test
3182,568611364803096577,positive,3182,test
7310,569672563506458624,positive,7310,test
13513,569844251426729984,negative,13513,test
10173,569507522412986368,negative,10173,test
2392,569232480181489665,positive,2392,test
454,567873698679623680,positive,454,test
11662,567842370533867520,negative,11662,test
11261,568259618884993024,positive,11261,test
14583,569595791355981825,negative,14583,test
12616,570086891342733312,negative,12616,test
12855,569999640516370432,negative,12855,test
12471,570175858469515264,negative,12471,test
12503,570142665246965760,positive,12503,test
11092,568514293441757184,negative,11092,test
515,570299889688702976,positive,515,test
13459,569857805483675648,negative,13459,test
11830,567733682879086592,negative,11830,test
14139,569662113989439488,negative,14139,test
12231,570257429486706688,negative,12231,test
6301,568072958821990400,positive,6301,test
13098,569940740454936576,positive,13098,test
4378,570280800244994048,positive,4378,test
8535,568183785558310914,positive,8535,test
4575,570007457055055873,positive,4575,test
4648,569961503308189696,positive,4648,test
2866,568855505747095552,positive,2866,test
9225,570051488875020288,negative,9225,test
6502,567813189334790144,positive,6502,test
12473,570175461298475008,negative,12473,test
11005,568620917531623424,negative,11005,test
854,570050891929280512,positive,854,test
10649,569015346624991232,positive,10649,test
9640,569759330662109185,negative,9640,test
11194,568444017106690048,positive,11194,test
12853,570000126636216320,negative,12853,test
9450,569932207311048705,negative,9450,test
1577,569659878693695488,positive,1577,test
12082,570297548726005761,negative,12082,test
14154,569660501526859776,negative,14154,test
13839,569704164743376896,negative,13839,test
5828,568568900767653889,positive,5828,test
10888,568800165886210048,negative,10888,test
893,570031379456643072,positive,893,test
10643,569021593852239872,positive,10643,test
13799,569715074505420802,negative,13799,test
12615,570087022292905985,positive,12615,test
10803,568862320442662912,negative,10803,test
13938,569688822180503552,negative,13938,test
11066,568542052205666305,negative,11066,test
13986,569681774307123200,negative,13986,test
9833,569648534569361408,negative,9833,test
6975,569968565513625600,positive,6975,test
7268,569707583646375936,positive,7268,test
11914,570298770136674304,negative,11914,test
10952,568768864793681921,negative,10952,test
14171,569659173044129792,negative,14171,test
14411,569620169971998721,negative,14411,test
9877,569628242044428288,negative,9877,test
10259,569436595746684929,negative,10259,test
9371,569967808446009345,negative,9371,test
14394,569621808963395585,negative,14394,test
13730,569732616376725504,positive,13730,test
12049,570306715599695874,negative,12049,test
12413,570195799256072193,negative,12413,test
10274,569416236171456513,negative,10274,test
9566,569873091763032065,negative,9566,test
1103,569927263040315392,positive,1103,test
6602,567762099708112897,positive,6602,test
10531,569220920218296320,negative,10531,test
10147,569522820725788674,negative,10147,test
13949,569687343403106304,negative,13949,test
11977,570279036582109184,positive,11977,test
12192,570265876911403009,positive,12192,test
11951,570286841737318400,negative,11951,test
9428,569940989403635712,negative,9428,test
10388,569337645878390784,negative,10388,test
10716,568948170060746752,negative,10716,test
9438,569938470589718528,negative,9438,test
5347,569175432702107648,positive,5347,test
6771,570289518194126849,positive,6771,test
12089,570296572375900160,positive,12089,test
5729,568772912557133824,positive,5729,test
13722,569735461033213952,negative,13722,test
11142,568482412990218241,negative,11142,test
10827,568842945530441728,negative,10827,test
9044,570271713512046592,positive,9044,test
10211,569487757741051904,negative,10211,test
10153,569519040504287232,negative,10153,test
5080,569359647699812353,positive,5080,test
4208,567775418612195328,positive,4208,test
7481,569574711899922433,positive,7481,test
12443,570185364746461184,negative,12443,test
13236,569909945514233857,negative,13236,test
8539,568178422175948801,positive,8539,test
13,570287408438120448,positive,13,test
12896,569988016074149889,negative,12896,test
13382,569877301959065600,negative,13382,test
6272,568085962049216514,positive,6272,test
9349,569971374820884481,negative,9349,test
11087,568521303956656128,negative,11087,test
9137,570157210183069696,negative,9137,test
11362,568170794670551040,negative,11362,test
10484,569259449115942913,positive,10484,test
10226,569481844300898304,negative,10226,test
11906,570301488192458752,negative,11906,test
12300,570240207682998272,negative,12300,test
13557,569832053241450496,negative,13557,test
13903,569692610543005697,negative,13903,test
2666,568964028669800448,positive,2666,test
6405,567878239156338688,positive,6405,test
1823,569568300528635906,positive,1823,test
11704,567804923782627330,negative,11704,test
7830,569222108200476672,positive,7830,test
11488,568075934609346560,negative,11488,test
13353,569883743223050241,negative,13353,test
10329,569368352868556800,positive,10329,test
13221,569912213068066816,negative,13221,test
13939,569688698301784064,negative,13939,test
9711,569702009751916544,negative,9711,test
6435,567860982422306816,positive,6435,test
1022,569961695835267073,positive,1022,test
7213,569884948091396096,positive,7213,test
7262,569718205524127745,positive,7262,test
10006,569578297945919488,negative,10006,test
4673,569944956132990976,positive,4673,test
10973,568652138915766272,negative,10973,test
13881,569696793652371456,negative,13881,test
488,567769981128282113,positive,488,test
14160,569659956384788480,negative,14160,test
13760,569721419849797632,negative,13760,test
9536,569887533267611648,negative,9536,test
9511,569897798692286465,negative,9511,test
10270,569418962108162048,negative,10270,test
13041,569953006847954944,negative,13041,test
203,569260526976544768,positive,203,test
8263,568547839636332544,positive,8263,test
11605,567889613714522113,positive,11605,test
10655,569006176186183680,negative,10655,test
14622,569590191758962688,negative,14622,test
11642,567856486950576128,negative,11642,test
8142,568735475847950336,positive,8142,test
10647,569015470025793536,negative,10647,test
4407,570267457841033216,positive,4407,test
11994,570275010759102466,negative,11994,test
11601,567894427244589056,positive,11601,test
9321,569985760482365440,negative,9321,test
12500,570145544078815232,negative,12500,test
14593,569594026732740609,negative,14593,test
19,570267956648792064,positive,19,test
11947,570288167242375168,negative,11947,test
11430,568119831519739904,negative,11430,test
14450,569614917826965504,negative,14450,test
9913,569619075246235648,negative,9913,test
13174,569920778306584576,negative,13174,test
14117,569664668010225664,negative,14117,test
6525,567801645795643393,positive,6525,test
9468,569921267601580032,negative,9468,test
9820,569651459152859137,negative,9820,test
11041,568588273137754112,negative,11041,test
13029,569957163138883584,positive,13029,test
9084,570239546673238017,negative,9084,test
6432,567862240419934208,positive,6432,test
12313,570236690637459456,positive,12313,test
12029,569680231012773888,negative,12029,test
12168,570270777121103872,negative,12168,test
10449,569290509883187202,positive,10449,test
9268,570015373447159808,negative,9268,test
10868,568812584469528576,negative,10868,test
11162,568471991889612800,negative,11162,test
6111,568220313370013696,positive,6111,test
6527,567801079388471296,positive,6527,test
13884,569696039914971136,positive,13884,test
13435,569864863171764224,negative,13435,test
4695,569924965446725632,positive,4695,test
14313,569636447956930561,negative,14313,test
14556,569600137296633856,positive,14556,test
233,569202691185909760,positive,233,test
13262,569903056403505152,negative,13262,test
13650,569770867841839104,negative,13650,test
13350,569884285659848704,negative,13350,test
4863,569675004482351104,positive,4863,test
11032,568601527591440386,negative,11032,test
11919,570298285350629376,positive,11919,test
14189,569656873315487746,negative,14189,test
4511,570098324172206080,positive,4511,test
11594,567903480993558528,negative,11594,test
600,570258760200953856,positive,600,test
6815,570237343669608448,positive,6815,test
6979,569967910417866752,positive,6979,test
12488,570160153493774337,negative,12488,test
13028,569957170369814528,negative,13028,test
8333,568475439460515840,positive,8333,test
11074,568534114527113216,positive,11074,test
2019,569471635163643905,positive,2019,test
11832,567732946241470464,negative,11832,test
12384,570208992439312384,negative,12384,test
9639,569759459632750592,negative,9639,test
10250,569457108355289088,negative,10250,test
9670,569729663351832576,positive,9670,test
11712,567802602738708480,negative,11712,test
13227,569911255399596032,negative,13227,test
5917,568489786081714176,positive,5917,test
13372,569880012230242304,negative,13372,test
2874,568853249551409153,positive,2874,test
11059,568552050797068290,negative,11059,test
9983,569592368518660096,negative,9983,test
10908,568789267180331008,negative,10908,test
13337,569886612538023936,negative,13337,test
915,570016325667557376,positive,915,test
9297,569997350493663233,negative,9297,test
12683,570063451143462913,positive,12683,test
10583,569163008309657600,negative,10583,test
14432,569616586178301952,negative,14432,test
1928,569516736162050048,positive,1928,test
9547,569883285989531649,negative,9547,test
9766,569676387113672704,negative,9766,test
13405,569870837815205888,negative,13405,test
13242,569908067762094080,negative,13242,test
9276,570012047917907969,negative,9276,test
11944,570289085354541058,negative,11944,test
13245,569907019081228288,negative,13245,test
11039,568592695699976192,negative,11039,test
10195,569494421345046528,negative,10195,test
11386,568154816414789632,negative,11386,test
14590,569594712337854464,positive,14590,test
14132,569663351124422656,negative,14132,test
2997,568803598638796800,positive,2997,test
4478,570217425100148738,positive,4478,test
9249,570023602793238528,negative,9249,test
10742,568914125549649920,negative,10742,test
13647,569774273851568128,negative,13647,test
11860,567726138223771649,negative,11860,test
14452,569614085807067136,negative,14452,test
4903,569666778030346240,positive,4903,test
10457,569281170996891649,negative,10457,test
6966,569983421549834240,positive,6966,test
11568,567929116969684993,negative,11568,test
12775,570029442514333698,negative,12775,test
4439,570255256589766656,positive,4439,test
11882,570307948171423745,negative,11882,test
8489,568209287517835265,positive,8489,test
10504,569245152406953984,negative,10504,test
13674,569757115822157826,negative,13674,test
9968,569598323621023745,negative,9968,test
9787,569668179758350336,negative,9787,test
11876,567679487383699456,negative,11876,test
9336,569978187465166848,positive,9336,test
12860,569998992475627521,negative,12860,test
12557,570105753471746048,negative,12557,test
14158,569660164149800960,negative,14158,test
10167,569509671213662208,negative,10167,test
9666,569734884396302338,negative,9666,test
9139,570156777297350656,negative,9139,test
9369,569967974284713984,negative,9369,test
10730,568932061882552320,negative,10730,test
8417,568397325820956672,positive,8417,test
867,570044681670696960,positive,867,test
7748,569276518305820672,positive,7748,test
14233,569649712996823041,negative,14233,test
8854,567798973008994304,positive,8854,test
12600,570092530236149761,negative,12600,test
5449,568999266741411840,positive,5449,test
10651,569009996668624896,negative,10651,test
10352,569357079716229121,negative,10352,test
12900,569986246648442881,negative,12900,test
3637,568215213620637696,positive,3637,test
14366,569626796385116160,negative,14366,test
9090,570232671353376769,negative,9090,test
12878,569993098023063552,negative,12878,test
13289,569895498527727617,negative,13289,test
13256,569905052447592448,negative,13256,test
6019,568434004732416001,positive,6019,test
13490,569850259507154944,negative,13490,test
13552,569834060043780096,positive,13552,test
439,568059129601724416,positive,439,test
5475,568958074230190080,positive,5475,test
10602,569136628301729792,negative,10602,test
4933,569638063825154049,positive,4933,test
8876,567778149132664833,positive,8876,test
10681,568983517037772800,negative,10681,test
11099,568505918540750848,negative,11099,test
13391,569874933549027328,negative,13391,test
11948,570287747643998208,negative,11948,test
6172,568162290890964992,positive,6172,test
3973,567895584625020928,positive,3973,test
13074,569946742277451776,negative,13074,test
12858,569999091028983808,negative,12858,test
14232,569649747213987841,negative,14232,test
10500,569246373020717057,negative,10500,test
6383,567897629364850689,positive,6383,test
13307,569892361691463682,negative,13307,test
13577,569822102062309376,negative,13577,test
11002,568624462863720448,negative,11002,test
13619,569796511409704960,negative,13619,test
2565,569059097632337920,positive,2565,test
11799,567754056924672000,positive,11799,test
11768,567768830265401344,negative,11768,test
11451,568106783241211904,negative,11451,test
12740,570041144488230912,negative,12740,test
14323,569633689665216512,negative,14323,test
4159,567801519207374849,positive,4159,test
9890,569625014179377152,negative,9890,test
10117,569531768321269760,negative,10117,test
13621,569795284764532736,negative,13621,test
14107,569665738165891073,negative,14107,test
9606,569837569392967680,positive,9606,test
13419,569867786572341252,negative,13419,test
5023,569522923029041153,positive,5023,test
13383,569877197093097472,negative,13383,test
13636,569786720562110464,negative,13636,test
11897,570305063052283904,negative,11897,test
12249,570251814970515456,negative,12249,test
7525,569543457452064768,positive,7525,test
10693,568969667106045952,negative,10693,test
9191,570076827135246336,negative,9191,test
10123,569528550589464576,negative,10123,test
13178,569919996568215552,positive,13178,test
11222,568405950958333952,negative,11222,test
10079,569544528299995137,negative,10079,test
799,570078718028222464,positive,799,test
14322,569634077571051521,positive,14322,test
7915,568983580585517056,positive,7915,test
11713,567802570912305152,negative,11713,test
16,570277724385734656,positive,16,test
4867,569672501753724928,positive,4867,test
13627,569790297875599361,negative,13627,test
9978,569595123799101440,negative,9978,test
12538,570121689503301632,negative,12538,test
14541,569601869598867456,positive,14541,test
9267,570015470570639360,negative,9267,test
12771,570031615130394624,positive,12771,test
9997,569584719089836032,positive,9997,test
13976,569683183161233408,negative,13976,test
7315,569672010734968832,positive,7315,test
11155,568474189818146816,negative,11155,test
13631,569788087481409537,negative,13631,test
7747,569278644943757312,positive,7747,test
13732,569732355067244545,negative,13732,test
11698,567808893464899584,negative,11698,test
13668,569760118591467520,negative,13668,test
11595,567898269961101313,positive,11595,test
13121,569935135895883776,negative,13121,test
10692,568969970513653762,negative,10692,test
9340,569975515974656000,positive,9340,test
13927,569690272830922752,negative,13927,test
10714,568949250152734720,negative,10714,test
9445,569935531213086721,negative,9445,test
11665,567840815331991552,negative,11665,test
14475,569609887388270592,negative,14475,test
7467,569581126215438336,positive,7467,test
1051,569951321719091201,positive,1051,test
11720,567800210064420864,positive,11720,test
13600,569805521638662144,negative,13600,test
10394,569335998083174400,negative,10394,test
9600,569844782702338048,negative,9600,test
8432,568335451741749248,positive,8432,test
14042,569674565074481152,negative,14042,test
9186,570078355770339328,negative,9186,test
14378,569624713414250496,negative,14378,test
13707,569740392372895745,negative,13707,test
11975,570279220502511617,negative,11975,test
8004,568885004610240512,positive,8004,test
10943,568773776638406656,negative,10943,test
10073,569547782039728129,negative,10073,test
5514,568929652003217409,positive,5514,test
11332,568202255205335041,negative,11332,test
9981,569592443542343680,negative,9981,test
12814,570010327036735488,negative,12814,test
5934,568476518852247552,positive,5934,test
13268,569900705852608513,negative,13268,test
3402,568465710629826560,positive,3402,test
13235,569910053249142785,negative,13235,test
8401,568423886762569728,positive,8401,test
12594,570094749933289473,negative,12594,test
13406,569870252508635136,negative,13406,test
13563,569830069746712576,negative,13563,test
9646,569758649112854529,negative,9646,test
12841,570002269577441280,negative,12841,test
8643,568090417641746432,positive,8643,test
11549,568022599843893248,negative,11549,test
4806,569710964712411136,positive,4806,test
13246,569906807696551936,positive,13246,test
9377,569963395652280320,positive,9377,test
12031,569621879633391616,negative,12031,test
4058,567845953245413376,positive,4058,test
12523,570128633957736448,negative,12523,test
12620,570086014980648960,negative,12620,test
9395,569952376473300992,positive,9395,test
14370,569626388610859008,negative,14370,test
9076,570247763704868864,negative,9076,test
7483,569573843825790976,positive,7483,test
12958,569973337050341376,negative,12958,test
8531,568187334111289344,positive,8531,test
1415,569725892324253696,positive,1415,test
13943,569688245019111425,negative,13943,test
10755,568904804451409920,positive,10755,test
9407,569947048574758912,negative,9407,test
6078,568281771298521088,positive,6078,test
1486,569701377779183616,positive,1486,test
13066,569948645853786113,negative,13066,test
11846,567729135733465088,negative,11846,test
14003,569678620878376960,negative,14003,test
11336,568196165780578304,negative,11336,test
10586,569161513056935936,negative,10586,test
10390,569337274707660800,positive,10390,test
14053,569673582609088512,negative,14053,test
5486,568951063463616512,positive,5486,test
12545,570116329694310400,negative,12545,test
12576,570100233398571008,negative,12576,test
11985,570275970046775297,negative,11985,test
12420,570193870769811456,negative,12420,test
4901,569667075280498688,positive,4901,test
12444,570184535507210241,positive,12444,test
14499,569606248095576064,negative,14499,test
11468,568087789004300288,negative,11468,test
9189,570078049779081216,positive,9189,test
14361,569627744021184513,negative,14361,test
14511,569605022197153792,positive,14511,test
12636,570080608996556800,positive,12636,test
10022,569567084721655808,negative,10022,test
13301,569893516609847297,negative,13301,test
12573,570100947923419136,negative,12573,test
11825,567734790108225536,negative,11825,test
12258,570249520736374785,negative,12258,test
3617,568231586585550848,positive,3617,test
11258,568272139075387392,negative,11258,test
4453,570246695595999232,positive,4453,test
4692,569927965007417344,positive,4692,test
9491,569908805724712961,negative,9491,test
14536,569602563261276160,negative,14536,test
14050,569673764562010112,negative,14050,test
14492,569607509167595520,negative,14492,test
10087,569540826231152640,negative,10087,test
9365,569969045946175490,negative,9365,test
9994,569585968610615296,negative,9994,test
5485,568951064688373760,positive,5485,test
10208,569489006955769856,negative,10208,test
124,569675144353828864,positive,124,test
12965,569972721901277184,negative,12965,test
12474,570175182012174336,negative,12474,test
10136,569525636575793152,negative,10136,test
12438,570187239864414208,negative,12438,test
11541,568031706944540672,negative,11541,test
12454,570180703746461696,negative,12454,test
11330,568208413286477825,negative,11330,test
9671,569729072697352192,negative,9671,test
11387,568153752533733376,negative,11387,test
2396,569231763173560320,positive,2396,test
3253,568568593262231552,positive,3253,test
13864,569699455919726593,negative,13864,test
502,567727292739092480,positive,502,test
3902,568031932719566849,positive,3902,test
9138,570156989541687296,negative,9138,test
6002,568438312177762304,positive,6002,test
9613,569824422279950336,negative,9613,test
12985,569967909155446785,positive,12985,test
12456,570179813845147648,negative,12456,test
9003,570290421336813568,positive,9003,test
14585,569595595754639360,negative,14585,test
7726,569304186548047872,positive,7726,test
3729,568166027726434304,positive,3729,test
9414,569945085158264832,negative,9414,test
14068,569671368788172800,negative,14068,test
13919,569691079471050752,negative,13919,test
9171,570084337099673600,negative,9171,test
11874,567710245053407232,negative,11874,test
8041,568843160224452608,positive,8041,test
6081,568274752864948224,positive,6081,test
11140,568482672789622784,negative,11140,test
11941,570290334158225408,positive,11941,test
11191,568444203883204608,negative,11191,test
8224,568588936852799488,positive,8224,test
13727,569733547843457025,negative,13727,test
13753,569724918016839681,negative,13753,test
480,567787873778278400,positive,480,test
9974,569596357381644289,negative,9974,test
12512,570136130126897152,negative,12512,test
13488,569850808029859840,positive,13488,test
4382,570279442750291969,positive,4382,test
8633,568095014435229696,positive,8633,test
9658,569752107730890752,positive,9658,test
10861,568818328132841472,negative,10861,test
12757,570034368086827008,negative,12757,test
10949,568769373122342912,negative,10949,test
10094,569539074106789889,negative,10094,test
950,569993782311198720,positive,950,test
4875,569670962825846785,positive,4875,test
8665,568056665821413376,positive,8665,test
10858,568822419823169536,negative,10858,test
6185,568148807684198401,positive,6185,test
11852,567728285174743041,negative,11852,test
9749,569682751063924736,negative,9749,test
6375,567906137938399232,positive,6375,test
45,570012257549070337,positive,45,test
13329,569889391633518592,negative,13329,test
7026,569951211471962112,positive,7026,test
12881,569992712117747712,negative,12881,test
7573,569527641025306624,positive,7573,test
13356,569883077289181184,negative,13356,test
13940,569688669100994561,negative,13940,test
11800,567753872967528448,negative,11800,test
14520,569604425238454273,negative,14520,test
10414,569323273172832256,negative,10414,test
12589,570096856685871106,negative,12589,test
14412,569620123096494080,negative,14412,test
11094,568511208011071488,negative,11094,test
10234,569470776576880640,negative,10234,test
885,570037336886546432,positive,885,test
13030,569957000752140290,negative,13030,test
5605,568872880865325056,positive,5605,test
14005,569678456478404608,negative,14005,test
10236,569470268474683393,negative,10236,test
10130,569526583473483776,negative,10130,test
14457,569613523648532480,negative,14457,test
10401,569330030074990592,negative,10401,test
12977,569970235392073729,negative,12977,test
11260,568265016253628416,negative,11260,test
13249,569906446881697793,negative,13249,test
10447,569294599614803968,negative,10447,test
10875,568808528426741760,negative,10875,test
5483,568951532252585987,positive,5483,test
1086,569932669288652800,positive,1086,test
9183,570079855821389824,negative,9183,test
5910,568494397144358914,positive,5910,test
9800,569659952681361408,negative,9800,test
11890,570306529947193344,negative,11890,test
12990,569966496698343424,negative,12990,test
11441,568112409841238016,negative,11441,test
7791,569242143748964353,positive,7791,test
12131,570280637946421249,negative,12131,test
10425,569316516321202176,negative,10425,test
12845,570002051108769792,negative,12845,test
4887,569668606142783488,positive,4887,test
12627,570083543553945600,positive,12627,test
11006,568620349027323905,negative,11006,test
11207,568432364717633536,negative,11207,test
12268,570247748286435328,negative,12268,test
9962,569600009097904128,negative,9962,test
6396,567885982340636672,positive,6396,test
11782,567761568889581569,negative,11782,test
40,570033593394667521,positive,40,test
12195,570265300685488129,negative,12195,test
14382,569623849752358912,positive,14382,test
5270,569223862941929472,positive,5270,test
11646,567851275599110144,negative,11646,test
10119,569529813121290240,negative,10119,test
9456,569928540004753409,negative,9456,test
14229,569650276380110848,negative,14229,test
11624,567865703765798912,negative,11624,test
8192,568623875468226560,positive,8192,test
9559,569878117583622145,positive,9559,test
5986,568445415768477696,positive,5986,test
7173,569921467552567296,positive,7173,test
12204,570263871526559745,negative,12204,test
11550,568022411783888896,negative,11550,test
9413,569945237025648640,negative,9413,test
2989,568806035294695424,positive,2989,test
11849,567728533771132928,negative,11849,test
12526,570126389279662080,negative,12526,test
10389,569337605223006209,negative,10389,test
6853,570179466716176384,positive,6853,test
9244,570030590466121728,positive,9244,test
9816,569653219229630464,negative,9816,test
10187,569497632361594880,negative,10187,test
7188,569904537739382784,positive,7188,test
14548,569600985007558656,positive,14548,test
11357,568173388663013377,negative,11357,test
8028,568857976733376512,positive,8028,test
10066,569551994949648385,negative,10066,test
9179,570082431304392704,negative,9179,test
9470,569920436466794496,negative,9470,test
12923,569978804690669569,negative,12923,test
13904,569692299539517441,negative,13904,test
10641,569033300662218752,negative,10641,test
10889,568799336097656836,negative,10889,test
13667,569761641211895808,negative,13667,test
14506,569605877512024064,negative,14506,test
10383,569339928678522880,negative,10383,test
7648,569439829328408576,positive,7648,test
9715,569699694454001664,negative,9715,test
7886,569103956795904000,positive,7886,test
9463,569922365322338304,positive,9463,test
13087,569942200735424512,negative,13087,test
13826,569708269943418880,negative,13826,test
14024,569676317144133632,negative,14024,test
8198,568616851531378688,positive,8198,test
10748,568911270566608896,negative,10748,test
5806,568582794340896768,positive,5806,test
6657,567741157070086144,positive,6657,test
9873,569629882323496961,negative,9873,test
11690,567813042576199680,negative,11690,test
8203,568611819864117248,positive,8203,test
9197,570073507465469952,negative,9197,test
13113,569937801942310913,negative,13113,test
12342,570224421194964992,positive,12342,test
10532,569220438397751299,positive,10532,test
183,569318130356502528,positive,183,test
5664,568828335922356224,positive,5664,test
9259,570019459244691456,negative,9259,test
12123,570282469791911936,positive,12123,test
9514,569896241196339201,negative,9514,test
10321,569372340309651457,negative,10321,test
11345,568185352441212929,negative,11345,test
11716,567802008292564992,negative,11716,test
14195,569655861297049600,negative,14195,test
13672,569757774395023360,negative,13672,test
123,569714127792254976,positive,123,test
6925,570012934287568898,positive,6925,test
11710,567802808876158976,negative,11710,test
8610,568115928044404736,positive,8610,test
9339,569976124278640640,negative,9339,test
13425,569866669243265024,positive,13425,test
11215,568417751854931968,positive,11215,test
13933,569689370988408832,negative,13933,test
11297,568229427286405121,positive,11297,test
10845,568826070897717250,negative,10845,test
13133,569933565321990144,negative,13133,test
14575,569596793941401601,negative,14575,test
14000,569679210454724609,positive,14000,test
7651,569435866902302720,positive,7651,test
12343,570224417445261313,negative,12343,test
12478,570173690475728896,negative,12478,test
13283,569895927273517056,negative,13283,test
8695,568005720026660864,positive,8695,test
10175,569506974930481153,negative,10175,test
10659,568999631956393984,negative,10659,test
6266,568087131748503553,positive,6266,test
716,570142263290011649,positive,716,test
13745,569727743450984448,negative,13745,test
13318,569890741666717697,positive,13318,test
12511,570136706877272064,negative,12511,test
12903,569984380061351936,negative,12903,test
10698,568966330315091968,negative,10698,test
9899,569623190730887168,negative,9899,test
14285,569641880276893697,positive,14285,test
11269,568255867751165952,negative,11269,test
10024,569566514132717568,negative,10024,test
11791,567757897841385473,positive,11791,test
13255,569905122047758336,negative,13255,test
14606,569592402085847041,negative,14606,test
10941,568774317410009088,negative,10941,test
11570,567926839630557184,negative,11570,test
10011,569575780864241664,negative,10011,test
6415,567872810770657280,positive,6415,test
13072,569947414263701505,negative,13072,test
12358,570220154363232256,negative,12358,test
10084,569542427758866433,negative,10084,test
11783,567761193138671616,negative,11783,test
14337,569631648674766848,negative,14337,test
13718,569737333827887105,positive,13718,test
9357,569970287493705728,negative,9357,test
13446,569862827227402241,positive,13446,test
2916,568832394196684800,positive,2916,test
9405,569948119712063489,negative,9405,test
11228,568388846125223936,negative,11228,test
5242,569236557367939072,positive,5242,test
11190,568447062976524288,negative,11190,test
10141,569524497377861632,positive,10141,test
9382,569960904852312064,negative,9382,test
5837,568562631616942080,positive,5837,test
14497,569606467646578688,negative,14497,test
4860,569676204728389632,positive,4860,test
11753,567778236026077185,negative,11753,test
10142,569524026294571008,negative,10142,test
7704,569332001720967168,positive,7704,test
9360,569969714245431296,negative,9360,test
2503,569159619710361600,positive,2503,test
14468,569611482234687488,positive,14468,test
14247,569646601398067200,negative,14247,test
13969,569683974748033026,negative,13969,test
12330,570227917877354497,positive,12330,test
3996,567884863031762945,positive,3996,test
5783,568607454893727744,positive,5783,test
12833,570004519679074304,positive,12833,test
11519,568055537952284672,negative,11519,test
5952,568464337146404864,positive,5952,test
4545,570042186399657984,positive,4545,test
13910,569691680661762049,negative,13910,test
663,570214660638511104,positive,663,test
14299,569640038302134273,negative,14299,test
13444,569863194929471488,negative,13444,test
10899,568791745925918721,negative,10899,test
4633,569971949440524288,positive,4633,test
14131,569663577226915840,negative,14131,test
5774,568614676612964352,positive,5774,test
6829,570222626712514560,positive,6829,test
9512,569897573294743552,positive,9512,test
12182,570267608773054464,negative,12182,test
10428,569314643627413504,positive,10428,test
13834,569705276481282048,negative,13834,test
12233,570257258275164160,negative,12233,test
7782,569248721139048448,positive,7782,test
10492,569252439548952576,negative,10492,test
10461,569278418606559233,negative,10461,test
7206,569889139593646080,positive,7206,test
8353,568443892569235457,positive,8353,test
10262,569434598825992192,negative,10262,test
10474,569268155383717889,negative,10474,test
11425,568126621611372545,negative,11425,test
3758,568148213418455041,positive,3758,test
10989,568634467587264512,negative,10989,test
14387,569622366768078848,negative,14387,test
13220,569912608901373952,negative,13220,test
10731,568930740127326209,negative,10731,test
11423,568128399035772928,negative,11423,test
10662,568997136643309568,negative,10662,test
11192,568444091836604416,negative,11192,test
13952,569687056542244864,negative,13952,test
8121,568766295761682432,positive,8121,test
11884,570307390752608257,negative,11884,test
14405,569620512139145216,negative,14405,test
12383,570209266264449026,negative,12383,test
12179,570268420140244992,negative,12179,test
14263,569644335014092800,negative,14263,test
7802,569235924544045057,positive,7802,test
9772,569672202037170177,positive,9772,test
9648,569758349354340352,negative,9648,test
4906,569666513352806400,positive,4906,test
14629,569588591602458624,negative,14629,test
10306,569379979055796224,negative,10306,test
3407,568462402875863041,positive,3407,test
11921,570297548726005761,negative,11921,test
14056,569673275183386625,negative,14056,test
13143,569930733512491008,negative,13143,test
8181,568632557836865536,positive,8181,test
12273,570246800247902208,negative,12273,test
10618,569120452586700800,negative,10618,test
14557,569599978722746368,negative,14557,test
12129,570280755252895745,negative,12129,test
13537,569838466697175040,negative,13537,test
10584,569162593819955203,negative,10584,test
10928,568779311261622272,negative,10928,test
13348,569884462051418112,negative,13348,test
416,568140010458894338,positive,416,test
13947,569687606901940226,negative,13947,test
8103,568786394656722944,positive,8103,test
13260,569903088632352769,negative,13260,test
10293,569387211025727488,negative,10293,test
13240,569908918421299200,negative,13240,test
9552,569881062169567232,negative,9552,test
14612,569591700416393216,negative,14612,test
5711,568784615877574656,positive,5711,test
385,568392783922372608,positive,385,test
13588,569817471940587520,negative,13588,test
10408,569326785353129984,negative,10408,test
9478,569914076496850945,negative,9478,test
14338,569631575819710464,negative,14338,test
10304,569380081254027265,negative,10304,test
12016,570268875872473088,positive,12016,test
10098,569537708202307584,negative,10098,test
13171,569921142971969537,negative,13171,test
4814,569702019797286913,positive,4814,test
13000,569963701794516992,negative,13000,test
13316,569890859526823936,negative,13316,test
116,569814339785338880,positive,116,test
6452,567843646881599489,positive,6452,test
6370,567912504656965632,positive,6370,test
13024,569958224968982528,negative,13024,test
11473,568083224146149376,negative,11473,test
14508,569605602961281024,negative,14508,test
4688,569932197735604224,positive,4688,test
11279,568245800788221953,negative,11279,test
10819,568849460450725890,negative,10819,test
9721,569698150757244928,positive,9721,test
12956,569973504390639616,negative,12956,test
12874,569994090147909632,positive,12874,test
10090,569540652935069696,negative,10090,test
4859,569676404893163520,positive,4859,test
2962,568815263900180480,positive,2962,test
12475,570174964856266752,negative,12475,test
5416,569124416891817984,positive,5416,test
7875,569130620963696640,positive,7875,test
9121,570205370649604096,negative,9121,test
14088,569668644529147904,negative,14088,test
14385,569622656770646016,negative,14385,test
8060,568825255604699136,positive,8060,test
11683,567820135265759232,negative,11683,test
13468,569855814716039168,negative,13468,test
9581,569866461172387841,negative,9581,test
12165,570271574462369793,positive,12165,test
14365,569626951733932032,negative,14365,test
13932,569689784517402625,negative,13932,test
13604,569803373530128384,negative,13604,test
8567,568159336104636417,positive,8567,test
13966,569684565838553088,negative,13966,test
9095,570229176621510659,negative,9095,test
36,570051381534396416,positive,36,test
13578,569821659097477120,negative,13578,test
11377,568161997935607808,negative,11377,test
11789,567759344360783872,negative,11789,test
5972,568452051740413952,positive,5972,test
6056,568391392528969730,positive,6056,test
9531,569890152832749568,negative,9531,test
12385,570208909522182146,negative,12385,test
9948,569603523954016256,negative,9948,test
9659,569747533641199617,negative,9659,test
10332,569366383458275329,negative,10332,test
10623,569116333998256129,negative,10623,test
10405,569328854948573187,positive,10405,test
5435,569030463760650241,positive,5435,test
12562,570102669299351553,negative,12562,test
10894,568795462125428736,negative,10894,test
8713,567911142955311104,positive,8713,test
9373,569966745982791680,negative,9373,test
14312,569636551321194497,positive,14312,test
13020,569958642411122688,negative,13020,test
8632,568095961408507904,positive,8632,test
13400,569872132269682688,negative,13400,test
12617,570086501222096896,negative,12617,test
12948,569974668406296577,negative,12948,test
10081,569544122098446337,negative,10081,test
7469,569580001672237056,positive,7469,test
12363,570219379696148480,negative,12363,test
9232,570045890750230529,negative,9232,test
13858,569700635152494592,negative,13858,test
4710,569910383047254016,positive,4710,test
4137,567809206314668033,positive,4137,test
13663,569764857991467008,negative,13663,test
12953,569974287286845441,negative,12953,test
2768,568910880416464897,positive,2768,test
13873,569698217614544897,negative,13873,test
11598,567897182545686528,positive,11598,test
13305,569892670367256576,positive,13305,test
11779,567763065706250240,negative,11779,test
14145,569661649138941952,negative,14145,test
8733,567892715603652608,positive,8733,test
12314,570236587386122240,negative,12314,test
13794,569715860241129472,negative,13794,test
12887,569990229576196098,negative,12887,test
12062,570303889754488832,negative,12062,test
4624,569976030603059200,positive,4624,test
13275,569897748859744257,negative,13275,test
13585,569818507891871744,negative,13585,test
11745,567781582791278592,negative,11745,test
11518,568055631065653250,negative,11518,test
7764,569268455314219008,positive,7764,test
13199,569916061891633153,positive,13199,test
13660,569766662024630272,negative,13660,test
10724,568937707994419200,negative,10724,test
11320,568214100578324480,negative,11320,test
6575,567773445195583488,positive,6575,test
11883,570307434113310720,negative,11883,test
9755,569682149277900800,positive,9755,test
11641,567857221159297024,negative,11641,test
13592,569815422675124225,negative,13592,test
10687,568977086922297345,negative,10687,test
11358,568173151798108161,negative,11358,test
8219,568600552814174208,positive,8219,test
1066,569939149756755968,positive,1066,test
6488,567820713156943872,positive,6488,test
13434,569864878007001088,positive,13434,test
11217,568414700326797312,negative,11217,test
14446,569615410720432128,negative,14446,test
13081,569944355261304833,negative,13081,test
6046,568416519073468416,positive,6046,test
13297,569894690566369280,negative,13297,test
13750,569727383797829632,positive,13750,test
10017,569571654998888448,negative,10017,test
9887,569625848334000128,negative,9887,test
11296,568230023251042304,negative,11296,test
10722,568940215190085633,negative,10722,test
9180,570082420936052737,negative,9180,test
3429,568450017649778688,positive,3429,test
5471,568964732981530624,positive,5471,test
12310,570237399932018688,negative,12310,test
9992,569587663692554242,negative,9992,test
10221,569484387055734784,positive,10221,test
7171,569922420624068608,positive,7171,test
8014,568875212202078208,positive,8014,test
11895,570305264613765122,positive,11895,test
14388,569622243526909952,negative,14388,test
12801,570016770708283392,negative,12801,test
1969,569500986638798848,positive,1969,test
8655,568074993856335872,positive,8655,test
9071,570250989305004033,negative,9071,test
9,570295459631263746,positive,9,test
12582,570098489943666688,negative,12582,test
12868,569996647100346368,negative,12868,test
10393,569336493224955904,negative,10393,test
10522,569229441739522048,negative,10522,test
68,569972508499283968,positive,68,test
4889,569668015047839744,positive,4889,test
9950,569602860020850688,negative,9950,test
7848,569188266089381888,positive,7848,test
9198,570073473952968705,negative,9198,test
8243,568561033641480192,positive,8243,test
13460,569857475098202113,negative,13460,test
10855,568823817679847425,negative,10855,test
2556,569083899478994944,positive,2556,test
4774,569840840861839360,positive,4774,test
3297,568544738032242688,positive,3297,test
13365,569881004262989824,negative,13365,test
10369,569346960181870592,negative,10369,test
10237,569469169927720960,negative,10237,test
11250,568341364951388160,negative,11250,test
9510,569898346036404224,negative,9510,test
13700,569742312059899904,negative,13700,test
2342,569252801802592256,positive,2342,test
11983,570276245960835073,negative,11983,test
11965,570281731510571009,negative,11965,test
5922,568483773467262976,positive,5922,test
1212,569885015615664129,positive,1212,test
7952,568932998051016704,positive,7952,test
10837,568834834040164352,positive,10837,test
7609,569509408939487232,positive,7609,test
3998,567883674462588929,positive,3998,test
12415,570195492006707200,negative,12415,test
14628,569588651925098496,positive,14628,test
5949,568465058264698880,positive,5949,test
11727,567793072060276736,positive,11727,test
13510,569844812783996928,negative,13510,test
5253,569230652433936384,positive,5253,test
4200,567781813326589952,positive,4200,test
5836,568562728585064449,positive,5836,test
13092,569941647884029952,positive,13092,test
13633,569787479324299265,negative,13633,test
9220,570056533356224512,negative,9220,test
14558,569599379893575680,negative,14558,test
81,569933777931145216,positive,81,test
5156,569301244948324353,positive,5156,test
8917,567750136223518720,positive,8917,test
12253,570250617379168256,negative,12253,test
14360,569627770613063680,positive,14360,test
7366,569642730932064256,positive,7366,test
11098,568506804096917504,negative,11098,test
10144,569523377842606080,negative,10144,test
12816,570009228867293185,negative,12816,test
11393,568148808993013761,negative,11393,test
14166,569659515706028033,negative,14166,test
12728,570043591927537664,negative,12728,test
5513,568929754151145472,positive,5513,test
12331,570227911803998208,negative,12331,test
7453,569596394819883008,positive,7453,test
10593,569152792314687488,negative,10593,test
9459,569926031542345728,negative,9459,test
11255,568276831134191618,negative,11255,test
3184,568610311487561728,positive,3184,test
37,570045393565691904,positive,37,test
10951,568769111561527297,negative,10951,test
10398,569332044909678592,negative,10398,test
11214,568417913914441728,negative,11214,test
11083,568524186185961473,negative,11083,test
12641,570079030029848579,negative,12641,test
4113,567818055771918336,positive,4113,test
1465,569709350903631873,positive,1465,test
5584,568883464923000832,positive,5584,test
10834,568836390991101952,negative,10834,test
12008,570270776370311168,negative,12008,test
9227,570048851295383552,negative,9227,test
13684,569748937545883648,negative,13684,test
11501,568064972086906880,negative,11501,test
9167,570085132251598850,negative,9167,test
12096,570292715444965377,negative,12096,test
14255,569645350379757568,negative,14255,test
465,567814795895787520,positive,465,test
10935,568775493727551488,negative,10935,test
9837,569646886610702337,negative,9837,test
10592,569153207148150785,negative,10592,test
9580,569866875452203010,negative,9580,test
9421,569943345000280064,negative,9421,test
9156,570104704241307649,negative,9156,test
10870,568811022049349633,negative,10870,test
11957,570283851018317824,negative,11957,test
12929,569977806320476160,negative,12929,test
2374,569240866684071936,positive,2374,test
10878,568807901608828928,negative,10878,test
6409,567875758053400576,positive,6409,test
10069,569549401364029440,negative,10069,test
9188,570078102551834624,negative,9188,test
3477,568408653562294272,positive,3477,test
9696,569713111537717248,negative,9696,test
11037,568594646168948736,negative,11037,test
5968,568453988758233089,positive,5968,test
10521,569229557468827648,negative,10521,test
12421,570193599977148416,negative,12421,test
9880,569627477200535552,negative,9880,test
3963,567907430069329920,positive,3963,test
10269,569419080479875072,negative,10269,test
9051,570267781859557377,negative,9051,test
10612,569125267270017024,negative,10612,test
13037,569954220184604672,negative,13037,test
11864,567725170367148034,negative,11864,test
10355,569355923396780032,negative,10355,test
11014,568616190609764354,negative,11014,test
13599,569806030584057856,positive,13599,test
4549,570035207316885505,positive,4549,test
13117,569936893166489600,negative,13117,test
13267,569900784965554176,negative,13267,test
11735,567788578026311680,positive,11735,test
13280,569896560936374272,positive,13280,test
6968,569979057028227072,positive,6968,test
8002,568888413308391424,positive,8002,test
2612,568995447768899584,positive,2612,test
9358,569970186431959040,negative,9358,test
12414,570195668850995200,negative,12414,test
14111,569665225940709376,positive,14111,test
11604,567889710129029121,positive,11604,test
11907,570301395141836801,negative,11907,test
4377,570281275216367616,positive,4377,test
6298,568076081665679360,positive,6298,test
3632,568221167288344577,positive,3632,test
5635,568846061307084800,positive,5635,test
5819,568573661378174976,positive,5819,test
12445,570184234498805761,negative,12445,test
4013,567873467401371648,positive,4013,test
7275,569700499319959553,positive,7275,test
9923,569614361574158336,negative,9923,test
10526,569225958495952897,negative,10526,test
4946,569617202984255490,positive,4946,test
833,570058986025672704,positive,833,test
13643,569780060523261952,negative,13643,test
11397,568141720556322816,negative,11397,test
11426,568124226135130112,positive,11426,test
6334,568053732929359872,positive,6334,test
12599,570092677196181507,negative,12599,test
10485,569258945254191104,positive,10485,test
9393,569956170393194496,negative,9393,test
14514,569604904689340416,negative,14514,test
9466,569921757647212544,negative,9466,test
14357,569628323443318785,negative,14357,test
11565,567979842882428928,negative,11565,test
7305,569675848770408448,positive,7305,test
11583,567908831545544706,negative,11583,test
9695,569715361660207105,negative,9695,test
6165,568169837878484992,positive,6165,test
8579,568152534507855872,positive,8579,test
13980,569682667362344960,negative,13980,test
11555,568010412798509056,negative,11555,test
12784,570022265343123456,positive,12784,test
8646,568086156899966976,positive,8646,test
13823,569709552721141764,negative,13823,test
11342,568189372362674176,negative,11342,test
10670,568995213529759745,negative,10670,test
12650,570075101326024704,negative,12650,test
7369,569638848214507520,positive,7369,test
12806,570015279654293505,negative,12806,test
12332,570226757380530176,negative,12332,test
11328,568210512405790720,negative,11328,test
9900,569623164105433088,negative,9900,test
11582,567909106553483264,negative,11582,test
12217,570261193685749760,negative,12217,test
9143,570125976195219456,negative,9143,test
10279,569400188491730945,negative,10279,test
13851,569701210120450049,negative,13851,test
10232,569472446954389504,negative,10232,test
14422,569618210699513856,negative,14422,test
5504,568942857123336193,positive,5504,test
9484,569910571686088704,negative,9484,test
11603,567892300551991296,positive,11603,test
12315,570235413224427520,positive,12315,test
1093,569929187101966336,positive,1093,test
11867,567724133434535936,negative,11867,test
14613,569591653121597440,negative,14613,test
4184,567790926857531393,positive,4184,test
14270,569643388611330048,negative,14270,test
13017,569959601011068928,negative,13017,test
13115,569937638674829313,negative,13115,test
5746,568758001856847872,positive,5746,test
2900,568837615220166657,positive,2900,test
12759,570034025148108800,negative,12759,test
11750,567779193342423040,negative,11750,test
11001,568626368373780481,negative,11001,test
12038,570294451261874177,negative,12038,test
12791,570021054015541248,negative,12791,test
13154,569926859699437568,negative,13154,test
5544,568906726906335234,positive,5544,test
12468,570176385534300160,negative,12468,test
9635,569760231846072321,negative,9635,test
9929,569610759795314688,negative,9929,test
14381,569623852403306496,negative,14381,test
11490,568074163270905856,positive,11490,test
10541,569209605198376961,negative,10541,test
11901,570303889754488832,negative,11901,test
3447,568433759919452160,positive,3447,test
6279,568084881303072770,positive,6279,test
9274,570012549631975424,negative,9274,test
7098,569937722804211713,positive,7098,test
9204,570069362310324224,negative,9204,test
13073,569947324316721152,negative,13073,test
8394,568426494554480640,positive,8394,test
14393,569621852718411776,negative,14393,test
10574,569169274109100032,negative,10574,test
11559,568004984937287680,negative,11559,test
10441,569303779822190593,positive,10441,test
4437,570256329543012352,positive,4437,test
8669,568045766280933377,positive,8669,test
4786,569766956062134272,positive,4786,test
14218,569651579307069440,negative,14218,test
13319,569890715867750400,negative,13319,test
11757,567777150145949697,negative,11757,test
9590,569857037477158912,negative,9590,test
13053,569951016033980416,positive,13053,test
11141,568482472880697345,negative,11141,test
13424,569867192445083648,negative,13424,test
9918,569617704644165632,negative,9918,test
14573,569597220871282690,negative,14573,test
14616,569591393540288512,negative,14616,test
51,570006886012973056,positive,51,test
11370,568164721406418945,negative,11370,test
14504,569605930146353152,negative,14504,test
13845,569703263467126784,negative,13845,test
6418,567870895383015424,positive,6418,test
8425,568385676737167360,positive,8425,test
9493,569907782108839938,negative,9493,test
14448,569615100006440960,negative,14448,test
8871,567781694183186432,positive,8871,test
56,569996245462159361,positive,56,test
10815,568853290513010688,negative,10815,test
11091,568514794287796224,negative,11091,test
8406,568419991030087681,positive,8406,test
12514,570135205123530752,negative,12514,test
13338,569886516505407488,negative,13338,test
14279,569642742852268032,negative,14279,test
2355,569248843532886016,positive,2355,test
4215,567770993159307264,positive,4215,test
10879,568807391484997632,positive,10879,test
10942,568773869512761345,positive,10942,test
13189,569917824078090242,negative,13189,test
9935,569607757784952832,negative,9935,test
14522,569604354703020032,negative,14522,test
11655,567847344307347456,negative,11655,test
13680,569753036014247936,negative,13680,test
9587,569862572540878848,positive,9587,test
7038,569948686228295681,positive,7038,test
13483,569851972645466112,negative,13483,test
176,569354267854704641,positive,176,test
10657,569000361735761920,negative,10657,test
10341,569361898581467136,negative,10341,test
12756,570035338925592577,negative,12756,test
3321,568527517910319104,positive,3321,test
13758,569721721944735744,negative,13758,test
2686,568955124300820480,positive,2686,test
13605,569803188901031936,negative,13605,test
10233,569472029717610496,negative,10233,test
13509,569845041440677888,negative,13509,test
8815,567825891209912320,positive,8815,test
12277,570245367607857153,positive,12277,test
14298,569640139288412160,negative,14298,test
10590,569154174929244162,negative,10590,test
12264,570248162067107840,negative,12264,test
13697,569743129928028160,negative,13697,test
222,569222494952886272,positive,222,test
14251,569646144805953536,negative,14251,test
14086,569669062206332929,negative,14086,test
9747,569683111404908544,negative,9747,test
9174,570083998380232704,negative,9174,test
9516,569895100526039040,negative,9516,test
5981,568448077624770560,positive,5981,test
11205,568436010817712128,negative,11205,test
10587,569159165626716160,negative,10587,test
10456,569284223590232064,negative,10456,test
12410,570197193254170624,negative,12410,test
9164,570085487261700096,negative,9164,test
1187,569902028719173632,positive,1187,test
14119,569664330163200000,negative,14119,test
11156,568473401544859648,positive,11156,test
9503,569902284710084608,positive,9503,test
10139,569525116725567491,negative,10139,test
7056,569947151339429889,positive,7056,test
9966,569598915722518528,negative,9966,test
14390,569621976131772416,negative,14390,test
5123,569330414193483776,positive,5123,test
359,568490223417602050,positive,359,test
6848,570195036782133248,positive,6848,test
9155,570105696219308033,negative,9155,test
14159,569660029093203968,negative,14159,test
14238,569648713980715010,negative,14238,test
14274,569643210785497088,negative,14274,test
8598,568128390487789568,positive,8598,test
14019,569676702030262272,negative,14019,test
834,570058190647271424,positive,834,test
10895,568794464749264896,positive,10895,test
10917,568785393358905345,negative,10917,test
14122,569664191574859777,negative,14122,test
3112,568663431433187328,positive,3112,test
14490,569607706358779904,positive,14490,test
12065,570302060035497984,negative,12065,test
12391,570204435663581184,positive,12391,test
9234,570044019897556994,negative,9234,test
14258,569644902637813761,negative,14258,test
14028,569676217432977408,negative,14028,test
7506,569558235897688064,positive,7506,test
11287,568241989453393920,negative,11287,test
10487,569258544714911746,positive,10487,test
14374,569625356942098432,positive,14374,test
11505,568063386321158145,positive,11505,test
13894,569693767831146497,negative,13894,test
12777,570028125024706561,negative,12777,test
184,569316358845911040,positive,184,test
7304,569676138253049859,positive,7304,test
13193,569917183385432064,negative,13193,test
9636,569760128343220224,negative,9636,test
4717,569903377598914562,positive,4717,test
9118,570208172289474560,negative,9118,test
13241,569908722778157056,negative,13241,test
14163,569659617699074048,negative,14163,test
6839,570206077826039808,positive,6839,test
13504,569846356409339906,positive,13504,test
9541,569884071758835712,negative,9541,test
12752,570036538488139776,positive,12752,test
12508,570138307767578625,negative,12508,test
10676,568992757169065984,negative,10676,test
11960,570283254743506944,negative,11960,test
9629,569771711408644096,positive,9629,test
4741,569887230019284993,positive,4741,test
10833,568838717303074816,negative,10833,test
11376,568162061278011392,negative,11376,test
10869,568811771315814401,positive,10869,test
3115,568659661861175297,positive,3115,test
11671,567832821013848064,negative,11671,test
14472,569610871934205954,negative,14472,test
11339,568194427904069632,negative,11339,test
11567,567969619849265153,negative,11567,test
11660,567842466851905536,negative,11660,test
10697,568966649728114688,positive,10697,test
4876,569670904852172800,positive,4876,test
1336,569815182265978880,positive,1336,test
5709,568787046778720256,positive,5709,test
13772,569720008630149120,negative,13772,test
13018,569959182729785344,negative,13018,test
5122,569332152065593345,positive,5122,test
13540,569837685428359168,negative,13540,test
11335,568199678896037890,negative,11335,test
10701,568964010101514240,negative,10701,test
9919,569617332907212800,negative,9919,test
9127,570197868813918208,negative,9127,test
14179,569658243871608832,negative,14179,test
12053,570306260010176512,negative,12053,test
9669,569731306092961792,negative,9669,test
11982,570276414567493633,negative,11982,test
11967,570281010606120960,negative,11967,test
8003,568888167681695744,positive,8003,test
2771,568908748732760064,positive,2771,test
11885,570307369328095232,negative,11885,test
11689,567816651900583936,negative,11689,test
11786,567760474553348096,positive,11786,test
9535,569887957810864129,negative,9535,test
6194,568140628959358976,positive,6194,test
12572,570101027439046656,positive,12572,test
8106,568784868257214464,positive,8106,test
374,568452186977361921,positive,374,test
12402,570201233220198400,positive,12402,test
12483,570167726972538880,positive,12483,test
12457,570179562174328832,negative,12457,test
14415,569619330012463104,positive,14415,test
9697,569710305707601920,negative,9697,test
11454,568105051622756352,negative,11454,test
12821,570008179280646146,negative,12821,test
9434,569938945871626240,negative,9434,test
10373,569345076406693888,negative,10373,test
9814,569653977714962433,negative,9814,test
6352,568028183267639297,positive,6352,test
552,570283712409051136,positive,552,test
3473,568412546673352705,positive,3473,test
1037,569956201934385152,positive,1037,test
13819,569710119216422912,negative,13819,test
10328,569368532242145280,negative,10328,test
11676,567829906861793280,positive,11676,test
6437,567859569621372928,positive,6437,test
12566,570101777934086146,positive,12566,test
6353,568027403462651905,positive,6353,test
1,570301130888122368,positive,1,test
835,570057930332102656,positive,835,test
10003,569581400850096128,negative,10003,test
4872,569671596744380416,positive,4872,test
11056,568556953640820736,negative,11056,test
10080,569544271017037824,positive,10080,test
199,569262527281913857,positive,199,test
13842,569703641096933377,negative,13842,test
13598,569806083981758464,positive,13598,test
11470,568084495078785024,negative,11470,test
8939,567732811772080129,positive,8939,test
6404,567878436909228033,positive,6404,test
9226,570050881879568384,negative,9226,test
12725,570044497330987008,negative,12725,test
227,569212570478911489,positive,227,test
10712,568957173692108800,negative,10712,test
14290,569641676244791296,negative,14290,test
9397,569951021398683650,negative,9397,test
21,570264145116819457,positive,21,test
10299,569382354529030144,negative,10299,test
14617,569591285150908416,positive,14617,test
8711,567915499868131328,positive,8711,test
9866,569633099174322177,negative,9866,test
10086,569541291467522048,negative,10086,test
12624,570085165378068480,negative,12624,test
12435,570188115077259266,negative,12435,test
4341,570299642887442433,positive,4341,test
9738,569686602940858368,negative,9738,test
14336,569631742631354369,positive,14336,test
12820,570008661885526016,negative,12820,test
12155,570275010759102466,negative,12155,test
11100,568505037833396224,negative,11100,test
8861,567794198095872001,positive,8861,test
11887,570306867878072320,negative,11887,test
269,568923762764095488,positive,269,test
4772,569843082994315264,positive,4772,test
1452,569714541178679296,positive,1452,test
11935,570292715444965377,negative,11935,test
8640,568091845848231937,positive,8640,test
12128,570281010606120960,negative,12128,test
13836,569704388106719232,negative,13836,test
13379,569878584967344128,negative,13379,test
12764,570033259842801664,negative,12764,test
9123,570203789963218944,negative,9123,test
7649,569439674294337536,positive,7649,test
10514,569239087493857281,negative,10514,test
9147,570114273021534209,negative,9147,test
8244,568560914779078656,positive,8244,test
13259,569903191279710208,negative,13259,test
14235,569649222963871744,negative,14235,test
13106,569939156740149249,negative,13106,test
9273,570012789479055360,negative,9273,test
11420,568128904260685824,negative,11420,test
1686,569625419097313282,positive,1686,test
13359,569881888892055552,negative,13359,test
10042,569558986665537537,negative,10042,test
14295,569641259826061312,negative,14295,test
12654,570073396152676352,negative,12654,test
11681,567821288820203520,negative,11681,test
10324,569371393294344192,negative,10324,test
11862,567725387904720896,positive,11862,test
12439,570187100710002689,negative,12439,test
3772,568137238267047936,positive,3772,test
10357,569353641615687680,negative,10357,test
11909,570300355843661824,positive,11909,test
7447,569603002278944768,positive,7447,test
9194,570075456302649344,negative,9194,test
13101,569940199842525184,negative,13101,test
12493,570153000079126528,negative,12493,test
13254,569905298481274880,negative,13254,test
7544,569537388986421249,positive,7544,test
13638,569786215693742080,negative,13638,test
2633,568982915956277249,positive,2633,test
12685,570063107701272576,negative,12685,test
208,569248400836726786,positive,208,test
11697,567809403668430849,negative,11697,test
1998,569483390581383168,positive,1998,test
9400,569950215513497601,negative,9400,test
13409,569869892960133120,negative,13409,test
22,570259420287868928,positive,22,test
10907,568789565483454464,negative,10907,test
10944,568773342053969920,negative,10944,test
13248,569906532277731328,negative,13248,test
6478,567826761141985280,positive,6478,test
8095,568797557914148865,positive,8095,test
9532,569889475658178560,negative,9532,test
10566,569176543236399104,negative,10566,test
13198,569916323725217793,negative,13198,test
5696,568800998929661953,positive,5696,test
14437,569616283706077184,negative,14437,test
12172,570270435478122497,positive,12172,test
6857,570137183442608128,positive,6857,test
9687,569718474047664129,negative,9687,test
11526,568046797475553280,negative,11526,test
13584,569818697113702400,negative,13584,test
11015,568615362960293888,negative,11015,test
10109,569533202835984385,negative,10109,test
7781,569249554236878848,positive,7781,test
9751,569682454757257216,negative,9751,test
5617,568856987632603136,positive,5617,test
5953,568463331251634176,positive,5953,test
12376,570214789487693824,negative,12376,test
