row_id,tweet_id,airline_sentiment,group_id,split
0,570306133677760513,neutral,0,train
1,570301130888122368,positive,1,train
2,570301083672813571,neutral,2,train
3,570301031407624196,negative,3,train
4,570300817074462722,negative,4,test
5,570300767074181121,negative,5,validation
6,570300616901320704,positive,6,train
7,570300248553349120,neutral,7,validation
8,570299953286942721,positive,8,test
9,570295459631263746,positive,9,train
10,570294189143031808,neutral,10,train
11,570289724453216256,positive,11,train
12,570289584061480960,positive,12,train
13,570287408438120448,positive,13,test
15,570282469121007616,negative,15,train
16,570277724385734656,positive,16,train
17,570276917301137409,negative,17,validation
18,570270684619923457,positive,18,train
19,570267956648792064,positive,19,train
20,570265883513384960,negative,20,validation
21,570264145116819457,positive,21,test
22,570259420287868928,positive,22,train
23,570258822297579520,neutral,23,train
24,570256553502068736,negative,24,train
25,570249102404923392,negative,25,train
26,570239632807370753,negative,26,train
27,570217831557677057,neutral,27,train
28,570207886493782019,negative,28,validation
29,570124596180955136,neutral,29,train
30,570114021854212096,negative,30,validation
31,570094701371469825,neutral,31,train
32,570088404156698625,negative,32,test
33,570084582780899328,negative,33,train
34,570076792993611776,positive,34,test
35,570051991277342720,neutral,35,train
36,570051381534396416,positive,36,validation
37,570045393565691904,positive,37,train
38,570038941497192448,neutral,38,validation
39,570035876845084672,negative,39,test
40,570033593394667521,positive,40,validation
41,570025482344898560,negative,41,train
42,570016304284901379,neutral,42,validation
43,570015408788414464,neutral,43,train
44,570013523650048002,neutral,44,validation
45,570012257549070337,positive,45,train
46,570011341483843584,neutral,46,validation
47,570010571707256832,positive,47,train
48,570010539499393025,neutral,48,train
49,570009713447825408,neutral,49,train
50,570009035455344640,neutral,50,train
51,570006886012973056,positive,51,train
52,570004391731847169,neutral,52,train
53,570001194900426752,neutral,53,validation
54,570000071644872704,neutral,54,train
55,569996412286582784,negative,55,train
56,569996245462159361,positive,56,test
57,569990222609412097,positive,57,validation
58,569990163209850881,neutral,58,train
59,569989504431316993,neutral,59,train
60,569989321698074624,neutral,60,validation
61,569989034501500928,negative,61,validation
62,569987622484848640,neutral,62,test
63,569986782567071744,neutral,63,train
64,569986348041547778,positive,64,train
65,569982307634794497,neutral,65,train
66,569976620158578688,negative,66,train
67,569973821396152323,negative,67,train
68,569972508499283968,positive,68,train
69,569967019958730753,negative,69,train
70,569961866224652288,neutral,70,train
71,569949891163615232,neutral,71,train
72,569948966873370625,neutral,72,test
73,569946362126602240,negative,73,test
74,569942903683813376,positive,74,train
75,569941957490774016,positive,75,validation
76,569940834994401280,neutral,76,test
77,569940323746516993,neutral,77,train
78,569935232033366017,negative,78,test
79,569934395865493504,neutral,79,train
80,569933816963342337,negative,80,train
81,569933777931145216,positive,81,test
82,569933405506310144,negative,82,train
83,569933360564342784,negative,83,train
84,569929243146088448,negative,84,train
85,569926998824394752,negative,85,train
86,569923394990419968,neutral,86,validation
87,569922008588222465,neutral,87,train
88,569920824905306113,neutral,88,test
89,569919041244147712,negative,89,test
90,569915941192015872,neutral,90,train
91,569913339427434496,neutral,91,validation
92,569911816937033728,negative,92,validation
93,569911674158731264,negative,93,train
94,569911218942517248,neutral,94,train
95,569910981868060673,negative,95,train
96,569909224521641984,negative,96,train
97,569907336485019648,negative,97,train
98,569896805611089920,negative,98,train
99,569894449620369408,negative,99,train
100,569894407001939968,neutral,100,train
101,569892199690678272,negative,101,test
102,569891469210755074,neutral,102,train
103,569891436100874241,negative,103,validation
104,569887310713479168,negative,104,train
105,569887049446076416,positive,105,test
106,569884551712886785,negative,106,validation
107,569884407852437504,negative,107,train
108,569881548515708928,neutral,108,test
113,569872058613673984,positive,113,train
114,569861209781989377,positive,114,train
115,569847920192655361,negative,115,test
116,569814339785338880,positive,116,train
117,569777607371128834,positive,117,train
118,569774078233419776,positive,118,train
119,569770363623575552,positive,119,train
120,569748316776325120,negative,120,train
121,569741221783957504,negative,121,test
122,569737603617943552,negative,122,train
123,569714127792254976,positive,123,validation
124,569675144353828864,positive,124,train
125,569674358135914496,neutral,125,train
126,569666477265018881,negative,126,train
127,569652497947734017,positive,127,train
128,569649116487290880,neutral,128,test
129,569643262459269120,neutral,129,train
130,569642845516275712,negative,130,train
131,569634318349246464,negative,131,test
132,569633630978310145,neutral,132,train
133,569633279546036224,negative,133,train
134,569630092273410048,negative,134,train
135,569627480425766912,negative,135,train
136,569625739231948800,positive,136,train
137,569625609799774208,neutral,137,train
138,569620102389350401,positive,138,train
139,569619569372823552,negative,139,train
140,569618527948115968,negative,140,train
141,569616490380439552,positive,141,train
142,569615109363929088,neutral,142,train
143,569614365755899905,negative,143,train
144,569614024578600960,positive,144,test
145,569609971383586817,negative,145,test
146,569608328998887424,negative,146,validation
147,569599867716132864,positive,147,train
148,569596445680115712,positive,148,train
149,569596097540132864,negative,149,test
150,569594386066984960,negative,150,train
151,569586660909973504,neutral,151,train
152,569580805036453888,positive,152,train
153,569575679722786816,neutral,153,validation
154,569575003248676864,neutral,154,train
155,569574973662232576,neutral,155,train
156,569574961158815745,neutral,156,train
157,569572942381649920,negative,157,train
158,569572740723712001,negative,158,train
159,569566981835218944,negative,159,train
160,569564853460807680,negative,160,test
161,569564610837086209,negative,161,train
162,569562202405019650,negative,162,train
163,569541127340040192,negative,163,train
164,569540405676654592,negative,164,validation
165,569494748341407744,negative,165,train
166,569482263345307648,neutral,166,train
167,569477692166316033,negative,167,validation
168,569461469042966528,negative,168,train
169,569459618881019905,neutral,169,train
170,569452063920226304,neutral,170,train
171,569447071910105089,neutral,171,validation
172,569429411646156800,neutral,172,test
173,569369239183872000,negative,173,train
174,569368160291463168,negative,174,train
175,569356387785900032,neutral,175,train
176,569354267854704641,positive,176,validation
177,569351220097216512,negative,177,train
178,569348775631675392,negative,178,train
179,569324558999691264,neutral,179,train
180,569323106210152448,neutral,180,train
181,569323082701275138,negative,181,validation
182,569318651502989312,negative,182,train
183,569318130356502528,positive,183,validation
184,569316358845911040,positive,184,test
185,569311498301870080,neutral,185,validation
186,569311060903268352,negative,186,validation
187,569310635986546688,negative,187,train
188,569305113589714944,neutral,188,train
189,569304436612444160,positive,189,train
190,569304208534597632,neutral,190,train
191,569304030847090688,negative,191,train
192,569303931916038144,negative,192,test
194,569290361870426112,negative,194,validation
195,569282249717194754,negative,195,train
196,569277854950817792,negative,196,train
197,569277352129138688,negative,197,train
198,569263837448269826,negative,198,train
199,569262527281913857,positive,199,train
200,569262225900359680,negative,200,train
201,569261347688607744,positive,201,train
202,569261128532041728,neutral,202,train
203,569260526976544768,positive,203,train
204,569253311813185537,positive,204,test
205,569253236093267969,positive,205,test
206,569250469178175488,positive,206,train
207,569248437050302464,neutral,207,train
208,569248400836726786,positive,208,train
209,569247769166266368,negative,209,train
210,569247394002563072,negative,210,train
211,569244860286263297,negative,211,train
212,569240250192670720,positive,212,test
213,569238877178716161,negative,213,train
214,569237252154372097,negative,214,train
215,569236471690829825,neutral,215,train
216,569236251129163777,negative,216,validation
217,569230983075115010,negative,217,train
218,569229785500680192,negative,218,train
219,569226875349835776,negative,219,train
220,569224234150404096,negative,220,train
221,569223788639821824,negative,221,test
222,569222494952886272,positive,222,train
223,569221440794271745,positive,223,validation
224,569221156504530944,negative,224,train
225,569220232293720066,neutral,225,train
226,569218762907324416,negative,226,train
227,569212570478911489,positive,227,test
228,569211675108179968,negative,228,train
229,569209566715469824,positive,229,train
230,569208480793567233,positive,230,train
232,569204272795004928,negative,232,test
233,569202691185909760,positive,233,validation
234,569201943131738113,positive,234,train
235,569200619430420480,positive,235,train
236,569200606595952640,negative,236,train
237,569198782421663745,negative,237,train
238,569198104806699008,positive,238,train
239,569197967959154688,positive,239,train
240,569197611393163264,neutral,240,train
241,569197515993534464,neutral,241,train
242,569192778468626432,negative,242,train
243,569182336715243520,negative,243,train
244,569180623165915137,positive,244,train
245,569179517522046977,negative,245,train
246,569176777056079874,positive,246,train
247,569165709516759042,positive,247,train
248,569110766235877376,positive,248,train
249,569083230361673728,negative,249,train
250,569028851860254720,negative,250,validation
251,569022319437357056,negative,251,train
252,569020707113476096,positive,252,validation
253,569018352464588800,neutral,253,train
254,569011849976348672,positive,254,train
255,568989005162766337,neutral,255,train
256,568977439398821888,neutral,256,test
257,568977175149293570,neutral,257,train
258,568972394297077760,positive,258,train
259,568945958970531840,negative,259,train
260,568945265899483136,neutral,260,train
261,568943244027006976,neutral,261,train
262,568942331921092608,negative,262,train
263,568940002849255425,negative,263,train
264,568929979981033472,positive,264,train
265,568929026644975616,negative,265,train
266,568928741298012160,negative,266,train
267,568928605226426370,neutral,267,test
268,568926018049691648,neutral,268,test
269,568923762764095488,positive,269,train
270,568920614716600320,neutral,270,train
271,568920221882257408,neutral,271,train
272,568911350656675841,positive,272,train
273,568910590921609216,positive,273,train
274,568901823215448064,negative,274,train
275,568898405189038080,neutral,275,train
276,568897315458691072,positive,276,train
277,568890074164809728,positive,277,validation
278,568890062286385153,neutral,278,train
279,568884848632279041,neutral,279,validation
280,568882014415249408,negative,280,train
282,568868127364096000,negative,282,train
283,568867068331864064,neutral,283,validation
284,568865011717705730,neutral,284,train
285,568864815654899712,neutral,285,train
286,568855933360607232,neutral,286,train
287,568853685855334400,negative,287,train
288,568850967673896960,negative,288,validation
289,568850943359496192,negative,289,validation
290,568847512372514816,neutral,290,train
291,568845553104068609,neutral,291,test
292,568840724700995584,negative,292,train
293,568840560347373569,positive,293,train
294,568838020041809920,neutral,294,train
295,568837602071203840,neutral,295,train
296,568833739192557569,neutral,296,train
297,568830466830151680,neutral,297,validation
298,568830133626253312,negative,298,train
299,568828648687591424,neutral,299,train
300,568828112626012160,neutral,300,test
301,568824637267685377,negative,301,train
302,568823689422053376,neutral,302,train
303,568815689684815873,positive,303,train
304,568812046747201537,negative,304,train
305,568811384437411840,negative,305,train
306,568805696780824576,positive,306,validation
307,568803996774879232,positive,307,train
308,568802396907835393,positive,308,train
309,568800805475782656,neutral,309,train
310,568795484283736064,neutral,310,train
311,568795139512127488,positive,311,test
312,568792520337039360,neutral,312,train
313,568791035297468416,positive,313,train
314,568790164404899840,negative,314,train
315,568781819233091584,neutral,315,train
316,568775898234798081,negative,316,train
317,568769672922812418,negative,317,validation
318,568735060104511488,neutral,318,train
319,568689188377403392,neutral,319,test
320,568663147189415936,negative,320,test
321,568662343170674688,negative,321,train
322,568646087361355776,neutral,322,train
323,568643040073506816,positive,323,train
324,568633361595412481,positive,324,train
325,568632394929958912,neutral,325,train
326,568630879246901248,neutral,326,train
327,568629385105793024,neutral,327,validation
328,568626625857728513,neutral,328,validation
329,568608718994026496,negative,329,validation
330,568607562251108352,neutral,330,validation
332,568604690767872000,positive,332,test
333,568602941940043776,positive,333,train
334,568595620002279424,negative,334,test
335,568585196699664384,negative,335,test
336,568579880046227457,neutral,336,train
337,568577243200376833,neutral,337,validation
338,568576829000425472,negative,338,train
339,568572344056180737,neutral,339,validation
340,568571772251082752,neutral,340,train
341,568553610981740544,positive,341,train
342,568543525505089536,positive,342,train
343,568541317816561664,neutral,343,train
344,568536882012749824,negative,344,train
345,568532221180534784,negative,345,validation
346,568526847320784896,negative,346,train
347,568525368572817408,positive,347,train
348,568522203198697474,negative,348,train
349,568519971971538945,negative,349,train
350,568518985056002049,negative,350,validation
351,568517565548339200,negative,351,train
352,568517447847780353,neutral,352,train
353,568511755040657409,negative,353,train
354,568511474580066304,negative,354,validation
355,568496820604821505,negative,355,train
356,568495808053702656,neutral,356,train
357,568492682152189952,neutral,357,train
358,568491256508231680,positive,358,train
359,568490223417602050,positive,359,train
360,568483591623208961,neutral,360,train
361,568483491819753472,neutral,361,train
362,568481985221537792,positive,362,validation
363,568478510538493952,positive,363,train
364,568476562376531969,neutral,364,test
365,568472719102234624,neutral,365,train
367,568463892453724160,negative,367,train
368,568463244035289088,negative,368,train
369,568460512553353216,positive,369,test
370,568458513636134913,negative,370,train
371,568457140894969856,negative,371,validation
372,568456334581981184,negative,372,train
373,568452676452806656,neutral,373,train
374,568452186977361921,positive,374,validation
375,568451468560187393,positive,375,train
376,568447216156692480,negative,376,validation
377,568440278853525504,neutral,377,train
378,568437415603507200,positive,378,train
379,568434482270707712,positive,379,test
380,568432117539065856,neutral,380,train
381,568429677779365888,positive,381,train
382,568428224813916160,neutral,382,validation
383,568423029371334656,negative,383,validation
384,568406048777900032,positive,384,train
385,568392783922372608,positive,385,validation
386,568391084210036736,neutral,386,train
387,568382154071089154,neutral,387,train
388,568364437599436800,neutral,388,validation
389,568349321634013184,neutral,388,validation
390,568307768551026688,neutral,388,validation
391,568303606710956032,positive,391,train
392,568279994876571649,positive,392,train
393,568265552583479296,neutral,393,train
394,568259485413715969,negative,394,train
396,568240364315783168,negative,396,train
397,568239036533497856,positive,397,train
398,568218962833461248,negative,398,train
399,568216286561374208,negative,399,train
400,568209028188233728,neutral,400,validation
401,568204964742496256,positive,401,validation
402,568203174198284288,neutral,402,train
403,568199730989174784,neutral,403,train
404,568195292803129345,positive,404,train
405,568193116437483520,neutral,405,train
406,568189531033174016,positive,406,validation
407,568174745293709313,negative,407,test
408,568165573869199361,negative,408,validation
409,568157680696729600,negative,409,train
410,568150150289461249,neutral,410,train
411,568148652352544769,negative,411,train
412,568146157534367744,positive,412,train
413,568144330268868608,neutral,413,test
414,568142526110019584,neutral,414,test
415,568140092453179394,positive,415,test
416,568140010458894338,positive,416,validation
417,568136946016522240,negative,417,train
418,568132935037132800,negative,418,validation
419,568132204712370178,negative,419,train
420,568122723915862016,neutral,420,train
421,568120102660341760,positive,421,train
422,568119079371997186,positive,422,train
423,568114097142652928,neutral,423,train
424,568104519633993728,neutral,424,train
425,568104264733573122,negative,425,train
426,568101393111891968,neutral,426,train
427,568100257931747328,positive,427,validation
428,568100090390425600,neutral,428,test
429,568095440517754881,positive,429,test
430,568093957080551424,positive,430,train
431,568088472772157440,neutral,431,train
432,568086068328681473,neutral,432,train
433,568083179023650818,negative,433,test
434,568079278505463808,negative,434,train
435,568068513224654848,neutral,435,test
436,568068214325784576,positive,436,train
437,568064123621093377,positive,437,train
438,568061922265804802,neutral,438,train
439,568059129601724416,positive,439,validation
440,568058610296565760,positive,440,train
441,568054702635483136,neutral,441,train
442,568053134439788546,neutral,442,validation
443,568050777744379904,positive,443,train
444,568017135236022273,negative,444,validation
445,568011935347838977,neutral,445,test
446,567972416846217216,negative,446,validation
447,567972174398689280,negative,447,test
448,567971836321009664,negative,448,train
449,567971610801664000,negative,449,train
450,567946319349706753,negative,450,train
451,567908796917420032,positive,451,train
452,567899492885745664,neutral,452,test
453,567893201719156736,positive,453,test
454,567873698679623680,positive,454,train
455,567858317831249920,positive,455,train
456,567855171335626752,neutral,456,validation
457,567849520781893632,negative,457,train
458,567849200295124992,neutral,458,test
459,567846970141716481,positive,459,train
460,567845726220357632,neutral,460,train
461,567845203014377472,neutral,461,train
462,567829051559186432,neutral,462,train
463,567828603976597504,positive,463,train
464,567823564167192576,positive,464,train
465,567814795895787520,positive,465,train
466,567813046811525120,positive,466,test
467,567812402764374016,positive,467,validation
468,567811428779868160,neutral,468,train
469,567810209088847873,negative,469,train
470,567807967706488832,positive,470,train
471,567807640660619267,neutral,471,train
472,567807288192290816,neutral,472,train
473,567807278964023296,neutral,473,train
474,567806905617281024,neutral,474,train
475,567806884191944705,positive,475,train
476,567806872410161152,positive,476,train
477,567806467974365184,positive,477,train
478,567796863467839488,neutral,478,test
479,567792185832394752,negative,479,test
480,567787873778278400,positive,480,train
481,567786760287096832,negative,481,train
482,567786199415136256,neutral,482,train
483,567785481161953280,neutral,483,train
484,567785191901376512,negative,484,train
485,567783687980367872,negative,485,train
486,567772685472915456,negative,486,train
487,567770107062284288,negative,487,train
488,567769981128282113,positive,488,train
489,567767269120688128,neutral,489,train
490,567762071258152960,positive,490,validation
491,567759012806029312,positive,491,train
492,567755402943930368,neutral,492,train
493,567753757702647810,positive,493,train
494,567748973910163457,negative,494,train
495,567745903474540545,negative,495,train
496,567744381432516608,negative,496,train
497,567742937325260801,neutral,497,train
498,567742578561650688,positive,498,train
499,567742148603170816,neutral,499,train
500,567735941846937600,neutral,500,validation
501,567728227465310208,neutral,501,train
502,567727292739092480,positive,502,train
503,567726092518031360,neutral,503,train
505,570307847281614848,positive,505,train
506,570307109704900608,negative,506,train
507,570307026263384064,negative,507,train
508,570306733010264064,positive,508,train
509,570306217001799680,negative,509,train
510,570305603056349184,neutral,510,validation
511,570304912468402177,negative,511,train
512,570302375510056960,neutral,512,validation
513,570302023993831425,negative,513,train
514,570301670892146688,neutral,514,train
516,570299819610251265,positive,516,train
517,570299388670701568,neutral,517,train
518,570299182310944768,negative,518,train
519,570298918971576320,negative,519,test
520,570298455068971008,negative,520,train
521,570298411582394368,positive,521,train
522,570298027103162368,neutral,522,train
523,570298018685165568,negative,523,train
524,570297970891075584,neutral,524,train
525,570296556852789250,neutral,525,train
526,570295795985080320,negative,526,validation
527,570294743684517888,positive,527,train
528,570294445020733440,neutral,528,train
529,570294205999939584,negative,529,validation
530,570293957739081728,negative,530,train
531,570293265221742594,neutral,531,train
532,570291866530398208,neutral,532,train
533,570291813912858625,negative,533,train
534,570291642550386689,negative,534,train
535,570291492545298432,neutral,535,train
536,570291213007491076,negative,536,train
537,570290993339244547,negative,537,train
538,570290540274688001,neutral,538,train
539,570289777184002048,negative,539,train
540,570289557205327873,negative,540,test
541,570288349392605186,negative,541,train
542,570286924277030912,negative,542,train
543,570286882623369217,negative,543,train
544,570286565894828032,negative,544,validation
545,570286100637466624,negative,545,validation
546,570285610176532480,neutral,546,validation
547,570285578563891200,neutral,547,train
548,570285537833168896,neutral,548,train
549,570285115655348226,neutral,549,train
550,570284934771974144,negative,550,train
551,570284312697765888,neutral,551,validation
552,570283712409051136,positive,552,validation
553,570283571941924864,negative,553,train
554,570283453750489088,negative,554,train
555,570282089863626752,negative,555,test
556,570282087065919488,neutral,556,train
557,570280548922499073,negative,557,validation
559,570278024303775745,negative,559,train
560,570277667519332353,negative,560,train
561,570277418642120704,negative,561,train
562,570276787063816192,positive,562,train
563,570276377401827329,negative,563,train
564,570276018751016960,negative,564,train
565,570275462921850880,negative,565,validation
566,570275153860386816,negative,566,train
567,570275140157640704,negative,567,test
568,570275123854487552,negative,568,train
569,570272997052805120,negative,569,train
570,570272511050383360,negative,570,train
571,570272406570442752,neutral,571,validation
572,570271846718775296,negative,572,train
573,570271792314617857,negative,573,train
574,570271791400112129,negative,574,train
575,570271644473622528,negative,575,train
576,570271367519604737,neutral,576,train
577,570271205300703232,neutral,577,train
578,570271064141352960,positive,578,train
579,570270918095695872,negative,579,train
580,570270728051765248,negative,580,test
581,570270436463759360,negative,581,validation
582,570269172774649856,negative,582,train
583,570269103648350208,negative,583,train
584,570269035998408704,negative,584,train
585,570267915154538496,negative,585,train
586,570265596220166144,negative,586,train
587,570265542025719808,negative,587,train
588,570264556443824128,negative,588,test
589,570264153559949313,positive,589,train
590,570263872004874240,neutral,590,train
591,570262424038699008,negative,591,train
592,570260984704700417,negative,592,train
593,570260383862108160,negative,98,train
594,570260294846451712,negative,594,test
595,570260118043914240,negative,595,test
596,570259691579809792,negative,596,test
597,570259632557395968,negative,597,train
598,570259311315836928,positive,598,train
599,570259131879309312,neutral,599,train
600,570258760200953856,positive,600,train
602,570257564023128064,neutral,602,train
603,570257563003920384,negative,603,train
604,570257377460514816,negative,604,train
605,570254368538173440,negative,605,validation
606,570252986372329472,negative,606,train
607,570252965392592896,positive,607,train
608,570252666439385088,negative,608,validation
609,570252146320351232,negative,609,validation
610,570251549219393536,negative,610,train
611,570251472203587584,positive,611,validation
612,570250053710819328,neutral,612,test
613,570249871107723264,neutral,613,test
614,570249806540451843,negative,614,train
616,570249083790733312,negative,616,train
617,570247839563034624,neutral,617,train
618,570247551368241153,negative,618,train
619,570247428139569152,negative,619,validation
620,570247027117797376,negative,620,validation
621,570246963901427713,negative,621,train
622,570245996334190592,negative,622,train
623,570245555064074240,negative,623,train
624,570244711388065793,negative,624,train
625,570243296741752832,neutral,625,train
626,570241830757007360,negative,626,test
627,570240043022991361,negative,627,train
628,570239165675249666,neutral,628,train
629,570237629775675392,neutral,629,train
630,570237261494792192,negative,630,train
631,570236221575704576,neutral,631,validation
632,570236138603950080,negative,632,train
633,570236014238699521,negative,633,train
634,570235698608869376,negative,634,validation
635,570235686470746112,negative,635,validation
636,570235387009839104,negative,636,validation
637,570235195934117889,negative,637,train
638,570234996562112512,negative,638,train
639,570234734942523393,negative,639,train
640,570234650448125952,negative,640,train
641,570232726206312448,neutral,641,train
642,570232659282145280,negative,642,train
643,570232533272567813,negative,643,train
644,570232477618442241,negative,644,test
645,570230752476049408,neutral,645,train
646,570230059170004994,negative,646,train
647,570229936285331457,neutral,647,train
648,570229842626478081,negative,648,test
649,570229480821628928,negative,649,train
650,570229133445242880,negative,650,test
651,570228446053470208,negative,651,train
652,570227149682155520,neutral,652,test
653,570226164146397184,negative,653,validation
654,570225191458111489,negative,654,train
655,570224727047872514,negative,655,test
656,570223703285477376,negative,656,train
657,570222630525014017,neutral,657,test
658,570219942961922048,neutral,658,test
659,570217606025748480,negative,659,train
660,570217145428090880,negative,660,train
661,570216086173581312,negative,661,test
662,570215359963406337,neutral,662,test
663,570214660638511104,positive,663,test
664,570212246053220352,negative,664,train
665,570211810038521856,negative,665,train
666,570211313072238592,neutral,666,train
667,570210970330669056,negative,667,test
668,570210145239592960,negative,668,validation
669,570209482090917888,neutral,669,train
670,570208036314222592,positive,670,train
671,570205880504815616,negative,671,train
672,570204900375687168,negative,672,train
673,570204730745421826,negative,673,train
674,570204649363341312,negative,674,train
675,570203218686423041,negative,675,train
676,570201707621146624,negative,676,train
677,570201440704028672,negative,677,train
678,570200756827000832,negative,678,train
679,570197589280366592,neutral,679,train
680,570196530566701056,positive,680,test
681,570196424043814912,neutral,681,train
682,570189291990728704,negative,682,test
683,570188934564737024,negative,683,train
684,570188838775103488,negative,684,train
685,570188684881821696,negative,685,train
686,570188353984958464,negative,686,train
687,570187940221071360,positive,687,validation
688,570187080426397696,negative,688,train
689,570185687569469440,negative,689,train
690,570183702224834560,positive,690,train
691,570182980142022656,negative,691,validation
692,570181906492297216,neutral,692,train
693,570179158594220032,negative,693,validation
694,570177593250582528,negative,694,train
695,570176998355701760,positive,695,train
696,570175761468030977,negative,696,train
697,570175669096882176,negative,697,train
698,570175513035214848,negative,698,test
699,570175238815657984,positive,699,train
700,570175202807586816,negative,700,train
701,570173090774294528,negative,701,train
702,570172921102143488,neutral,702,train
703,570169567374401536,negative,703,train
704,570165459783450624,negative,704,validation
705,570164810144481280,neutral,705,train
706,570163662100549634,neutral,706,train
707,570163259560452097,negative,707,test
708,570160394494480384,negative,708,train
709,570160277934747648,positive,709,train
710,570160120698679296,negative,710,train
711,570159741441335296,negative,711,train
712,570151698489954304,negative,712,train
713,570151672070205440,negative,713,test
714,570144025451339776,negative,714,validation
715,570143097809707008,negative,715,train
716,570142263290011649,positive,716,train
717,570138826032713729,negative,717,train
718,570136977074491392,negative,718,train
719,570135557151580160,neutral,719,train
720,570129828969459712,negative,720,train
721,570126668922294272,positive,721,train
722,570122958695477248,positive,722,train
723,570121588487663616,positive,723,train
724,570121361953202178,negative,724,train
725,570121135603486720,neutral,725,train
726,570119457286328320,negative,726,train
727,570119247982137344,negative,727,train
728,570116209263427584,negative,728,train
729,570115452568891392,negative,729,train
730,570115366023770112,negative,730,validation
731,570115302991777792,negative,731,train
732,570115243747074048,neutral,732,validation
733,570114536448995328,negative,733,test
734,570110386827087872,negative,734,train
735,570109851709218816,positive,735,train
736,570108801711341568,negative,736,train
737,570108724636831745,negative,737,train
738,570107683027718144,negative,738,train
739,570106900970221568,neutral,739,train
740,570106717490393088,negative,740,train
741,570106573395087362,negative,741,train
742,570106249024446464,neutral,742,train
743,570105665093369856,neutral,743,train
744,570105441688158208,negative,744,train
745,570105020999344128,positive,745,train
746,570104913390206976,negative,746,train
747,570104743747416064,negative,747,test
748,570102725842575360,neutral,748,train
749,570101817041747968,negative,749,train
750,570101670882840576,negative,750,validation
751,570100438487314432,negative,751,validation
752,570100214733737985,negative,752,train
753,570099762709581824,neutral,753,train
754,570099717314457600,negative,754,train
755,570097432383651840,negative,755,train
756,570096582546165760,negative,756,test
757,570096448571731968,negative,757,train
758,570095499287506946,positive,758,validation
759,570095172303900672,negative,759,train
760,570093170874302464,neutral,760,train
761,570092741654401024,negative,761,train
762,570092599316389888,negative,762,train
763,570092196247969796,negative,763,train
764,570091216013955073,negative,764,train
765,570091109675769856,negative,765,test
766,570091033368899584,neutral,766,test
767,570090102195486722,negative,767,train
768,570088980278059008,neutral,768,train
769,570087435759185920,negative,769,train
770,570087270524411904,neutral,770,validation
771,570087006593642496,negative,771,train
772,570086475989061632,negative,772,train
773,570086399627685888,positive,773,test
774,570085628576202752,negative,774,train
775,570085589011148801,positive,775,train
776,570085448271335424,negative,776,train
777,570085056401838081,negative,777,test
778,570083898031513600,negative,778,train
779,570083397873373184,negative,779,train
780,570083363169669121,neutral,780,train
781,570083063331319808,positive,781,test
782,570082960700870656,positive,782,train
783,570082564502728704,negative,783,test
784,570082243596591104,neutral,784,train
785,570081568733192192,negative,785,validation
786,570081552891125760,negative,786,test
787,570081411715059712,neutral,787,validation
788,570081213404180480,neutral,788,test
789,570080863720878081,negative,789,validation
790,570079868253298688,negative,790,train
791,570079699595980802,negative,791,train
792,570079676204347394,negative,792,train
793,570079549914005504,negative,793,test
794,570079536815034368,neutral,794,train
795,570079237350100993,negative,795,train
796,570079041547472896,negative,796,train
797,570078894008594432,negative,797,test
798,570078733735821313,negative,798,train
799,570078718028222464,positive,799,train
800,570077847672328192,negative,800,validation
801,570076814585913344,negative,801,test
802,570074864708669440,negative,802,train
803,570074833993670657,negative,803,validation
804,570074583379939328,negative,804,train
805,570073969690169344,neutral,805,train
806,570073757508726784,positive,806,train
807,570072918094442496,negative,807,train
808,570072252026376192,neutral,808,train
809,570071999780933634,neutral,809,train
810,570071482182692865,negative,810,train
811,570070877351469057,negative,811,train
812,570069236971806720,neutral,812,test
814,570067529206358016,negative,814,train
815,570067181733580800,negative,815,train
816,570067079253991424,negative,816,test
817,570066805810601985,negative,817,validation
818,570066634976555008,neutral,818,train
819,570066450796257280,negative,819,train
820,570066391388172290,negative,820,train
821,570065109420101633,negative,821,train
822,570065037231927296,neutral,822,test
823,570063869596475394,negative,823,train
824,570063826508320769,negative,824,validation
825,570063574858493952,negative,825,test
826,570063450174464000,negative,826,test
827,570063224328081408,negative,827,train
828,570061339604987904,negative,828,validation
829,570060997907447810,negative,829,validation
830,570059605662834688,negative,830,train
831,570059565947101184,negative,831,train
832,570059530567962624,negative,832,train
833,570058986025672704,positive,833,train
834,570058190647271424,positive,834,test
835,570057930332102656,positive,835,train
836,570057601976631296,negative,836,test
837,570057521353764864,negative,837,validation
838,570057178687475712,negative,838,train
839,570056648137576449,negative,839,train
840,570055898367799296,negative,840,validation
841,570055700790931456,negative,841,test
842,570055285500469248,negative,842,test
843,570054647689322496,positive,843,train
844,570054574389788672,negative,844,validation
845,570054360505323520,negative,845,validation
846,570053912214024193,positive,846,train
847,570053838499143680,negative,847,train
848,570053734639792129,negative,848,validation
849,570053482029277184,negative,849,train
850,570053417311342593,negative,850,train
851,570051875652767744,negative,851,test
852,570051265373171712,negative,852,train
853,570051191943483392,neutral,853,train
854,570050891929280512,positive,854,train
855,570050785490419712,negative,855,train
856,570050323017920512,neutral,856,train
857,570050268588597248,negative,857,train
858,570049923858567168,negative,858,train
859,570049743549833216,negative,859,test
860,570049697924009984,negative,860,train
861,570049295040307200,negative,861,validation
862,570048844702076930,negative,862,train
863,570048726380765184,negative,863,train
864,570048528602374144,neutral,864,test
865,570045712211288064,negative,865,train
866,570045020402626561,negative,866,train
868,570044554130423808,neutral,868,train
869,570044428678778880,neutral,869,train
870,570044286991015936,negative,870,test
871,570043937244622849,neutral,871,train
872,570043820278050817,negative,872,train
873,570043574097555456,negative,873,train
874,570042013908914176,negative,874,validation
875,570041988986347521,negative,875,train
876,570041112624295936,positive,876,train
877,570040644451708930,positive,877,validation
878,570040251764183040,negative,878,train
879,570039756731494400,neutral,879,train
880,570039279050579968,neutral,880,validation
881,570039094257938432,neutral,881,test
882,570038991527002112,positive,882,validation
883,570038694817767425,negative,883,train
884,570037961020080129,negative,884,test
885,570037336886546432,positive,885,train
886,570036932270358528,positive,886,train
887,570035728832446465,negative,887,train
888,570033778300620801,neutral,888,train
889,570033627939131392,positive,889,train
890,570033341250056193,negative,890,train
891,570033309113131008,positive,891,train
892,570033062202863616,negative,892,train
893,570031379456643072,positive,893,train
894,570031098513592320,negative,894,train
895,570031016800161792,negative,895,train
896,570030715900792832,neutral,896,train
897,570027321178099712,neutral,897,train
898,570026514923675648,negative,898,train
899,570024703256956929,negative,899,train
900,570023321904943105,negative,900,train
901,570023232851419136,negative,901,validation
902,570023071698055168,negative,902,test
903,570022715072983041,negative,903,train
904,570022372901847042,neutral,904,train
905,570022345424834560,negative,905,train
906,570021376024813568,neutral,906,train
907,570021075355963392,negative,907,test
908,570020852210774016,positive,908,train
909,570020275150049281,negative,909,train
910,570019785788022785,negative,910,train
911,570019476235788288,negative,911,train
912,570018445695148033,negative,912,train
913,570018278946394112,neutral,913,train
914,570018079993937920,negative,914,train
915,570016325667557376,positive,915,train
916,570016198747758593,positive,916,train
917,570016052895092736,negative,917,train
918,570014689322643456,negative,918,train
919,570014406320517120,negative,919,train
920,570014190498287616,negative,920,train
921,570012706704662528,neutral,921,train
922,570011505237716993,negative,922,test
923,570011417249759233,negative,923,train
924,570010976608780288,negative,924,test
925,570009743160254464,neutral,925,test
926,570009034385805312,neutral,926,train
927,570008443626647552,negative,927,train
928,570007003659149312,neutral,928,train
929,570005000643956736,negative,929,validation
930,570004899234074624,negative,930,train
931,570004470370676737,neutral,931,train
932,570004247586013184,negative,932,train
933,570003828658950145,positive,933,validation
934,570002454839820288,negative,934,train
935,570002150115254272,negative,935,train
936,570001906199887872,negative,936,train
937,570000614794489856,negative,937,test
938,570000364692484099,negative,938,train
939,570000287080951808,negative,939,validation
940,569999790328541184,negative,940,train
941,569999614624927744,positive,941,train
942,569999529677852672,negative,942,train
943,569998289447354371,negative,943,train
944,569997351412228097,negative,944,train
945,569996897009717248,negative,945,train
946,569995961570856960,negative,946,train
947,569995897234288640,negative,947,train
949,569993952469880832,neutral,949,test
950,569993782311198720,positive,950,test
951,569992543875653633,neutral,951,train
952,569991606385967107,negative,952,validation
953,569991529764409344,negative,953,train
954,569989661713666049,negative,954,train
955,569989557644623875,negative,955,train
956,569989416426434560,neutral,956,train
957,569989291188695040,negative,957,train
958,569989178651508737,negative,958,train
959,569989023478841345,neutral,959,train
960,569988839919394816,negative,960,train
961,569988785330479104,neutral,961,train
962,569988762085806081,negative,962,test
963,569988297633583104,negative,963,validation
964,569988078015815680,neutral,964,validation
965,569988061150359552,negative,965,train
966,569987348772950016,negative,966,train
967,569986029463011328,negative,967,train
968,569984791107338240,neutral,968,train
969,569984785860464640,negative,969,train
970,569983990683148288,negative,970,train
971,569983826245496832,negative,971,validation
972,569983375584272384,negative,972,train
973,569983149028962304,negative,973,train
974,569982678558048256,negative,974,train
975,569982327654383616,negative,975,validation
976,569981034110050305,negative,976,train
977,569980415919853569,negative,977,train
978,569980177247285249,negative,978,train
979,569979566279626752,negative,979,train
980,569979211722596353,negative,980,train
981,569977492720779264,negative,981,train
982,569976426163777536,negative,982,train
983,569976131748823040,negative,983,train
984,569976114124349440,negative,984,train
985,569974772551032832,negative,985,validation
986,569973683466272768,negative,986,train
987,569973088076460032,negative,987,test
989,569972097453137920,neutral,989,train
990,569972073201688576,negative,990,train
991,569972039844438016,negative,991,train
992,569971648876584960,negative,992,train
993,569971394701873153,negative,993,train
995,569970938525016065,negative,995,train
996,569970599377788928,negative,996,train
997,569970225443172353,negative,997,train
998,569969999961391105,positive,998,train
999,569969952654028800,positive,999,test
1000,569969447764566016,negative,1000,test
1001,569968282532315136,negative,1001,validation
1002,569967925416886273,negative,1002,test
1003,569967850670018560,negative,1003,validation
1004,569967848078090240,negative,1004,train
1005,569967841727942657,neutral,1005,train
1006,569967632868188160,negative,1006,train
1007,569967493487292416,negative,1007,train
1008,569967305859293184,negative,1008,validation
1009,569967197478526976,negative,1009,test
1010,569966909019398144,negative,1010,train
1011,569966609080586240,positive,1011,validation
1012,569966563245367297,negative,1012,train
1013,569966422744395776,neutral,1013,train
1014,569965494519734272,positive,1014,train
1015,569964915710038016,negative,1015,validation
1016,569964888870793216,negative,1016,train
1017,569964582606934016,negative,1017,validation
1018,569963935429824512,negative,1018,test
1019,569963645402099712,negative,1019,train
1020,569962873209937920,positive,1020,train
1021,569962245620248576,positive,1021,train
1022,569961695835267073,positive,1022,train
1023,569961410161192960,negative,1023,train
1024,569961203197325312,negative,1024,validation
1025,569960988499275776,negative,1025,train
1026,569960440438099969,negative,1026,train
1027,569960311022850048,negative,1027,train
1028,569960085654364160,negative,1028,train
1029,569960080734490624,negative,1029,train
1030,569958946636562433,neutral,1030,test
1031,569958935907733504,negative,1031,train
1032,569958524270342144,negative,1032,validation
1033,569958247412723712,positive,1033,train
1034,569957240960094209,negative,1034,validation
1035,569957053432639488,neutral,1035,validation
1036,569956446487642112,positive,1036,train
1037,569956201934385152,positive,1037,train
1038,569956192111316992,negative,1038,train
1039,569956115724660736,negative,1039,validation
1040,569955602782236672,negative,1040,train
1041,569955551951622144,negative,1041,train
1042,569955386914181121,negative,1042,validation
1043,569954670006763520,negative,1043,train
1044,569953988537249792,negative,1044,train
1045,569953683309514754,negative,1045,test
1046,569953575226310656,negative,1046,train
1047,569953411988369408,positive,1047,train
1048,569952718707687424,negative,1048,train
1049,569952408450805760,negative,1049,train
1050,569951384390344704,negative,1050,train
1051,569951321719091201,positive,1051,validation
1052,569950450352414720,negative,1052,train
1053,569950355330506752,negative,1053,train
1054,569949439101546496,neutral,1054,train
1055,569948910099308545,negative,1055,test
1056,569947174571675648,negative,1056,train
1057,569946921265184768,negative,1057,train
1058,569946703522091008,negative,1058,train
1059,569946571577536512,negative,1059,test
1060,569945386569363456,neutral,1060,validation
1061,569945073611374592,neutral,1061,test
1062,569942888643227648,neutral,1062,validation
1063,569941617697644544,negative,1063,train
1064,569941082420568064,negative,1064,train
1065,569940883975446528,negative,1065,validation
1066,569939149756755968,positive,1066,train
1067,569938322161668096,negative,1067,test
1068,569937806518169600,negative,1068,train
1069,569937143314849792,negative,1069,test
1070,569936861398994945,negative,1070,train
1071,569936640669581313,positive,1071,train
1072,569936580883783680,negative,1072,train
1073,569936565138403328,negative,1073,train
1074,569936496284663809,negative,1074,train
1075,569936348217352194,negative,1075,train
1076,569936273227427840,negative,1076,train
1077,569936062039986176,negative,1077,test
1078,569936014094897152,negative,1078,train
1079,569935689292259328,positive,1079,train
1080,569935261947330560,neutral,1080,train
1081,569935215654600705,negative,1081,test
1082,569935135132426240,negative,1082,train
1083,569934069712052224,neutral,1083,train
1084,569933879299186688,negative,1084,train
1085,569933357515026432,negative,1085,test
1086,569932669288652800,positive,1086,train
1087,569931716049154051,positive,1087,train
1088,569931387073105920,negative,1088,validation
1089,569930942833258496,negative,1089,train
1090,569930630059974656,positive,1090,validation
1091,569930577643769856,negative,1091,train
1092,569929653730840577,negative,1092,train
1093,569929187101966336,positive,1093,validation
1094,569928758024667137,neutral,1094,train
1095,569928724147077120,positive,1095,train
1096,569928552621182976,negative,1096,train
1097,569928419435286528,negative,1097,test
1098,569928277613256704,negative,1098,train
1099,569928034171498496,negative,1099,train
1100,569927842173050881,neutral,1100,train
1101,569927837601402880,negative,1101,validation
1102,569927630469894144,negative,1102,train
1103,569927263040315392,positive,1103,train
1104,569926124488118272,positive,1104,train
1105,569925614100189186,neutral,1105,validation
1106,569925612069998593,negative,1106,train
1107,569924355011932162,negative,1107,train
1108,569924201559293952,positive,1108,train
1109,569923809634947072,neutral,1109,test
1110,569923507263557632,positive,1110,validation
1111,569923045571350528,negative,1111,train
1112,569922973798420480,neutral,1112,train
1113,569922853266694145,negative,1113,test
1114,569922837353402368,positive,1114,train
1115,569922639185072129,negative,1115,train
1116,569922479734595586,negative,1116,validation
1117,569922214255919105,negative,1117,validation
1118,569922145264009216,negative,1118,train
1119,569921652374577153,negative,1119,test
1120,569921309439709184,negative,1120,train
1121,569920760522764288,negative,1121,train
1122,569920661642088448,negative,1122,train
1123,569920593597894657,negative,1123,train
1124,569920508923215872,negative,1124,train
1125,569920406737432577,negative,1125,train
1126,569919610025152512,negative,1126,test
1127,569919020784185344,negative,1127,train
1128,569918932116643841,neutral,1128,train
1129,569918918602547200,negative,1129,train
1130,569918466821459968,negative,1130,validation
1131,569918449121673216,negative,1131,train
1132,569918327767879680,neutral,1132,test
1133,569918026918727680,negative,1133,train
1134,569917363891499008,negative,1134,test
1135,569916731595972608,negative,1135,train
1136,569916555154169856,negative,1136,validation
1137,569916324471828481,negative,1137,test
1138,569916152283041792,negative,1138,train
1139,569915992303730689,negative,1139,train
1140,569915643094396929,negative,1140,train
1141,569915610890547200,negative,1141,train
1142,569915576862183425,negative,1142,validation
1143,569915550127800320,negative,1143,train
1144,569915529496027136,negative,1144,train
1145,569915182329286656,negative,1145,train
1146,569915133113323520,negative,1146,train
1147,569915029950222337,negative,1147,test
1148,569914377442340865,negative,1148,train
1149,569914369905201153,negative,1149,train
1150,569913736774823936,positive,1150,validation
1151,569913595762311168,negative,1151,train
1152,569913288122765312,negative,1152,train
1153,569912776199704578,negative,1153,train
1154,569912710848057344,negative,1154,train
1155,569912092351819778,neutral,1155,train
1156,569911713459408896,negative,1156,train
1157,569911515106582528,negative,1157,train
1158,569910996824780801,neutral,1158,train
1159,569910536755748865,negative,1159,test
1160,569910299983130625,negative,1160,validation
1161,569909742447009792,negative,1161,validation
1162,569909655813500928,negative,1162,train
1163,569908928667996160,negative,1163,validation
1164,569908759125991424,positive,1164,train
1165,569908628141920256,negative,1165,train
1166,569908175953993728,negative,1166,validation
1167,569908123550375936,negative,1167,test
1168,569907773309214721,negative,1168,train
1169,569907564156035072,negative,1169,train
1171,569907031693520896,positive,1171,train
1172,569906831352578049,negative,1172,test
1173,569906598472228864,negative,1173,train
1174,569905534020820992,negative,1174,train
1175,569905258715082753,negative,1175,train
1176,569905124723675136,neutral,1176,train
1177,569904824793362433,positive,1177,train
1178,569904716328673280,negative,1178,train
1179,569904406285516800,negative,1179,train
1180,569903840507506688,negative,1180,train
1181,569903812569276416,positive,1181,train
1182,569903366647586818,negative,1182,validation
1183,569903120781852672,negative,1183,train
1184,569902743135117314,negative,1184,train
1185,569902219602100225,neutral,1185,train
1186,569902065247322112,negative,1186,train
1187,569902028719173632,positive,1187,train
1188,569901679975522304,negative,1188,validation
1189,569901512190767105,negative,1189,train
1190,569901094945611776,negative,1190,train
1191,569901072443166720,positive,1191,train
1192,569900832616943616,negative,1192,train
1193,569900131488632832,negative,1193,train
1194,569899917935714305,negative,1194,train
1195,569899063790825472,negative,1195,train
1196,569898994408693760,negative,1196,train
1197,569897003255083008,negative,1197,train
1198,569896025172742144,neutral,1198,train
1199,569895406869483520,negative,1199,train
1200,569894828315533312,negative,1200,validation
1201,569894307508965377,neutral,1201,train
1202,569890681361186818,negative,1202,train
1203,569888244856455168,negative,1203,test
1204,569888244155981825,negative,1204,train
1205,569888119043915776,negative,1205,validation
1206,569887452384481280,neutral,1206,train
1207,569886575720574976,negative,1207,train
1208,569886288691773440,negative,1208,train
1209,569886219057926144,negative,1209,test
1210,569885487508418560,negative,1210,test
1211,569885185170223105,negative,1211,train
1213,569883984190005248,negative,1213,train
1214,569882164382322688,negative,1214,train
1215,569881449249316864,negative,1215,test
1216,569880364811837441,negative,1216,train
1217,569880322487263232,negative,1217,train
1218,569879943988948992,negative,1218,train
1219,569879623317659648,negative,1219,train
1220,569879528891416577,positive,1220,validation
1221,569878547197616128,negative,1221,train
1222,569878388464177152,negative,1222,train
1223,569878139003740163,negative,1223,train
1224,569877754801360897,negative,1224,train
1225,569877449389051906,neutral,1225,test
1226,569876171875328000,negative,1226,train
1227,569875783096741888,neutral,1227,test
1228,569875734677712896,negative,1228,train
1229,569875456415170560,neutral,1229,train
1230,569875424924168193,neutral,1230,train
1231,569875203473297408,negative,1231,train
1232,569874311823036416,neutral,1232,validation
1233,569874043395903489,neutral,1233,train
1234,569873050117808128,positive,1234,validation
1235,569873019499192320,neutral,1235,validation
1236,569872896199258113,negative,1236,train
1237,569872009380941825,negative,1237,train
1238,569871433662271488,negative,1238,train
1239,569870819582586880,positive,1239,train
1240,569869960195006464,negative,1240,test
1241,569869808092749824,negative,1241,train
1242,569869476453158912,negative,1242,test
1243,569868818975219712,neutral,1243,train
1244,569868764495400960,negative,1244,test
1245,569868207940603904,neutral,1245,validation
1246,569868055502696449,positive,1246,train
1247,569867364390449152,negative,1247,train
1248,569867107749531648,negative,1248,train
1249,569866490423349248,negative,1249,test
1250,569866337427664897,neutral,1250,train
1251,569865827274657792,negative,1251,train
1252,569865540098871298,negative,1252,train
1253,569865190822572033,positive,1253,train
1254,569865115291533312,neutral,1254,test
1255,569865011788693504,negative,1255,train
1256,569864608145502209,neutral,1256,train
1257,569864290578108419,negative,1257,train
1258,569864108134301697,negative,1258,train
1259,569863836615864320,negative,1259,test
1260,569863765451255809,negative,1260,test
1261,569863714704220160,negative,1261,train
1262,569863453696876544,neutral,1262,train
1263,569862755420905473,negative,1263,train
1264,569861240375386112,positive,1264,test
1265,569860989400649729,neutral,1265,test
1266,569860904814301184,neutral,1266,train
1267,569860371626004480,positive,1267,train
1268,569859985208770562,negative,1268,train
1269,569859950215700480,neutral,1269,train
1270,569859213331189760,negative,1270,validation
1271,569858507341606912,negative,1271,test
1272,569858231759085571,negative,1272,train
1273,569857801725440002,negative,1273,train
1274,569857624549625856,negative,1274,test
1275,569857072310808578,negative,1275,train
1276,569857003855720448,negative,1276,test
1277,569856654394720256,negative,1277,train
1278,569856492477657088,negative,1278,train
1279,569856109613166593,negative,1279,train
1280,569856081180160000,negative,1280,test
1281,569854540494868481,negative,1281,test
1282,569853714149867521,negative,1282,validation
1283,569853646411661314,negative,1283,validation
1284,569852334324518912,negative,1284,validation
1285,569852332797775872,neutral,1285,train
1286,569851578276048896,negative,1286,train
1287,569851498118516736,neutral,1287,train
1288,569851299916869633,negative,1288,train
1289,569850899310358531,negative,1289,train
1290,569850867899170816,negative,1290,train
1291,569850216754618368,neutral,1291,train
1292,569849765711769600,negative,1292,test
1293,569849517077622786,negative,1293,train
1294,569849299850305536,negative,1294,train
1295,569847318062632960,negative,1295,train
1296,569846853350457344,negative,1296,test
1297,569846678351540224,negative,1297,train
1298,569846237865885697,negative,1298,test
1299,569845865185206273,neutral,1299,test
1300,569844088997949440,negative,1300,train
1301,569842553966571520,neutral,1301,train
1302,569842452716236800,negative,1302,train
1303,569842196045656064,negative,1303,train
1304,569841224221392897,negative,1304,train
1305,569841047456460800,negative,1305,train
1306,569840341899026432,positive,1306,train
1307,569839889564307458,negative,1307,train
1308,569839559728439296,negative,1308,test
1309,569839419211034624,negative,1309,train
1310,569838973490765824,neutral,1310,test
1311,569838692220542976,negative,1311,train
1312,569838593423708160,neutral,1312,test
1313,569838260077228032,negative,1313,validation
1314,569837273828732928,negative,1314,train
1315,569836305066041344,positive,1315,validation
1316,569836091651592192,negative,1316,train
1317,569835312106618880,neutral,1317,train
1318,569834960107868160,negative,1318,train
1319,569834804943962113,negative,1319,train
1320,569834720424361985,neutral,1320,train
1321,569833653871742976,negative,1321,train
1322,569831129773027329,negative,1322,train
1323,569830265364701184,negative,1323,train
1324,569827329024913408,negative,1324,train
1325,569826992251473921,neutral,1325,test
1326,569826411206316032,negative,1326,train
1327,569824906638073856,negative,1327,train
1328,569824790200111104,neutral,1328,train
1329,569824565091823616,positive,1329,test
1330,569821947049218048,negative,1330,validation
1331,569817289874411520,negative,1331,test
1332,569816394180788224,negative,1332,train
1333,569816326744776705,neutral,1333,train
1334,569815968194678784,negative,1334,train
1335,569815297475149824,negative,1335,train
1336,569815182265978880,positive,1336,train
1337,569814010398273537,negative,1337,validation
1338,569813752268374016,neutral,1338,test
1339,569813373413687296,negative,1339,train
1340,569812898815614977,negative,1340,train
1341,569811013786312704,negative,1341,train
1342,569809648712327168,neutral,1342,train
1343,569808684252942336,positive,1343,train
1344,569807000927920128,positive,1344,train
1345,569805215605456896,negative,1345,train
1346,569804677472251904,negative,1346,train
1347,569801303204851713,negative,1347,validation
1348,569792291264712704,neutral,1348,train
1349,569791792029151232,negative,1349,train
1350,569785570320195585,negative,1350,test
1351,569785074910154752,neutral,1351,train
1352,569782352223666176,positive,1352,train
1353,569781926162145281,negative,1353,train
1354,569780939280093185,neutral,1354,validation
1355,569780773194113025,negative,1355,train
1356,569780368309657600,negative,1356,train
1357,569777772115193856,negative,1357,train
1358,569777329330884608,negative,1358,test
1359,569769708569767936,negative,1359,validation
1360,569769624780165120,negative,1360,test
1361,569767266075742208,neutral,1361,train
1362,569765076980215809,negative,1362,test
1363,569763359278505984,neutral,1363,test
1364,569763346431414272,negative,1364,train
1365,569762463811383297,negative,1365,test
1366,569762365572558848,negative,1366,train
1367,569762067097501697,negative,1367,test
1368,569758414810849280,negative,1368,test
1369,569756967935148032,negative,1369,train
1370,569755876401274880,neutral,1370,test
1371,569754680626008064,negative,1371,train
1372,569753797704024065,negative,1372,validation
1373,569753041420865536,neutral,1373,train
1374,569751515461603328,negative,1374,train
1375,569751096580812801,negative,1375,train
1376,569750540302680064,negative,1376,train
1377,569749896095358977,negative,1377,train
1378,569749422482960384,negative,1378,train
1379,569749233344983040,negative,1379,validation
1380,569748884164988929,negative,1380,train
1381,569748687812845568,negative,1381,train
1382,569748572104560640,positive,1382,test
1383,569748501342478336,negative,1383,train
1384,569748491943038976,negative,1384,validation
1385,569748289945362435,negative,1385,train
1386,569748099616215040,negative,1386,train
1387,569747706047934464,positive,1387,test
1388,569747702981853185,negative,1388,test
1389,569747668232065024,negative,1389,test
1390,569746687805095936,negative,1390,test
1391,569745645956771840,negative,1391,train
1392,569745365940830210,negative,1392,validation
1393,569744378354401280,negative,1393,train
1394,569744079027896320,negative,1394,train
1395,569743891714347009,negative,1395,train
1396,569743079491547137,negative,1396,train
1397,569741986502041602,negative,1397,train
1398,569741366642618368,neutral,1398,test
1399,569741325454540800,negative,1399,train
1400,569741306190172161,negative,1400,train
1401,569740959610572800,negative,1401,train
1402,569740316577632256,negative,1402,validation
1403,569739044004823040,negative,1403,train
1404,569738845895335936,negative,1404,validation
1405,569738748885278720,negative,1405,train
1406,569738245237395456,negative,1406,train
1407,569734991862607872,negative,1407,train
1408,569734065697353729,negative,1408,train
1409,569731353337581568,negative,1409,train
1410,569730716692393984,negative,1410,train
1411,569730682949398528,positive,1411,train
1412,569730182371635200,negative,1412,test
1413,569729325546602497,negative,1413,validation
1414,569726059937185793,negative,1414,train
1415,569725892324253696,positive,1415,train
1416,569725805066002432,negative,1416,train
1417,569724822177095680,negative,1417,train
1418,569724705063596032,negative,1418,train
1419,569724682695368705,negative,1419,test
1420,569724281334034432,negative,1420,train
1421,569724257879502848,negative,1421,test
1422,569724245963444224,negative,1422,test
1423,569724186173640705,negative,1423,test
1424,569724119748636672,negative,1424,validation
1425,569724056645140480,negative,1425,test
1426,569723994468962304,negative,1426,validation
1427,569723985262354433,negative,1427,validation
1428,569723932355358720,negative,1428,train
1429,569723892358467584,negative,1429,train
1430,569723768773349376,negative,1430,test
1431,569723119415513088,neutral,1431,train
1432,569722907187752960,negative,1432,train
1433,569722230340333569,neutral,1433,train
1434,569722020776116224,negative,1434,validation
1435,569721972600528897,negative,1435,train
1436,569721804891271168,negative,1436,train
1437,569720565319102464,negative,1437,train
1438,569720394782875649,negative,1438,train
1439,569717327966691330,neutral,1439,validation
1440,569716774431666176,negative,1440,train
1441,569716703556444161,negative,1441,train
1442,569716594731044865,neutral,1442,test
1443,569716558487904258,negative,1443,train
1444,569716148293349377,neutral,1444,train
1445,569716101027745792,negative,1445,train
1446,569715707736420352,negative,1446,train
1447,569715687469420545,negative,1447,train
1448,569715563385085952,positive,1448,train
1449,569715552702345216,negative,1449,train
1450,569715233549369344,negative,1450,train
1451,569714640764035073,negative,1451,validation
1452,569714541178679296,positive,1452,validation
1453,569713494821482498,negative,1453,validation
1454,569711632991047680,negative,1454,train
1455,569711003585220608,negative,1455,train
1456,569710853160710144,negative,1456,test
1457,569710627649761282,negative,1457,validation
1458,569710389757419520,negative,1458,test
1459,569710365770182656,negative,1459,train
1460,569710260136640512,negative,1460,test
1461,569710072491745280,negative,1461,validation
1462,569710019333107714,negative,1462,test
1463,569709992175116288,negative,1463,train
1464,569709452594524160,negative,1464,train
1465,569709350903631873,positive,1465,train
1466,569709246150893568,negative,1466,train
1467,569709136813826049,negative,1467,train
1468,569707970876936192,neutral,1468,train
1469,569707569448558592,neutral,1469,test
1470,569707473973739520,positive,1470,test
1471,569706638283833344,negative,1471,validation
1472,569706336268611584,negative,1472,train
1473,569705870830874625,neutral,1473,train
1474,569705869816012801,positive,1474,test
1475,569705838870466561,negative,1475,train
1476,569705813142409217,negative,1476,validation
1478,569705220088795136,negative,1478,train
1479,569705212274995201,negative,1479,train
1480,569704478808485888,negative,1480,train
1481,569703875390918657,negative,1481,train
1482,569703480933408768,negative,1482,train
1483,569703328940032000,negative,1483,train
1484,569702566126325760,negative,1484,train
1485,569701607144693760,negative,1485,train
1486,569701377779183616,positive,1486,validation
1487,569701178054811648,negative,1487,train
1488,569700247275876352,negative,1488,train
1489,569700243383537664,positive,1489,train
1490,569699965527666688,negative,1490,train
1491,569699471954587648,negative,1491,train
1492,569699171868938241,negative,1492,test
1493,569698949474291713,negative,1493,train
1494,569698788216049664,negative,1494,validation
1495,569698504467021824,negative,1495,train
1496,569698085821001728,negative,1496,train
1497,569697793801134080,negative,1497,train
1498,569697646501363713,negative,1498,test
1499,569697298768203776,negative,1499,train
1500,569697234574581760,negative,1500,test
1501,569696881330167808,negative,1501,validation
1502,569696313824161792,negative,1502,validation
1503,569695553644322816,negative,1503,train
1504,569695452368670720,negative,1504,train
1505,569695198239793153,neutral,1505,train
1506,569693820398510080,negative,1506,train
1507,569693689766907904,neutral,1507,train
1508,569693430902861824,neutral,1508,train
1509,569692936880791552,negative,1509,train
1510,569692618797355009,neutral,1510,validation
1511,569690742169292802,negative,1511,validation
1512,569690626293305344,negative,1512,validation
1513,569689096882425857,negative,1513,train
1514,569689076439392257,negative,1514,validation
1515,569688560376221696,negative,1515,train
1516,569687374193680384,negative,1516,train
1517,569685747080372224,negative,1517,train
1518,569685581787205632,positive,1518,train
1519,569684963777503232,negative,1519,train
1520,569684654380486656,negative,1520,validation
1521,569684282706259968,negative,1521,test
1522,569683734951170048,negative,1522,train
1523,569683647990599681,negative,1523,test
1524,569683567552262145,negative,1524,train
1525,569681831039074306,negative,1525,train
1526,569681799984492544,negative,1526,train
1527,569681746037383168,negative,1527,validation
1528,569681499928158208,positive,1528,train
1529,569681060553826304,negative,1529,train
1530,569681019185573889,negative,1530,train
1531,569679871707783168,negative,1531,train
1532,569679642447052800,negative,1532,train
1533,569678975049588737,negative,1533,train
1534,569677636613439488,negative,1534,train
1535,569676933778292736,neutral,1535,train
1536,569676871744364544,negative,1536,validation
1537,569676535973744640,negative,1537,test
1538,569673939183493120,positive,1538,train
1539,569673431224074240,negative,1539,train
1540,569672116750004226,neutral,1540,validation
1541,569671617674022912,neutral,1541,train
1542,569671468369338368,negative,1542,validation
1543,569669992624431105,negative,1543,test
1544,569669516185063424,negative,1544,validation
1545,569669336991969280,neutral,1545,train
1546,569668741484515328,negative,1546,train
1547,569668488408616960,negative,1547,test
1548,569667955727818752,neutral,1548,train
1549,569667082499035137,negative,1549,train
1550,569666840370110465,negative,1550,validation
1551,569666771717890048,negative,1551,train
1552,569666686086819840,negative,1552,validation
1553,569666679963312129,negative,1553,train
1554,569666428388958209,neutral,1554,test
1555,569666352794898432,positive,1555,train
1556,569666115477098496,negative,1556,train
1557,569665976062644224,negative,1557,train
1558,569665600403808256,negative,1558,validation
1559,569665343880368131,neutral,1559,train
1560,569665258605842434,negative,1560,train
1561,569665177135812608,negative,1561,train
1562,569664849522925569,negative,1562,train
1563,569664250521763840,neutral,1563,train
1564,569663725172436992,negative,1564,train
1565,569663687222542336,negative,1565,validation
1566,569663371353546752,negative,1566,test
1567,569662934520999936,negative,1567,validation
1568,569662789377064960,negative,1568,validation
1569,569662132582621184,negative,1569,train
1570,569662077742096385,negative,1570,test
1571,569661926067736576,negative,1571,test
1572,569661767158075392,negative,1572,train
1573,569660740396720128,negative,1573,train
1574,569660691256188929,negative,1574,train
1575,569660461601447936,negative,1575,validation
1576,569660452428513280,positive,1576,train
1577,569659878693695488,positive,1577,validation
1578,569658769686339584,neutral,1578,train
1579,569658503570296832,negative,1579,train
1580,569657781835460608,neutral,1580,train
1581,569657202325229568,neutral,1581,train
1582,569656504946536449,neutral,1582,test
1583,569656322154565632,negative,1583,train
1584,569655584540266496,negative,1584,test
1585,569654946179579904,negative,1585,train
1586,569654749055864832,negative,1586,train
1587,569654709964836865,negative,1587,train
1588,569654439646269440,neutral,1588,test
1589,569654428636049408,neutral,1589,train
1590,569653506291818496,negative,1590,test
1591,569652316816719873,negative,1591,validation
1592,569652058518908928,negative,1592,train
1593,569651548881465345,negative,1593,validation
1594,569651277916999680,negative,1594,test
1595,569650401085157376,negative,1595,validation
1596,569650320613052416,negative,1596,test
1597,569649820798881792,negative,1597,train
1598,569649806202642432,negative,1598,train
1599,569649006986407936,neutral,1599,validation
1600,569648584909434880,neutral,1600,train
1601,569648492190179328,negative,1601,test
1602,569647694005870592,negative,1602,train
1603,569647615194898432,negative,1603,test
1604,569647413285265408,positive,1604,train
1605,569647347547955200,negative,1605,test
1606,569647174277042176,negative,1606,test
1607,569646538814824449,negative,1607,train
1608,569646535215939585,positive,1608,train
1609,569646446586171392,negative,1609,train
1610,569646005315973120,neutral,1610,train
1611,569645582387556352,negative,1611,validation
1612,569645368075554818,negative,1612,train
1613,569645065792069632,positive,1613,test
1614,569645048696053761,negative,1614,test
1615,569644957188939777,negative,1615,train
1616,569644171331538945,negative,1616,train
1617,569643671198572544,positive,1617,test
1618,569642899828133888,negative,1618,train
1619,569642078990258176,negative,1619,train
1620,569642063005753344,negative,1620,train
1621,569641805073031168,negative,1621,test
1622,569641735086858240,negative,1622,train
1623,569641686101585921,neutral,1623,train
1624,569641615721140224,negative,1624,train
1625,569641607584206850,negative,1625,train
1626,569641346316640256,positive,1626,train
1627,569641326536462336,negative,1627,train
1628,569641319712169984,negative,1628,train
1629,569641234769309696,negative,1629,validation
1630,569641125243301888,negative,1630,train
1631,569640998491578369,negative,1631,train
1632,569640163393073152,negative,1632,validation
1633,569640141989552128,positive,1633,train
1634,569639854277066752,positive,1634,train
1635,569639823734128640,negative,1635,validation
1636,569639780276953088,positive,1636,test
1637,569639640170254336,negative,1637,train
1638,569639294152806400,negative,1638,test
1639,569639288649883648,neutral,1639,test
1640,569638675170131968,negative,1640,validation
1641,569638419384528897,negative,1641,validation
1642,569638013287862273,neutral,1642,train
1643,569637373853745152,negative,1643,validation
1644,569637147067551746,negative,1644,train
1645,569636929165242368,negative,1645,train
1646,569636454869151744,positive,1646,test
1647,569636013443719169,negative,1647,train
1648,569635707746160642,positive,1648,train
1649,569635623348215808,negative,1649,train
1650,569635389289459712,negative,1650,train
1651,569635090214449152,negative,1651,validation
1652,569635077623148545,negative,1652,train
1653,569634833917452288,neutral,1653,validation
1654,569634748177514496,negative,1654,train
1655,569634385823182852,negative,1655,train
1656,569634350930636800,negative,1656,train
1657,569634229627297793,negative,1657,test
1658,569633545737490433,neutral,1658,train
1659,569632550873915392,negative,1659,train
1660,569632420468625408,negative,1660,train
1661,569632200913604608,negative,1661,train
1662,569631508379664384,positive,1662,train
1663,569631350304731136,neutral,1663,train
1664,569631041356320768,positive,1664,train
1665,569631027385245696,negative,1665,validation
1666,569630987858132992,negative,1666,train
1667,569630959718551552,negative,1667,train
1668,569630837538361344,positive,1668,train
1669,569630050972143616,negative,1669,validation
1670,569629990129520641,positive,1670,train
1671,569629819559747585,negative,1671,test
1672,569629692661268480,positive,1672,train
1673,569629228225859584,neutral,1673,validation
1674,569629019412557826,negative,1674,train
1675,569628591475924994,negative,1675,train
1676,569628499549548545,neutral,1676,train
1677,569627778892443648,positive,1677,train
1678,569627490672517120,negative,1678,train
1679,569627005852917762,negative,1679,validation
1680,569626978397134848,neutral,1680,train
1681,569626849183035392,positive,1681,train
1682,569626655527981058,neutral,1682,test
1683,569626585365671938,negative,1683,train
1684,569626297116176384,negative,1684,test
1685,569625953602834433,negative,1685,test
1686,569625419097313282,positive,1686,train
1687,569625173176901632,negative,1687,test
1688,569624909501984768,negative,1688,train
1689,569624798860587008,negative,1689,train
1690,569623889686482944,negative,1690,train
1691,569623343424413697,negative,1691,train
1692,569623171210436608,negative,1692,test
1693,569622678228705280,negative,1693,train
1694,569621598849748993,negative,1694,train
1695,569621528951660545,negative,1695,train
1696,569621349095702528,negative,1696,train
1697,569620944160886784,negative,1697,validation
1698,569620902742233088,neutral,1698,train
1699,569620432204267520,negative,1699,train
1700,569620382023622657,negative,1700,test
1701,569620354781425665,negative,1701,train
1702,569620098467569664,negative,1702,train
1703,569620002652889088,negative,1703,validation
1704,569619557360381952,negative,1704,train
1705,569619545893306369,negative,1705,train
1706,569619325230960641,negative,1706,train
1707,569619208884977664,negative,1707,validation
1708,569619205298855936,negative,1708,train
1709,569619171866222592,negative,1709,train
1710,569619001820590081,negative,1710,train
1711,569618884355092480,negative,1711,train
1712,569618868441722882,negative,1712,validation
1713,569618829627666432,negative,1713,train
1714,569618440396398592,negative,1714,train
1715,569618317440208896,negative,1715,test
1716,569617556857851904,negative,1716,train
1717,569617494908002304,positive,1717,train
1718,569617083194933248,negative,1718,validation
1719,569617064375271424,neutral,1719,train
1720,569617019257151488,negative,1720,train
1721,569616974256472064,negative,1721,train
1722,569616836884619264,negative,1722,test
1723,569616634601717760,negative,1723,train
1724,569616424995409921,negative,1724,test
1725,569615659333627904,neutral,1725,train
1726,569615644448186369,negative,1726,train
1727,569615215144226816,positive,1727,train
1728,569614679154143232,negative,1728,train
1729,569614651400585216,negative,1729,train
1730,569614009369907200,negative,1730,train
1731,569613554963369985,negative,1731,train
1732,569613526328717313,negative,1732,train
1733,569613272049012736,negative,1733,train
1734,569612999415111680,negative,1734,test
1735,569610889214754816,neutral,1735,train
1736,569610824647626752,positive,1736,test
1737,569609923807440896,neutral,1737,train
1738,569609680961572866,negative,1738,validation
1739,569608870429114368,negative,1739,validation
1740,569608866138173440,negative,1740,train
1741,569608734332162048,negative,1741,test
1742,569608624814698496,negative,1742,validation
1743,569608322925473792,negative,1743,train
1744,569606901325017090,negative,1744,validation
1745,569606016070844420,negative,1745,validation
1746,569606005618638848,negative,1746,train
1747,569605942318231553,negative,1747,train
1748,569604985110994945,negative,1748,test
1749,569604805116563457,neutral,1749,test
1750,569604655166009345,negative,1750,train
1751,569603875671396352,negative,1751,train
1752,569603669114511360,negative,1752,validation
1753,569603236711305216,negative,1753,train
1754,569602975829757952,negative,1754,train
1755,569602861467885568,negative,1755,train
1756,569599713499963394,negative,1756,train
1757,569599295713890304,negative,1757,validation
1758,569598985737867265,negative,1758,train
1759,569598457809276928,negative,1759,train
1760,569598171082596352,negative,1760,train
1761,569598072923123712,negative,1761,test
1762,569598047593713665,positive,1762,train
1763,569597663953293312,negative,1763,test
1764,569596665864130562,negative,1764,train
1765,569596089625661440,positive,1765,train
1766,569595245945597952,negative,1766,train
1767,569595218401439744,negative,1767,train
1768,569593910869127168,negative,1768,train
1769,569592626300751873,neutral,1769,train
1770,569592236981284864,negative,1770,train
1771,569592022635585536,negative,1771,train
1772,569591954830450688,neutral,1772,test
1773,569591647685775361,neutral,1773,train
1774,569591642367401984,negative,1774,train
1775,569591456190504961,neutral,1775,train
1776,569590151657103360,neutral,1776,validation
1777,569589872094289920,negative,1777,train
1778,569589829735821312,neutral,1778,validation
1779,569589493138731009,negative,1779,train
1780,569589319846854658,negative,1780,train
1781,569588138273865728,negative,1781,train
1782,569588082284101633,negative,1782,train
1783,569587787680256001,negative,1783,train
1784,569587728607633408,negative,1784,train
1785,569586471570534400,negative,1785,train
1786,569586373042278400,negative,1786,validation
1787,569586179185754113,negative,1787,train
1788,569584717843943424,negative,1788,validation
1789,569584561312681984,negative,1789,train
1790,569584379258900480,negative,1790,train
1791,569583943772610560,negative,1791,train
1792,569582862472577024,negative,1792,train
1793,569581977889869825,positive,1793,train
1794,569581903965265920,negative,1794,train
1795,569580671112388608,neutral,1795,train
1796,569580648505020416,negative,1796,train
1797,569580279251255296,negative,1797,test
1798,569580197709783040,negative,1798,train
1799,569580180353609729,negative,1799,train
1800,569579962786689024,negative,1800,train
1801,569579575291875328,negative,1801,train
1802,569579474762608640,negative,1802,train
1803,569578942543372288,negative,1803,train
1804,569578441508458496,negative,1804,train
1805,569578005430984704,negative,1805,train
1806,569577959440257025,neutral,1806,train
1807,569577455176048642,negative,1807,train
1808,569576418855620608,negative,1808,train
1809,569576395778748416,negative,1809,train
1810,569574646229684224,negative,1810,train
1811,569574074936123392,negative,1811,test
1812,569573704902049793,negative,1812,train
1813,569571772355489792,negative,1813,test
1814,569571643044929536,negative,1814,train
1815,569570819757752320,negative,1815,train
1816,569570644632821760,negative,1816,validation
1817,569570477410275328,neutral,1817,train
1818,569570444027822081,negative,1818,train
1819,569570013964689410,negative,1819,train
1820,569569639543541762,negative,1820,train
1821,569569272898445313,negative,1821,train
1822,569569152312213506,negative,1822,train
1823,569568300528635906,positive,1823,train
1824,569568158584950787,negative,1824,test
1825,569568010555432960,negative,1825,train
1826,569567685719101440,negative,1826,test
1827,569567167429128192,positive,1827,train
1828,569566252450107392,negative,1828,train
1829,569566232803803136,negative,1829,train
1830,569565822571679745,neutral,1830,test
1831,569565776010567680,negative,1831,test
1832,569565328012763137,neutral,1832,test
1833,569564671688118273,negative,1833,train
1834,569564060678639616,negative,1834,train
1835,569563698374651904,negative,1835,train
1836,569562383489896448,neutral,1836,train
1837,569562147279253504,negative,1837,train
1838,569562133249130496,negative,1838,train
1839,569561425955332097,negative,1839,train
1840,569560633957609472,positive,1840,train
1841,569560154619965440,negative,1841,train
1842,569559734199721984,negative,1842,train
1843,569559433887526913,neutral,1843,train
1844,569558713079443456,negative,1844,train
1845,569558589628502016,negative,1845,train
1846,569557763094917120,negative,1846,train
1847,569557756597776384,negative,1847,test
1848,569556796525969409,negative,1848,train
1849,569556131078475777,positive,1849,validation
1850,569555174252896258,negative,1850,validation
1851,569555146562080768,positive,1851,train
1852,569554937744486400,negative,1852,train
1853,569554916064284672,positive,1853,train
1854,569554815539290112,negative,1854,train
1855,569553741222952960,positive,1855,train
1856,569552374882299904,neutral,1856,test
1857,569551241967067136,negative,1857,train
1858,569550779520032770,neutral,1858,train
1859,569550676784578562,negative,1859,test
1860,569550290753445889,negative,1860,train
1861,569548316700254208,positive,1861,test
1862,569547989007646721,neutral,1862,test
1863,569546412121202689,negative,1863,train
1865,569544873809989632,positive,1865,test
1866,569544819510345728,neutral,1866,train
1867,569544742595391489,neutral,1867,validation
1868,569544732780556288,negative,1868,train
1869,569544730184261632,neutral,1869,train
1870,569544350364889088,negative,1870,train
1871,569544120827379712,negative,1871,train
1872,569543791176257537,negative,1872,train
1873,569543771181981697,neutral,1873,train
1874,569541848877957120,positive,1874,train
1875,569541591586643968,neutral,1875,train
1876,569540963091259392,negative,1876,train
1878,569539000312188928,negative,1878,train
1879,569538770808266754,negative,1879,train
1880,569538703732772864,negative,1880,train
1881,569538171509350400,negative,1881,validation
1882,569537571685924864,neutral,1866,train
1883,569535507815903233,negative,1883,train
1884,569535503827017730,negative,1884,test
1885,569534882952716288,negative,1885,train
1886,569534268130660352,negative,1886,train
1887,569534175973396480,negative,1887,train
1888,569533799815630848,negative,1888,train
1889,569532310716080129,negative,1889,train
1890,569532005320253441,negative,1890,train
1891,569531988702576640,negative,1891,train
1892,569531969110974464,positive,1892,train
1893,569531827989454848,negative,1893,train
1894,569531484903772161,neutral,1894,train
1895,569531274991239168,negative,1895,train
1896,569531010167250944,negative,1896,test
1897,569530483022962688,negative,1897,train
1898,569529789100507136,negative,1898,test
1899,569529608862875648,neutral,1899,train
1900,569528923769298945,neutral,1900,train
1901,569528348126216193,negative,1901,train
1902,569527975252766720,neutral,1902,validation
1903,569527524323151873,neutral,1903,train
1904,569526800767983616,negative,1904,train
1905,569526294477725697,neutral,1905,train
1906,569526172335222784,neutral,1906,train
1907,569526143730077696,negative,1907,test
1908,569526070615138304,negative,1908,train
1909,569525760337162241,negative,1909,test
1910,569525690950815745,negative,1910,train
1911,569523831460761601,negative,1911,train
1912,569523440547291136,negative,1912,train
1913,569523231524319232,negative,1913,train
1914,569522354008805376,negative,1914,train
1915,569522040547385344,negative,1915,test
1916,569521863891804160,neutral,1916,train
1917,569521101736439809,negative,1917,validation
1918,569521081125629953,negative,1918,train
1919,569520712379052032,neutral,1919,test
1920,569520425312632832,positive,1920,train
1921,569518979103924224,neutral,1921,test
1922,569518596231008258,neutral,1922,train
1923,569517484102909952,negative,1923,train
1924,569517360828145664,negative,1924,train
1925,569517323180236800,negative,1925,train
1926,569516969969389568,negative,1926,train
1927,569516852805808129,negative,1927,train
1928,569516736162050048,positive,1928,train
1929,569516566380875778,negative,1929,validation
1930,569515688898875393,negative,1930,train
1931,569515118125408256,negative,1931,train
1932,569514750842789888,negative,1932,train
1933,569514430393913344,negative,1933,validation
1934,569514124490579969,neutral,1934,train
1935,569514063019053056,negative,1935,train
1936,569514001450672128,negative,1936,train
1937,569513811285311488,negative,1937,test
1939,569513498016923648,negative,1939,train
1940,569513049507246081,neutral,1940,train
1941,569512714961362944,negative,1941,train
1942,569512239344054274,negative,1942,test
1943,569510828023488512,negative,1943,train
1944,569508903735545857,negative,1944,train
1945,569508469088387072,negative,1945,train
1946,569508282995486720,negative,1946,train
1947,569507834930442241,negative,1947,train
1948,569507197052260354,neutral,1948,train
1949,569507060209090561,positive,1949,train
1950,569506670189137920,negative,1950,validation
1951,569505479795326977,negative,1951,train
1952,569505407862902784,negative,1952,train
1953,569504786879528962,negative,1953,train
1954,569504366006132736,negative,1954,test
1955,569504330551861248,negative,1955,train
1956,569504232971362304,neutral,1956,train
1957,569504176306331649,negative,1957,train
1958,569504172011356160,negative,1958,train
1959,569503938690584576,negative,1959,train
1960,569503745974902784,negative,1960,train
1961,569503649677750272,negative,1961,train
1962,569503367757754369,negative,1962,train
1963,569503165713948672,negative,1963,train
1964,569502953851252737,negative,1964,train
1965,569502909093646336,negative,1965,train
1966,569502869243736065,negative,1966,validation
1967,569502353797173248,negative,1967,train
1970,569500360651509760,negative,1970,train
1971,569500030459117568,negative,1971,validation
1972,569499434633048065,negative,1972,train
1973,569499431369891840,neutral,1973,train
1974,569497995445559298,negative,1974,train
1975,569497092655345664,negative,1975,train
1976,569497031322030081,negative,1976,train
1977,569496936157487104,negative,1977,train
1978,569496919036305408,negative,1978,train
1979,569496828376322048,negative,1979,test
1980,569495111337275392,positive,1980,train
1981,569493640990625793,negative,1981,validation
1982,569491817600655360,negative,1982,validation
1983,569491456173477889,negative,1983,train
1984,569491346647445505,neutral,1984,train
1985,569491334643347457,negative,1985,validation
1986,569491295766343681,negative,1986,train
1987,569491079952642051,negative,1987,test
1988,569490499377061888,negative,1988,test
1989,569490420356374528,negative,1989,validation
1990,569489032100614144,neutral,1990,train
1991,569488705146068993,negative,1991,test
1992,569487167191425024,negative,1992,validation
1993,569487156399378434,negative,1993,test
1994,569484965055832065,negative,1994,train
1995,569484788404322304,negative,1995,test
1996,569484671672651776,negative,1996,train
1997,569484085397057536,negative,1997,train
1998,569483390581383168,positive,1998,train
1999,569481897203494914,negative,1999,train
2000,569481676893622272,negative,2000,validation
2001,569481213016023040,negative,2001,train
2002,569480693782339584,neutral,2002,train
2003,569480220203474944,neutral,2003,validation
2004,569480043853946881,negative,2004,train
2005,569478901166055424,negative,2005,train
2006,569478023679905792,positive,2006,train
2007,569477178703908864,negative,2007,train
2008,569476889313562624,neutral,2008,validation
2009,569476281974132736,neutral,2009,train
2010,569475909226401792,negative,2010,train
2011,569475306018353152,neutral,2011,train
2012,569475245708419072,neutral,2012,train
2013,569475092582789120,negative,2013,test
2014,569475000660422656,neutral,2014,test
2015,569474700386045955,positive,2015,test
2016,569474230854660097,positive,2016,train
2017,569473998519578624,negative,2017,train
2018,569473302940372992,positive,2018,train
2019,569471635163643905,positive,2019,train
2020,569471541554978817,negative,2020,train
2021,569470757673291777,negative,2021,test
2022,569470098534207489,neutral,2022,train
2023,569470053348823040,negative,2023,test
2024,569469326547222528,negative,2024,test
2025,569468823625027586,neutral,2025,train
2026,569462023173619712,neutral,2026,train
2027,569461666695524352,negative,2027,train
2028,569460417954746368,negative,2028,validation
2029,569459716906229760,neutral,2029,train
2030,569459543236874240,negative,2030,train
2031,569457148129779714,negative,2031,train
2032,569456035930484737,negative,2032,train
2033,569454641320062976,negative,2033,validation
2034,569454437288140800,negative,2034,test
2035,569453313462132736,positive,2035,train
2036,569451362687143936,negative,2036,train
2037,569448465991737345,negative,2037,test
2038,569445528225718272,negative,2038,train
2039,569444898660691968,negative,2039,train
2040,569444456660750337,negative,2040,validation
2041,569441937826164736,negative,2041,test
2042,569440689253158912,negative,2042,train
2043,569439706339024896,negative,2043,train
2044,569439089063280640,negative,2044,train
2045,569438763115536384,negative,2045,train
2046,569438531686424577,negative,2046,validation
2047,569435214717562881,negative,2047,test
2048,569433059168260096,negative,2048,train
2049,569431307152953344,negative,2049,train
2050,569428644432617473,negative,2050,train
2051,569428333500375040,negative,2051,test
2052,569427993958883328,negative,2052,validation
2053,569420890003410944,negative,2053,train
2054,569419949007085568,negative,2054,train
2055,569418652128296960,negative,2055,train
2056,569418497694035969,negative,2056,train
2057,569418233322872833,negative,2057,validation
2058,569416650325303297,negative,2058,train
2059,569415643474362368,neutral,2059,test
2060,569415109933531136,negative,2060,train
2061,569415076400242688,negative,2061,train
2062,569411383265075203,negative,2062,validation
2063,569407352299847680,negative,2063,validation
2064,569404245142855680,negative,2064,train
2065,569402506792407041,negative,2065,train
2066,569400869768302592,negative,2066,validation
2067,569400431002173441,neutral,2067,train
2068,569397314240049152,negative,2068,train
2069,569395649310883840,negative,2069,validation
2070,569392315409829888,positive,2070,train
2071,569390507526369280,neutral,2071,train
2072,569387614265954304,negative,2072,test
2073,569385898573299712,negative,2073,validation
2074,569385864712704001,negative,2074,train
2075,569385784685363201,negative,2075,train
2076,569385496675295232,negative,2076,validation
2077,569383892542738432,positive,2077,validation
2078,569382132231110656,neutral,2078,train
2079,569381891809214464,negative,2079,test
2080,569380923847909376,negative,2080,train
2081,569380416219709440,negative,2081,train
2082,569380122194636800,negative,2082,train
2083,569379756673597444,negative,2083,test
2084,569379726562869248,negative,2084,train
2085,569379367077355520,negative,2085,train
2086,569378568628674561,negative,2086,train
2087,569376145000390656,negative,2087,train
2088,569374127187820545,negative,2088,train
2089,569374011131453441,negative,2089,train
2090,569373743698591744,neutral,2090,validation
2091,569370900568502272,negative,2091,train
2092,569370010751094784,negative,2092,validation
2093,569369416963633152,positive,2093,train
2094,569369331173363712,negative,2094,train
2095,569369243965362176,negative,2095,train
2096,569368621077692417,negative,2096,validation
2097,569368523178270721,negative,2097,train
2098,569368286128771072,negative,2098,train
2099,569368056855552001,neutral,2099,train
2100,569367983065137152,negative,2100,train
2101,569367755670966272,neutral,2101,train
2102,569367682811715585,negative,2102,test
2103,569366968446246912,negative,2103,validation
2104,569366889719304192,negative,2104,validation
2105,569366337929105408,neutral,2105,train
2106,569366184904122369,negative,2106,train
2107,569366138963959808,negative,2107,train
2108,569365692618661888,negative,2108,train
2109,569365278963798017,negative,192,test
2110,569364927191719937,negative,2110,train
2111,569364890307190784,neutral,2111,train
2112,569364374755930112,negative,2112,train
2113,569363796113764352,negative,2113,train
2114,569363354428567552,negative,2114,train
2115,569363221791928320,neutral,2115,train
2116,569363188120207360,negative,2116,test
2117,569363173817643009,negative,2117,validation
2118,569361701495304192,neutral,2118,test
2119,569359780491476992,negative,2119,test
2120,569359055937908736,neutral,2120,train
2121,569357781402308608,negative,2121,train
2122,569357497871437824,negative,2122,train
2123,569357196141719552,positive,2123,train
2124,569353669738688512,negative,2124,train
2125,569352559598682112,negative,2125,test
2126,569351147930169344,negative,2126,train
2127,569350924633812992,negative,2127,train
2128,569349932131487746,negative,2128,train
2129,569349274049368064,neutral,2129,validation
2131,569346431833673732,neutral,2131,train
2132,569346420139905024,negative,2132,train
2133,569345701487906818,negative,2133,train
2134,569344598482546690,negative,2134,test
2135,569343661063823360,neutral,2135,test
2136,569343186046332928,negative,2136,train
2137,569342888615620609,negative,2137,test
2138,569342670184648704,neutral,2138,train
2139,569342220534288384,negative,2139,train
2140,569341769114128386,negative,2140,train
2141,569340749466226688,negative,2141,train
2142,569340645023698944,negative,2142,train
2143,569340200934969344,neutral,2143,train
2144,569340120790233089,negative,2144,train
2145,569339467615506435,negative,2145,train
2146,569339181136113664,neutral,2146,train
2147,569339072805797888,negative,2147,train
2148,569338724787593216,negative,2148,train
2149,569338441172983809,negative,2149,test
2150,569338341306572800,neutral,2150,train
2151,569338032572116992,neutral,2151,validation
2152,569337969233887232,negative,2152,test
2153,569337916872220673,negative,2153,train
2154,569337916125798401,negative,2154,test
2155,569337830184345601,negative,2155,train
2156,569337170210607105,neutral,2156,test
2157,569336402401472512,negative,2157,train
2158,569336252597731329,negative,2158,train
2159,569336095411965952,negative,2159,train
2160,569335779371003904,positive,2160,train
2161,569335521752715264,negative,2161,train
2162,569334462292434944,neutral,2162,validation
2163,569333972452265985,negative,2163,train
2164,569332961813753856,negative,2164,train
2165,569332086345220096,negative,2165,train
2166,569332072185249792,negative,2166,train
2167,569331162897739776,negative,2167,train
2168,569331021163814912,negative,2168,train
2169,569330919020093442,neutral,2169,train
2170,569330683623186433,negative,2170,train
2171,569330646901895169,negative,2171,test
2172,569330115114627073,negative,2172,train
2173,569330006985347072,negative,2173,test
2174,569329401122426880,negative,2174,train
2175,569329378061979648,negative,2175,train
2176,569328755409326080,negative,2176,train
2177,569328128310403073,negative,2177,test
2178,569328072027189248,negative,2178,test
2179,569327949553520640,negative,2179,test
2180,569327646917537793,negative,2180,test
2181,569326940252991488,negative,2181,validation
2182,569326818697871360,negative,2182,train
2183,569325988921810945,negative,2183,train
2184,569325844906115072,negative,2184,train
2185,569325061892481024,negative,2185,test
2186,569324295635247104,neutral,2186,train
2187,569323727818657792,negative,2187,train
2188,569323015550296064,negative,2188,train
2189,569322657822285824,negative,2189,train
2190,569322456776892417,negative,2190,train
2191,569322372995551232,neutral,2191,validation
2192,569321739093614592,negative,2192,train
2193,569321654842564609,negative,2193,train
2194,569320594400874497,negative,2194,train
2195,569319928815202304,negative,1353,train
2196,569319239900725248,negative,2196,train
2197,569319188528963584,negative,2197,validation
2198,569319046790819840,positive,2198,train
2199,569318947729887232,negative,2199,train
2200,569318589817364481,negative,2200,train
2201,569318505755103232,negative,2201,train
2202,569318432648273920,negative,2202,train
2203,569317718886903809,neutral,2203,validation
2204,569316673942990848,negative,2204,validation
2205,569316547673526272,positive,2205,train
2206,569316508352045056,negative,2206,validation
2207,569316417226600448,negative,2207,train
2208,569316018230677504,negative,2208,train
2209,569315878828949504,positive,2209,train
2210,569315664156069888,negative,2210,train
2211,569314329276715010,negative,2211,train
2212,569313492894752768,negative,2212,train
2213,569312077954854913,negative,2213,train
2214,569310731486699520,negative,2214,train
2215,569310717393944577,negative,2215,train
2216,569310253315174400,neutral,2216,validation
2217,569310249859080192,negative,2217,test
2218,569310115377102850,negative,2218,train
2219,569309623825670145,neutral,2219,train
2220,569309296023998464,negative,2220,train
2221,569308775435390976,negative,2221,train
2222,569308255966666753,neutral,2222,test
2223,569308224551309313,negative,2223,train
2224,569308168364425216,neutral,2224,train
2225,569307607007150080,negative,2225,train
2226,569307466896424961,negative,2226,train
2227,569307047285690369,negative,2227,train
2228,569306599577112577,positive,2228,train
2229,569306302964506624,neutral,2229,train
2230,569305546819571712,neutral,2230,train
2231,569304100048912384,negative,2231,train
2232,569303395460259840,negative,2232,train
2233,569302758018420736,negative,2233,train
2234,569302599591022592,neutral,2234,train
2235,569302568020549632,neutral,2235,train
2236,569302490421833729,negative,2236,train
2237,569302005111508992,negative,2237,train
2238,569301951478935553,neutral,2238,train
2239,569301745219850241,negative,2239,train
2240,569300959911768064,negative,2240,train
2241,569300431412850688,neutral,2241,train
2242,569300135328530432,neutral,2242,train
2243,569299492127842304,negative,2243,train
2244,569299401643917313,negative,2244,train
2245,569298744337788928,negative,2245,validation
2246,569298712247312384,neutral,2246,train
2247,569298251418959872,negative,2247,train
2248,569298147144556544,negative,2248,train
2249,569297162795937792,neutral,2249,train
2250,569296784922578944,negative,2250,train
2251,569296585697464320,negative,2251,validation
2252,569296356143050754,negative,2252,validation
2253,569296055478722560,negative,2253,validation
2254,569295556729823232,negative,2254,test
2255,569294326259253248,negative,2255,train
2256,569293965448458240,negative,2256,train
2257,569293296872222720,negative,2257,train
2258,569293295655866369,negative,2258,train
2259,569292823805042688,positive,2259,train
2260,569291447377137664,neutral,2260,train
2261,569289995749494784,negative,2261,train
2262,569289573395800064,negative,2262,train
2263,569287656607100929,negative,2263,train
2264,569287433008754688,positive,2264,validation
2265,569287399131389953,neutral,2265,train
2266,569287318898495490,negative,2266,train
2267,569286569548320769,negative,2267,train
2268,569285045401178113,negative,2268,train
2269,569283956484415490,negative,2269,test
2270,569283845985427457,negative,2270,train
2271,569283511192051712,negative,2271,train
2272,569282692014977025,neutral,2272,train
2273,569282312203997185,positive,2273,validation
2274,569281144186908672,negative,2274,train
2275,569281033365037056,negative,2275,train
2276,569280669593038848,negative,2276,validation
2277,569280157678071808,negative,2277,test
2278,569279586921353216,negative,2278,validation
2279,569278858123300864,positive,2279,test
2280,569278347441799169,negative,2280,train
2281,569278020441284608,negative,2281,validation
2282,569277733416513536,positive,2282,validation
2283,569276854458310658,positive,2283,validation
2284,569276415927037952,negative,2284,validation
2286,569275566077165568,neutral,2286,test
2287,569275476642013186,negative,2287,train
2288,569275466936397825,negative,2288,train
2289,569275430311751682,negative,2289,test
2290,569275000232013825,negative,2290,train
2291,569274801388425217,negative,2291,train
2292,569274618428526592,neutral,2292,train
2293,569274001173979137,negative,2293,train
2294,569273451564785664,negative,2294,train
2295,569273298325864448,neutral,2295,train
2296,569273251186286593,neutral,2296,train
2297,569272738826694656,negative,2297,train
2298,569272664344428545,negative,2298,train
2299,569272359334453249,negative,2299,train
2300,569271943188209667,negative,2300,train
2301,569271561481531392,neutral,2301,validation
2302,569270012894060545,negative,2302,validation
2303,569269140386488320,positive,2303,train
2304,569267323330129920,negative,2304,train
2305,569264951401054208,negative,2305,train
2306,569264912695840768,negative,2306,train
2307,569264736455536641,negative,2307,train
2308,569262680965402624,negative,2308,train
2309,569262631258705920,neutral,2309,train
2310,569261989735718914,negative,2310,test
2311,569261791928315905,negative,2311,train
2312,569261737037455361,negative,2312,train
2313,569261495449595905,negative,2313,validation
2314,569261077877248000,neutral,2314,train
2315,569261063406882816,negative,2315,train
2316,569260922365063169,neutral,2316,test
2317,569260366221348864,negative,2317,train
2318,569259694906220544,negative,2318,train
2319,569259688887492608,negative,2319,train
2320,569259575800569857,negative,2320,train
2321,569259442547470336,negative,2321,train
2322,569259272556535808,negative,2322,train
2323,569259186711764992,negative,2323,train
2324,569259152746221568,negative,2324,train
2325,569259056956727296,negative,2325,validation
2326,569258900228190208,negative,2326,test
2327,569258454633701376,positive,2327,train
2328,569258100324048900,negative,2328,train
2329,569258013950808064,positive,2329,validation
2330,569257932908470273,negative,2330,train
2331,569257818789978113,positive,2331,train
2332,569257540023951360,negative,2332,train
2333,569257033972604929,negative,2333,train
2334,569256471046823937,negative,2334,test
2335,569256434736746496,negative,2335,train
2336,569256307045179392,negative,2336,train
2337,569256055781240832,negative,2337,train
2338,569253414971899905,negative,2338,train
2339,569253382898126850,negative,2339,train
2340,569253285015752704,neutral,2340,train
2341,569253190551498752,negative,2341,train
2342,569252801802592256,positive,2342,train
2343,569252759087685632,negative,2343,train
2344,569252732940320768,negative,2344,test
2345,569251080598478848,positive,2345,train
2346,569250623427780608,positive,2346,train
2347,569250015752749057,positive,2347,validation
2348,569249933271965696,negative,2348,train
2349,569249783216537601,negative,2349,train
2350,569249769421295616,negative,2350,train
2351,569249493264289793,positive,2351,train
2352,569249416462409729,negative,2352,train
2353,569249223897526272,negative,2353,train
2354,569248898071580672,negative,2354,train
2355,569248843532886016,positive,2355,validation
2356,569248000456970240,negative,2356,train
2357,569247579692781569,neutral,2357,train
2358,569247182337019904,positive,2358,validation
2359,569247029446119424,negative,2359,train
2360,569246786440830977,negative,2360,train
2361,569245240336330752,negative,2361,test
2362,569244295921692672,negative,2362,train
2363,569244202225307648,neutral,2363,train
2364,569244201021362176,negative,2364,train
2365,569243889011281920,negative,2365,test
2366,569243676594941953,negative,2366,train
2367,569243519652470784,negative,2367,validation
2368,569243270745866240,negative,2368,test
2369,569242387878428672,negative,2369,validation
2370,569242111100514305,neutral,2370,validation
2371,569242047917502464,positive,2371,validation
2372,569242037968445441,negative,2372,train
2373,569241682283081728,negative,2373,train
2374,569240866684071936,positive,2374,train
2375,569239939776274433,neutral,2375,train
2376,569239293429833728,negative,2376,test
2377,569238938042421249,negative,2377,train
2378,569238148032671744,neutral,2378,test
2379,569237947033255936,negative,2379,train
2380,569237356622024704,negative,2380,validation
2381,569236834783342593,negative,2381,train
2382,569236060615667713,neutral,2382,train
2383,569235954789015552,negative,2383,train
2384,569235062862036992,neutral,2384,train
2385,569234592420331520,positive,2385,train
2386,569233531483918337,negative,2386,train
2387,569233434423353344,neutral,2387,train
2388,569233335915925505,negative,2388,train
2389,569233194723078144,negative,2389,train
2390,569232650965102592,negative,2390,train
2391,569232560330555393,negative,2391,train
2392,569232480181489665,positive,2392,train
2393,569232221397065728,negative,2393,train
2394,569231984334995456,negative,2394,test
2395,569231858485080066,negative,2395,train
2396,569231763173560320,positive,2396,train
2397,569229796401684480,neutral,2397,validation
2398,569228892638019585,negative,2398,test
2399,569228707203837952,negative,2399,train
2400,569228668918222849,positive,2400,train
2401,569227372223811584,positive,2401,train
2402,569227342675116033,neutral,2402,test
2403,569226313220947969,negative,2403,train
2404,569226228152053760,negative,2404,train
2405,569225585181880320,negative,2405,test
2406,569225573773369344,negative,2406,test
2407,569224849144418304,negative,2407,train
2408,569224824066842624,negative,2408,test
2409,569222424236916736,neutral,2409,train
2410,569221589822083072,negative,2410,train
2411,569221517298368512,neutral,2411,train
2412,569221210019487745,positive,2412,train
2413,569219928957394944,negative,2413,train
2414,569219701001179138,negative,2414,train
2415,569218838190907393,positive,2415,train
2416,569217440250331136,negative,2416,train
2417,569217317315354624,negative,2417,train
2418,569217285593788416,neutral,2418,train
2419,569216245574311936,neutral,2419,train
2420,569216055018704896,neutral,2420,validation
2421,569215779830280192,negative,2421,validation
2422,569215742224281600,neutral,2422,train
2423,569215344948199424,negative,2423,train
2424,569213892980641792,negative,2424,train
2425,569213883371683840,positive,2425,test
2426,569213503954915329,negative,2426,train
2427,569213441694568448,neutral,2427,test
2428,569213197485514752,negative,2428,train
2429,569212860665978880,negative,2429,validation
2430,569212318283771904,negative,2430,train
2431,569211645710495745,negative,2431,train
2432,569211244693098496,negative,2432,train
2433,569209958627016706,negative,2433,train
2434,569209543533699072,negative,2434,train
2435,569209352730513409,neutral,2435,train
2436,569209084144005120,negative,2436,train
2438,569208067243401217,neutral,2438,train
2439,569207193377107968,negative,2439,test
2440,569206925046493184,negative,2440,train
2441,569205367575441408,negative,2441,train
2442,569204255191490560,negative,2442,train
2443,569204188334264320,negative,2443,validation
2444,569203010410119168,negative,2444,train
2445,569202773704646658,negative,2445,validation
2446,569202656486432768,negative,2446,validation
2447,569201516881448960,negative,2447,train
2448,569201109400555520,negative,2448,test
2449,569199524629110784,negative,2449,validation
2450,569199095505690624,positive,2450,train
2451,569197921150902272,negative,2451,train
2452,569197579956842496,negative,2452,test
2453,569196241252282368,negative,2453,train
2454,569195472650268672,negative,2454,test
2455,569194996143755264,negative,2455,train
2456,569194348375613441,negative,2456,train
2457,569193887706812416,neutral,2457,test
2458,569192902922006528,negative,2458,validation
2459,569192549170032640,negative,2459,validation
2460,569191838579429377,negative,2460,train
2461,569191687794270209,neutral,2461,train
2462,569189285334618112,positive,2462,train
2463,569188967180058625,negative,2463,train
2464,569188938012880896,negative,2464,train
2465,569188792541818880,negative,2465,train
2466,569187853412012032,negative,2466,train
2467,569186762947493888,negative,2467,validation
2468,569186566247051265,negative,2468,train
2469,569185842876571648,negative,2469,train
2470,569185594095509504,negative,2470,train
2471,569184999900995585,negative,2471,train
2472,569184788784918528,negative,2472,validation
2473,569183712606179329,negative,2473,train
2474,569183387816038401,neutral,2474,train
2475,569182643155300352,neutral,2475,train
2476,569181132685574144,negative,2476,train
2477,569179849518161920,positive,2477,train
2478,569179721549914112,neutral,2478,train
2479,569178715051188226,positive,2479,train
2480,569177940027674624,neutral,1589,train
2481,569177080014901248,neutral,2481,validation
2482,569175138349887488,positive,2482,test
2483,569172396680175616,negative,2483,train
2484,569172176214962176,negative,2484,train
2485,569172065724428288,negative,2485,validation
2486,569170903948500992,negative,2486,train
2487,569170897606709250,negative,2487,train
2488,569170541250129920,neutral,2488,train
2489,569169897906941952,negative,2489,validation
2490,569169887689641984,negative,2490,test
2491,569168955786600448,negative,2491,train
2492,569168884798005248,negative,2492,test
2493,569168028014743552,negative,2493,train
2494,569167347996495872,negative,2494,train
2495,569165652876881920,negative,2495,train
2496,569164871465439232,neutral,2496,test
2497,569164614921019392,negative,2497,train
2498,569164042679377921,neutral,2498,validation
2499,569163885393154048,negative,2499,train
2500,569163371746095104,negative,2500,validation
2501,569162600237236224,negative,2501,train
2502,569161748286083073,negative,2502,train
2503,569159619710361600,positive,2503,train
2504,569159333499576320,neutral,2504,train
2505,569156387789361153,negative,2505,train
2506,569155039983497216,negative,2506,train
2507,569154879484235776,negative,2507,train
2508,569153669867945984,negative,2508,test
2509,569153491983327232,negative,2509,train
2510,569152740414218240,negative,2510,train
2511,569150031216779266,negative,2511,test
2512,569149666027294720,neutral,2512,train
2513,569149498183659520,negative,2513,train
2514,569147852217135104,negative,2514,validation
2515,569144929093615616,neutral,2515,train
2516,569144072843063296,negative,2516,validation
2517,569144056305074176,positive,2517,test
2518,569143454434926592,negative,2518,train
2519,569143406724837376,negative,2519,train
2520,569140808227672064,negative,2520,train
2521,569140362025050112,negative,2521,train
2522,569139586124910593,negative,2522,train
2523,569139480101314560,negative,2523,train
2524,569134299024367616,negative,2524,train
2525,569134266052816897,negative,2525,validation
2526,569130479690981376,negative,2526,train
2527,569129269139537920,negative,2527,train
2528,569128289178152960,negative,2528,test
2529,569125947200413696,negative,2529,test
2530,569125711556042752,negative,2530,validation
2531,569125558568783872,positive,2531,test
2532,569125033509048320,negative,2532,test
2533,569121422817112065,negative,2533,test
2534,569120847115501568,neutral,2534,train
2535,569119503516246016,negative,2535,train
2536,569117696610185217,negative,2536,train
2537,569116934379323392,negative,2537,train
2538,569116399039344640,negative,2538,train
2539,569115097198690305,negative,2539,test
2540,569114239996076032,negative,2540,validation
2541,569106746486222849,positive,2541,train
2542,569105159764242433,negative,2542,train
2543,569102054922129409,negative,2543,test
2544,569101653573570560,positive,2544,test
2545,569098396914421763,negative,2545,train
2546,569097525690568704,neutral,2546,train
2547,569096764835414016,neutral,2547,train
2548,569094744615157760,negative,2548,train
2549,569093984640995328,positive,2549,train
2550,569089890173874176,negative,2550,train
2551,569088814184079361,positive,2551,train
2552,569088496117415937,positive,2552,test
2553,569087906851135488,neutral,2553,train
2554,569086687336222720,negative,2554,train
2555,569085424498446337,negative,2555,train
2556,569083899478994944,positive,2556,train
2557,569079375296999424,negative,2557,train
2558,569078346660900864,negative,2558,validation
2559,569078332278513665,negative,2559,train
2560,569077766022246400,negative,2560,train
2561,569077393886810112,negative,2561,train
2562,569076717689524224,negative,2562,train
2563,569075488926371841,neutral,2563,train
2564,569075352888176640,negative,2564,validation
2565,569059097632337920,positive,2565,train
2566,569058014650433536,negative,2566,train
2567,569056573731020800,negative,2567,train
2568,569055189988024320,neutral,2568,train
2569,569049391337578496,negative,2569,test
2570,569036254253346818,positive,2570,train
2571,569035887956271104,negative,2571,test
2572,569035174328934401,negative,2572,train
2573,569034721683861505,negative,2573,train
2574,569034282485698560,negative,2574,test
2575,569033988855037952,negative,2575,validation
2576,569032643548811264,positive,2576,train
2577,569030219438239744,negative,2577,train
2578,569027718626480128,positive,2578,train
2579,569026124484706304,negative,2579,train
2580,569025401906794496,positive,2580,validation
2582,569024126641311744,negative,2582,train
2583,569023489492955136,positive,2583,train
2584,569021768788090881,negative,2584,train
2585,569020829033492480,negative,2585,train
2586,569017927803932672,neutral,2586,validation
2587,569017631602139137,negative,2587,validation
2588,569017218316369921,neutral,2588,train
2589,569015669347319808,negative,2589,train
2590,569014098811351040,negative,2590,train
2591,569012722169466880,positive,2591,train
2592,569012492598251520,negative,2592,train
2593,569011846432366592,negative,2593,test
2594,569011727532032001,negative,2594,test
2595,569011185439285248,negative,2595,train
2596,569011048843313153,negative,2596,test
2597,569010309085536257,negative,2597,validation
2598,569009316490911745,negative,2598,train
2599,569008708174262272,negative,2599,train
2600,569008601009762305,negative,2600,validation
2601,569007629868998656,negative,2601,test
2602,569007580925677568,positive,2602,test
2603,569007103542587392,neutral,2603,validation
2604,569006044782800896,negative,2604,validation
2605,569005870463344640,negative,2605,train
2606,569005718365298689,negative,2606,validation
2607,569004759069421568,negative,2607,validation
2608,569003577613512704,negative,2608,train
2609,569002384258502656,neutral,2609,train
2610,568999888043638785,negative,2610,validation
2611,568998609590419456,neutral,2611,test
2612,568995447768899584,positive,2612,train
2613,568995256525398016,negative,2613,test
2614,568995205271015425,neutral,2614,train
2615,568990399814987777,negative,2615,train
2616,568989687353729024,positive,2616,train
2617,568989506784722945,positive,2617,train
2618,568989460618203136,negative,2618,train
2619,568988757954678784,negative,2619,train
2620,568988032067616768,neutral,2620,train
2621,568987808792223744,negative,2621,train
2622,568987648691449857,positive,2622,validation
2623,568987303302950913,negative,2623,train
2624,568986895268519936,negative,2624,train
2625,568986700984283136,positive,2625,train
2626,568986491608834048,neutral,2626,train
2627,568985883589906432,negative,2627,train
2628,568985010742693888,neutral,2628,train
2629,568984515298922496,negative,2629,train
2630,568984098909237248,negative,2630,train
2631,568983569563033600,positive,2631,test
2632,568983296018751491,negative,2632,train
2633,568982915956277249,positive,2633,train
2634,568982505551851520,negative,2634,test
2635,568982253553844225,negative,2635,train
2636,568979198007595008,negative,2636,train
2637,568977696786673664,negative,2637,validation
2638,568976619089620992,negative,2638,test
2639,568976326666768384,negative,2639,test
2640,568976065210806272,negative,2640,train
2641,568975398236659712,negative,2641,validation
2642,568973797262372866,negative,2642,validation
2643,568973634087165953,negative,2643,test
2644,568972990039265280,neutral,2644,train
2645,568972562819997696,positive,2645,test
2646,568972438693916672,neutral,2646,validation
2648,568971802015170560,negative,2648,train
2649,568970614238617600,negative,2649,train
2650,568969371118391296,negative,2650,test
2651,568968761954443264,negative,2651,train
2652,568968480717983744,negative,2652,train
2653,568968312274718721,negative,2653,train
2654,568967744076410880,neutral,2654,validation
2655,568967598794149889,neutral,2655,test
2656,568967381860503552,neutral,2656,train
2657,568967313598386176,negative,2657,train
2658,568966873880137728,neutral,2658,train
2659,568965937875066880,negative,2659,train
2660,568965883730776065,negative,2660,train
2661,568965870178816000,negative,2661,train
2662,568965585620459520,negative,2662,test
2663,568965165783388160,negative,2663,test
2664,568964974611193858,negative,2664,train
2665,568964534083268608,positive,2665,test
2666,568964028669800448,positive,2666,train
2667,568963398781808640,negative,2667,train
2668,568963218703564800,negative,2668,train
2669,568963006547111936,neutral,2669,train
2670,568962811772030976,negative,2670,train
2671,568962609375895552,positive,2671,test
2672,568962582934978562,negative,2672,train
2673,568962468766212097,negative,2673,train
2674,568961737715789824,negative,2674,train
2675,568961016782036992,negative,2675,validation
2676,568960570486976513,negative,2676,test
2677,568959737544339456,negative,2677,validation
2678,568958380032860160,positive,2678,train
2679,568958227888500736,negative,2679,train
2680,568958107205783554,negative,2680,train
2681,568957558444175360,negative,2681,train
2682,568957349534289920,neutral,2682,train
2683,568957001658724353,neutral,2683,train
2684,568955862124863488,positive,2684,train
2685,568955339607019521,negative,2685,train
2686,568955124300820480,positive,2686,train
2687,568955060165554176,negative,2687,train
2688,568954593591369728,negative,2688,train
2689,568954266628575232,negative,2689,validation
2690,568954048038055936,negative,2690,train
2691,568954046700064768,negative,2691,train
2692,568953367646625792,positive,2692,train
2693,568952850908213248,negative,2693,train
2694,568951922734055424,negative,2694,train
2695,568951819969232896,neutral,2695,train
2696,568951601777512448,negative,2696,train
2697,568951462413209601,negative,2697,train
2698,568951377231114240,neutral,2698,train
2699,568950980471103489,negative,2699,train
2700,568950850615316480,positive,2700,train
2701,568950706008231936,negative,2701,test
2702,568950548411461632,negative,2702,train
2703,568949970080018433,negative,2703,train
2704,568949545972961280,negative,2704,train
2705,568948971923742720,negative,2705,train
2706,568948323916255233,negative,2706,train
2707,568948016662474752,neutral,2707,train
2708,568948008160661504,negative,2708,train
2709,568947922731028480,negative,2709,validation
2710,568947542899052544,positive,2710,train
2711,568947313676148737,negative,2711,train
2712,568946825798905856,positive,2712,train
2713,568946758404808704,positive,2713,train
2714,568944096687075329,negative,2714,test
2715,568942578026086401,negative,2715,train
2716,568941851228528642,positive,2716,train
2717,568940548301549568,negative,2717,test
2718,568938647795314688,negative,2718,test
2719,568935475815292928,negative,2719,validation
2720,568934749571387392,negative,2720,validation
2721,568934521506107392,negative,2721,train
2723,568932735181578240,negative,2723,validation
2724,568932482323623937,negative,2724,train
2725,568931996891807744,neutral,2725,test
2726,568931924166574080,negative,2726,train
2727,568931759150084096,negative,2727,train
2728,568931637699829761,negative,2728,train
2729,568931356287365120,negative,2729,validation
2730,568931215149039617,negative,2730,train
2731,568930692551221248,negative,2731,train
2732,568929299350179840,negative,2732,train
2733,568928251554299906,negative,2733,train
2734,568928163058724865,negative,2734,train
2735,568927730160549888,neutral,2735,train
2736,568927727627202560,negative,2736,train
2737,568927631103696896,negative,2737,train
2738,568927281747505152,negative,2738,train
2739,568926552836182016,negative,2739,train
2740,568926321369153536,neutral,2740,train
2741,568925709189705728,negative,2741,train
2742,568925583939375104,negative,2742,train
2743,568924206152306688,negative,2743,train
2744,568923233866555392,positive,2744,train
2745,568922616800657411,positive,2745,train
2746,568922057552977920,negative,2746,train
2747,568921968818270208,negative,2747,validation
2748,568921625715814401,positive,2748,train
2749,568921407813521409,negative,2749,train
2750,568921163901984768,negative,2750,train
2751,568920314073260032,negative,2751,train
2752,568919686978641920,negative,2752,train
2753,568919230671794176,neutral,2753,train
2754,568918820632403969,negative,2754,train
2755,568918759664021504,negative,2755,train
2756,568917936783491073,negative,2756,validation
2757,568917792172351488,positive,2757,train
2758,568917786921009153,negative,2758,train
2759,568917611565592577,negative,2759,train
2760,568917429033652226,negative,2760,train
2761,568917261869674497,negative,2761,validation
2762,568916446710857728,positive,2762,validation
2763,568916345506566145,neutral,2763,train
2764,568916213130096640,neutral,2764,validation
2765,568915741551886336,negative,2765,test
2766,568913508936458240,negative,2766,test
2767,568911315026063361,negative,2767,test
2768,568910880416464897,positive,2768,train
2769,568910220644237312,negative,2769,train
2770,568909613770211329,negative,2770,train
2771,568908748732760064,positive,2771,train
2772,568908474601639936,negative,2772,validation
2773,568905448897654784,negative,2773,train
2774,568905087608881152,negative,2774,validation
2775,568904684561408000,neutral,2775,validation
2776,568903773491306496,neutral,2776,train
2777,568903479722246144,negative,2777,train
2778,568903193930764288,negative,2778,train
2779,568903082765000704,neutral,2779,train
2780,568902492118888448,positive,2780,train
2781,568902405909143552,negative,2781,train
2782,568902044561465344,negative,2782,train
2783,568901828055707648,neutral,2783,test
2784,568901675903119360,negative,2784,validation
2785,568900980080709632,negative,2785,test
2786,568900770860392448,negative,2786,train
2787,568900079962075137,negative,2787,train
2788,568899587424931840,negative,2788,train
2789,568899516872568832,positive,2789,train
2790,568899252149035008,negative,2790,train
2791,568898792755470336,negative,2791,train
2792,568898784861814785,negative,2792,test
2793,568897992712802304,negative,2793,train
2794,568897757991186432,negative,2794,train
2795,568895856750899202,neutral,2795,train
2796,568895842293309440,negative,2796,train
2797,568895188338380801,negative,2797,train
2798,568894996683870208,neutral,2798,train
2799,568894575596580864,positive,2799,train
2800,568894256070287360,neutral,2800,train
2801,568894073345437697,negative,2801,train
2802,568893623099654144,negative,2802,train
2803,568893275907575808,neutral,2803,train
2804,568893072001646592,neutral,2804,test
2805,568892505829347329,negative,2805,test
2806,568890960358166528,negative,2806,train
2807,568890017365561344,neutral,2807,test
2808,568889252185903104,positive,2808,test
2809,568887455044259842,negative,2809,train
2810,568887240685785089,neutral,2810,train
2811,568885959225446400,negative,2811,test
2812,568885581297651713,neutral,2812,train
2813,568885556718907392,neutral,2813,validation
2814,568885498464374785,negative,2814,validation
2815,568885117373927425,negative,2815,test
2816,568884491294351360,negative,2816,train
2817,568884473040752641,negative,2817,train
2818,568884344221081600,negative,2818,train
2819,568884211739971584,positive,2819,test
2820,568883744246878208,negative,2820,train
2821,568883664219537408,neutral,2821,test
2822,568883475534745600,neutral,2822,test
2823,568883108377808896,neutral,2823,validation
2824,568882789082222592,negative,2824,train
2825,568882601261273089,negative,2825,test
2826,568882449922416641,negative,2826,train
2827,568882079091400705,negative,2827,train
2828,568881812174299137,negative,2828,train
2829,568881593395208192,neutral,2829,train
2830,568881580015366145,negative,2830,test
2831,568881357583097857,negative,2831,train
2832,568880036234682370,negative,2832,train
2833,568878265814949889,neutral,2833,train
2834,568878121958694912,negative,2834,validation
2835,568877993453420544,negative,2835,train
2836,568877085479071744,neutral,2836,train
2837,568875530671554561,neutral,2837,train
2838,568874741249007616,negative,2838,test
2839,568874496507174912,negative,2839,train
2840,568873730182504448,positive,2840,train
2841,568873474392854530,neutral,2841,validation
2842,568873031428415489,negative,2842,validation
2843,568872291427160065,neutral,2843,validation
2844,568872120471687168,positive,2844,train
2845,568871357007704064,negative,2845,train
2846,568871340498821120,neutral,2846,train
2847,568871143022731265,negative,2847,train
2848,568870394708545536,positive,2848,train
2849,568868944557133825,negative,2849,train
2850,568868515857321985,negative,2850,train
2851,568868305697525761,positive,2851,validation
2852,568865640569806848,negative,2852,train
2853,568864796717805568,neutral,2853,test
2854,568862914154770432,negative,2854,train
2855,568862907850743808,negative,2855,validation
2856,568860978231709697,negative,2856,test
2857,568860389640962048,positive,2857,train
2858,568860308980117504,negative,2858,validation
2860,568859503472422912,negative,2860,validation
2861,568859157253611520,negative,2861,train
2862,568858368829313024,negative,2862,train
2863,568858361011154944,negative,2863,train
2864,568857956470517760,negative,2864,train
2865,568857374934601728,negative,2865,train
2866,568855505747095552,positive,2866,train
2867,568855468975759360,negative,2867,train
2868,568855465842466817,neutral,2868,test
2869,568855251123449856,neutral,2869,train
2870,568855071322198016,negative,2870,train
2871,568854401802051584,negative,2871,test
2872,568854214136479744,negative,2872,train
2873,568854082536001536,negative,2873,test
2874,568853249551409153,positive,2874,train
2875,568853244476309504,neutral,2875,train
2876,568851544537481216,negative,2876,train
2877,568851512509800448,negative,2877,train
2878,568851396923146240,negative,2878,test
2879,568850852909342720,negative,2879,train
2880,568850826552320000,negative,2880,train
2881,568850600261226496,negative,2881,train
2882,568849007641911296,negative,2882,train
2883,568848928466198530,positive,2883,validation
2884,568848699960332288,negative,2884,train
2885,568848259008962560,negative,2885,train
2886,568847735530643457,neutral,2886,train
2887,568847616404004864,neutral,2887,train
2888,568847199460835328,negative,2888,test
2889,568846499431337984,neutral,2889,train
2891,568845539405656064,positive,2891,train
2892,568844772191940608,negative,2892,train
2893,568844097374560256,positive,2893,test
2894,568844078730727424,negative,2894,train
2895,568842531531681792,neutral,2895,train
2896,568842357069770752,positive,2896,train
2897,568841631585021952,negative,2897,train
2898,568841528455659520,neutral,2898,test
2899,568840701850419200,negative,2899,train
2900,568837615220166657,positive,2900,validation
2901,568837168350699520,neutral,2901,test
2902,568836728716333056,negative,2902,train
2903,568836642825375744,negative,2903,train
2904,568835810532794368,negative,2904,train
2905,568835255722860544,positive,2905,test
2906,568835134603931649,neutral,2906,train
2907,568834890046832640,neutral,2907,train
2908,568834851517771776,negative,2908,train
2909,568834824410148864,positive,2909,train
2910,568834799592448000,neutral,2910,train
2911,568833209288372224,negative,2911,test
2912,568832931382366209,negative,2912,train
2913,568832749093687296,positive,2913,train
2914,568832682269888512,positive,2914,train
2915,568832576468746240,positive,2915,train
2916,568832394196684800,positive,2916,train
2917,568832151119990784,negative,2917,train
2918,568831929102913536,negative,2918,validation
2919,568831798857195520,neutral,2919,validation
2920,568831574474661888,negative,2920,train
2921,568830996365193216,neutral,2921,train
2922,568830888089423872,negative,2922,train
2923,568830757730422784,negative,2923,train
2924,568830614289252352,neutral,770,validation
2925,568829906584346624,negative,2925,train
2926,568828543423123456,negative,2926,train
2927,568828240502128640,negative,2927,train
2928,568828240204333056,negative,2928,train
2929,568828064152424448,negative,2929,test
2930,568827741832916994,negative,2930,train
2931,568827677001428992,negative,2931,train
2932,568826499597524992,negative,2932,train
2933,568826225621405696,negative,2933,test
2934,568826215089475584,negative,2934,train
2935,568825791644966912,negative,2935,test
2936,568825730718666754,neutral,2936,test
2937,568825463918833664,negative,2937,train
2938,568824987244584961,negative,2938,train
2939,568823775745028096,negative,2939,train
2940,568822919633240064,negative,2940,train
2941,568822440631144448,positive,2941,train
2942,568821307766222848,negative,2942,validation
2943,568821261767303168,negative,2943,train
2944,568820700489781248,negative,2944,validation
2945,568819406207356928,negative,2945,train
2946,568819285990215680,negative,2946,train
2947,568819025733652481,positive,2947,train
2948,568818998445522944,neutral,2948,train
2949,568818346042339328,neutral,2949,train
2950,568818335200223232,positive,2950,validation
2951,568817985147654144,negative,2951,train
2952,568817894030741504,positive,2952,validation
2953,568817637754593280,negative,2953,train
2954,568817350864023552,negative,2954,validation
2955,568815893641211905,negative,2955,validation
2956,568815686446788608,neutral,2956,train
2957,568815660815519744,negative,2957,train
2958,568815514702770176,neutral,2958,train
2959,568815354388078593,negative,2959,train
2960,568815310016548865,negative,2960,test
2961,568815280903864321,negative,2961,train
2962,568815263900180480,positive,2962,train
2963,568814123540221952,negative,2963,train
2964,568813570709782529,neutral,2964,train
2965,568813431962226688,negative,2965,test
2966,568813356296982528,negative,2966,train
2967,568813269906890753,negative,2967,train
2968,568812829324775428,negative,2968,train
2969,568812129308053504,negative,2969,train
2970,568811854216105984,neutral,2970,train
2971,568810874204327936,negative,2971,validation
2972,568810866830913536,neutral,2972,test
2973,568810700828741633,negative,2973,train
2974,568810539939459072,positive,2974,train
2975,568810516740644864,neutral,2975,train
2976,568810180269494272,negative,2976,test
2977,568809620019527680,negative,2977,train
2978,568809617087696897,negative,2978,train
2979,568809558786899968,positive,2979,train
2980,568808975828955136,negative,2980,validation
2981,568808470536962048,negative,2981,validation
2982,568807928154558464,negative,2982,train
2983,568807894264578048,negative,2983,test
2984,568807747661266945,negative,2984,train
2986,568806237804109825,negative,2986,train
2987,568806138973540352,negative,2987,train
2988,568806118660673536,negative,2988,train
2989,568806035294695424,positive,2989,train
2990,568805751386288128,negative,2990,train
2991,568805571647942656,negative,2991,test
2992,568805448696115200,negative,2992,train
2993,568805444761681921,negative,2993,train
2994,568804253151731712,negative,2994,train
2995,568804026789138433,positive,2995,train
2996,568803679018491904,negative,2996,train
2997,568803598638796800,positive,2997,train
2998,568803260569690112,neutral,2998,validation
2999,568803231335387137,positive,2999,train
3000,568803218488033282,negative,3000,train
3001,568803061361025024,negative,3001,train
3002,568803013487276033,neutral,3002,validation
3003,568802906280845312,neutral,3003,train
3004,568802044309430272,negative,3004,train
3005,568802013196242944,negative,3005,validation
3006,568801885567606784,negative,3006,train
3007,568801561377439744,neutral,3007,train
3008,568801535662166016,neutral,3008,train
3009,568801442770743296,negative,3009,validation
3010,568801277984944128,negative,3010,test
3011,568801276416401408,neutral,3011,test
3012,568800974632050688,negative,3012,train
3013,568800389903962112,negative,3013,train
3014,568797966489690112,negative,3014,test
3015,568797800743313408,neutral,3015,train
3016,568797413529538562,neutral,3016,train
3017,568797401772892161,negative,3017,train
3018,568796113081376768,negative,3018,test
3019,568795875612463104,negative,3019,train
3020,568795791445209088,positive,3020,train
3021,568795451341856768,positive,3021,train
3022,568795018816675841,negative,3022,train
3023,568793902267936769,neutral,3023,test
3024,568793432900177920,negative,3024,train
3025,568793043664560128,negative,3025,test
3026,568790336954175488,neutral,3026,train
3027,568789500727570432,negative,3027,test
3028,568788947859607552,negative,3028,train
3029,568788152955092992,negative,3029,train
3030,568787999036583936,negative,3030,train
3031,568787202341081088,negative,3031,train
3032,568787022472740864,negative,3032,train
3033,568786817404817408,negative,3033,train
3034,568786811381616641,neutral,3034,test
3035,568786745715757056,positive,3035,train
3036,568786206932250624,positive,3036,validation
3037,568786035053760512,neutral,3037,validation
3038,568784261064622080,neutral,3038,validation
3039,568782924302065665,negative,3039,train
3041,568781213651087361,negative,3041,train
3042,568780030538420225,negative,3042,test
3043,568779794902614016,negative,3043,test
3044,568778986567933952,negative,3044,train
3045,568778028773347329,negative,3045,train
3046,568775278505414656,negative,3046,train
3047,568774320773849088,negative,3047,train
3048,568773648724525056,positive,3048,train
3049,568771089372979200,negative,3049,train
3050,568771007529398272,neutral,3050,validation
3051,568770352635121664,negative,3051,test
3052,568769786890424320,negative,3052,test
3053,568768952366575618,negative,3053,train
3054,568767621186912256,negative,3054,train
3055,568767144407789569,neutral,3055,test
3056,568761425029668864,positive,3056,train
3057,568760341921959936,negative,3057,test
3058,568760315569053696,negative,3058,train
3059,568758807418896385,positive,3059,train
3060,568757933502148608,negative,3060,train
3061,568757166674460672,neutral,3061,train
3062,568756110456270849,negative,3062,train
3063,568755759670022147,negative,3063,train
3064,568755688442191872,negative,3064,test
3065,568752875205238784,negative,3065,test
3066,568751950935691265,neutral,3066,validation
3067,568751415390285824,negative,3067,train
3068,568747605653643264,negative,3068,train
3069,568740200479793153,negative,3069,validation
3070,568738229274464256,positive,3070,train
3071,568736451237707776,positive,3071,test
3072,568735994838589441,negative,3072,validation
3073,568731988082999296,negative,3073,train
3074,568731785019990017,neutral,3074,train
3075,568731155303956480,positive,3075,train
3076,568726628639100928,negative,3076,train
3077,568725453831315456,negative,3077,validation
3078,568723674934722560,negative,3078,test
3079,568722339833126912,negative,3079,train
3080,568720333634609153,negative,3080,test
3081,568716618794209280,negative,3081,validation
3082,568716388866629632,negative,3082,validation
3083,568716027577696256,neutral,3083,train
3084,568716015338717184,negative,3084,train
3085,568715107892641792,positive,3085,train
3086,568710194575872001,neutral,3086,train
3087,568706817980796928,negative,3087,validation
3088,568702964623216643,positive,3088,train
3089,568701051903336448,negative,3089,train
3090,568699390962958336,negative,3090,train
3091,568696518665998336,negative,3091,train
3092,568695647202717696,neutral,3092,validation
3093,568694278890901504,neutral,3093,validation
3094,568693355183538177,negative,3094,train
3095,568690023513526272,negative,3095,train
3096,568678201590996992,negative,3096,train
3097,568677786329735168,negative,3097,train
3098,568677633682214912,negative,3098,train
3099,568677317590937600,negative,3099,validation
3100,568677207062609920,negative,3100,train
3101,568676876866224128,negative,3101,train
3102,568676407729131520,negative,3102,validation
3103,568675083314552832,positive,3103,train
3104,568673332184240129,negative,3104,validation
3105,568672467889176577,negative,3105,train
3106,568672436977168385,negative,3106,train
3107,568671211430891520,neutral,3107,test
3108,568670928407625729,negative,3108,train
3109,568669880922165248,positive,3109,test
3110,568668364144398336,negative,3110,train
3111,568667108252319744,negative,3111,train
3112,568663431433187328,positive,3112,train
3113,568662835829415936,positive,3113,train
3114,568662525530628096,negative,3114,train
3115,568659661861175297,positive,3115,train
3116,568657247896788992,negative,3116,train
3117,568656888935481344,positive,3117,train
3118,568656758027063296,neutral,3118,train
3119,568656507480481792,negative,3119,train
3120,568656014481846272,negative,3120,train
3121,568655789247762432,negative,3121,train
3122,568654569976123392,negative,3122,train
3123,568654556634021890,neutral,3123,train
3124,568654382620782592,negative,3124,train
3125,568654300802473985,neutral,3125,train
3126,568654208674586624,negative,3126,test
3127,568652355346022400,negative,3127,test
3128,568651726858747904,negative,3128,train
3129,568650724399321088,positive,3129,train
3130,568650439639437313,positive,3130,train
3131,568650000227565568,positive,2962,train
3132,568649837610037248,negative,3132,train
3133,568649643187310593,positive,3133,train
3134,568648940033343488,negative,3134,validation
3135,568648917551697920,negative,3135,train
3136,568648390738706432,negative,3136,validation
3137,568647206695120896,positive,3137,test
3138,568646083162836992,positive,3138,train
3139,568645962425446401,negative,3139,validation
3140,568645576008400896,negative,3140,train
3141,568644260129419264,negative,3141,train
3142,568643928720850944,positive,3142,train
3143,568640713635676160,negative,3143,train
3144,568640385117003776,neutral,3144,train
3145,568639679496454144,neutral,3145,train
3146,568639359127150592,negative,3146,validation
3147,568639242483556352,neutral,3147,train
3148,568639207846989824,neutral,3148,train
3149,568637541513089024,negative,3149,train
3150,568635531900243968,negative,3150,train
3151,568632754939805696,neutral,3151,train
3152,568631066736529409,neutral,3152,test
3153,568630453521022976,negative,3153,validation
3154,568629979719675904,positive,3154,train
3155,568628841431867392,negative,3155,test
3156,568627869225766912,negative,3156,train
3157,568627619991650305,neutral,3157,train
3158,568625959835815936,neutral,3158,validation
3159,568625749214642176,negative,3159,validation
3160,568625636639506433,negative,3160,validation
3161,568625014037045248,negative,3161,train
3162,568624528131125248,negative,3162,validation
3163,568624487031132162,negative,3163,validation
3164,568623603496792064,negative,3164,validation
3165,568622671287566336,negative,3165,validation
3166,568621100914991104,positive,3166,train
3167,568621033273602048,positive,3167,train
3168,568620841325301760,negative,3168,test
3169,568617891412574208,neutral,3169,train
3170,568616966191226880,negative,3170,test
3171,568616603568492544,negative,3171,train
3172,568615916730056704,negative,3172,train
3173,568615812594077696,negative,3173,test
3174,568615063738646528,negative,3174,train
3175,568614750508036096,negative,3175,test
3176,568613354245210112,neutral,3176,validation
3177,568612911222026241,negative,3177,train
3178,568612680937766912,neutral,3178,train
3179,568612163578773504,negative,3179,test
3180,568611514711552000,neutral,3180,validation
3181,568611413687603200,negative,3181,train
3182,568611364803096577,positive,3182,train
3183,568611300609118208,negative,3183,test
3184,568610311487561728,positive,3184,train
3185,568608982321012736,negative,3185,train
3186,568608850569338880,negative,3186,test
3187,568608136485056512,negative,3187,train
3188,568607646204465152,negative,3188,validation
3189,568607402645454848,negative,3189,test
3190,568607013212590080,negative,3190,train
3191,568606997546999809,negative,3191,train
3192,568606485716078592,negative,3192,train
3193,568606225027485696,negative,3193,train
3194,568606101412962304,negative,3194,train
3195,568605113457242112,negative,3195,validation
3196,568604039430033408,neutral,3196,train
3197,568603081274986496,negative,3197,train
3198,568602007583354880,positive,3198,train
3199,568601750074236930,neutral,3199,train
3200,568600380977893376,neutral,3200,validation
3201,568600144406568962,negative,3201,train
3202,568599168949886977,negative,3202,validation
3203,568598412544704512,neutral,3203,train
3204,568597262378655744,negative,3204,train
3205,568597062104813568,negative,3205,validation
3206,568596833439760384,negative,3206,train
3207,568596065882017792,negative,3207,train
3208,568595828232863745,negative,3208,test
3209,568594708177555457,negative,3209,train
3210,568594180014014464,negative,3210,test
3211,568593365601820672,neutral,3211,train
3212,568592520659267584,neutral,3212,test
3213,568591705802469376,negative,3213,test
3214,568591278805528576,negative,3214,train
3215,568591158777122818,negative,3215,test
3216,568590189582536704,negative,3216,train
3217,568589551477886977,negative,3217,train
3218,568589359034859520,positive,3218,train
3219,568589019925368833,negative,3219,train
3220,568588791830736896,negative,3220,train
3221,568588522069733376,neutral,3221,validation
3222,568587181264146432,negative,3222,test
3223,568585421518544897,negative,3223,train
3224,568584434376577024,negative,3224,train
3225,568584104641368064,negative,3225,train
3226,568583773794799616,negative,3226,train
3227,568583360811016192,neutral,3227,train
3228,568582924729073664,negative,3228,train
3229,568582403670851584,negative,3229,train
3230,568580515013398528,negative,3230,train
3231,568579388704292864,negative,3231,train
3232,568578571129761794,negative,3232,train
3233,568577596172009472,negative,3233,train
3234,568576763212619777,negative,3234,train
3235,568576245027336193,negative,3235,train
3236,568575520406765568,neutral,3236,test
3237,568575427742011392,negative,3237,validation
3238,568575417650679808,negative,3238,train
3239,568574762433138690,neutral,3239,train
3240,568574249553637377,negative,3240,train
3241,568574188086296576,negative,3241,test
3242,568574174677114880,neutral,3242,validation
3243,568574014505029632,negative,3243,test
3244,568573889359556608,positive,3244,train
3245,568573570114134016,negative,3245,train
3246,568573387817291776,negative,3246,test
3247,568572835666522112,neutral,3247,train
3248,568572753403650049,negative,3248,validation
3249,568572666178883584,negative,3249,train
3250,568571642265227264,negative,3250,train
3251,568570905690898432,negative,3251,train
3252,568568938960805888,negative,3252,test
3253,568568593262231552,positive,3253,train
3254,568568197147799552,negative,3254,train
3255,568567425106628609,negative,3255,train
3256,568567048801906688,positive,3256,validation
3257,568566729992847360,neutral,3257,train
3258,568565044994158592,negative,3258,validation
3259,568564957740175360,negative,3259,train
3260,568564799593820161,negative,3260,train
3261,568564757172764672,negative,3261,train
3262,568564675312545792,negative,3262,validation
3263,568564485457252352,negative,3263,train
3264,568564006329434113,positive,3264,train
3265,568563494313857025,negative,3265,validation
3266,568563462995099649,negative,3266,train
3267,568562804837490688,negative,3267,train
3268,568562765654159361,negative,3268,test
3269,568562718854111233,negative,3269,train
3270,568562613040197634,negative,3270,train
3271,568562512284659713,negative,3271,train
3272,568561858875142144,negative,3272,test
3273,568561041774231553,negative,3273,test
3274,568560510896963584,negative,3274,train
3275,568560083103137793,negative,3275,train
3276,568559680894550016,positive,3276,test
3277,568558728263254017,negative,3277,train
3278,568558478039625728,negative,3278,test
3279,568558135637463040,positive,3279,validation
3280,568558050635747328,negative,3280,train
3281,568557220473884672,negative,3281,test
3282,568556636068921344,positive,3282,train
3283,568556238012678144,positive,3283,train
3284,568555130624217089,negative,3284,validation
3285,568555022209847296,neutral,3285,train
3286,568553155937452034,negative,3286,train
3287,568553014786547712,negative,3287,validation
3288,568552943005224961,negative,3288,train
3289,568552711840358401,positive,3289,train
3290,568552347812524032,negative,3290,test
3291,568549214696935424,negative,3291,train
3292,568549060103135232,positive,3292,train
3293,568548205421563906,positive,3293,train
3294,568547227527819264,positive,3294,train
3295,568547007003955200,positive,3295,train
3296,568545648284340224,negative,3296,validation
3297,568544738032242688,positive,3297,train
3298,568542661684015105,positive,3298,train
3299,568541544506114048,negative,3299,train
3300,568541325735415808,negative,3300,train
3301,568541016472432641,positive,3301,train
3302,568540843323338752,negative,3302,train
3303,568539224770637825,negative,3303,validation
3304,568538872637816832,negative,3304,test
3305,568538044703178752,neutral,3305,train
3306,568537219822010368,negative,3306,train
3307,568536972072865792,negative,3307,train
3308,568536646963970048,neutral,3308,train
3309,568536634058084352,negative,3309,train
3310,568536558279593985,neutral,3310,test
3311,568535677027028992,negative,3311,train
3312,568535502996905984,neutral,3312,train
3313,568534166742003712,neutral,3313,train
3314,568534107875119105,negative,3314,train
3315,568533371602608128,neutral,3315,train
3316,568533330557186048,negative,3316,train
3317,568532825281937408,positive,3317,train
3318,568532050979893249,negative,3318,train
3319,568530234368069632,negative,3319,validation
3320,568528656584146944,positive,3320,test
3321,568527517910319104,positive,3321,test
3322,568527393754738688,neutral,3322,train
3323,568527304348942336,neutral,3323,train
3324,568527292135133184,negative,3324,train
3325,568526386249351168,negative,3325,train
3326,568526349565972480,negative,3326,train
3327,568526136017342464,neutral,3327,train
3328,568525567575744512,neutral,3328,train
3329,568524550251479040,negative,3329,train
3330,568522747501895680,neutral,3330,test
3331,568522028627533824,negative,3331,validation
3332,568520126095441920,positive,3332,train
3334,568516490405679104,positive,3334,validation
3335,568516063001853952,negative,3335,validation
3336,568515696197439489,negative,3336,train
3337,568515553666539520,positive,3337,validation
3338,568515101319254016,positive,3338,test
3339,568514213921947648,positive,3339,validation
3340,568513007849840640,positive,3340,train
3341,568512847178645505,negative,3341,train
3342,568511969335984128,negative,3342,train
3343,568509763048357888,negative,3343,train
3344,568509134276050945,negative,3344,train
3345,568508151852457985,negative,3345,train
3346,568507977235365888,negative,3346,test
3347,568506885130682369,negative,3347,train
3348,568506797805318144,positive,3348,test
3349,568506752607498241,negative,3349,train
3350,568505228062023680,negative,3350,train
3351,568503887113498625,neutral,3351,train
3352,568503322828783617,neutral,3352,train
3353,568503174413225984,negative,3353,train
3354,568503120130658305,negative,3354,train
3355,568503048961724417,negative,3355,validation
3356,568502210268692480,negative,3356,train
3357,568502194854612992,negative,3357,train
3358,568497542100586497,negative,3358,train
3359,568496673237929984,negative,3359,train
3360,568496575716175872,negative,3360,validation
3361,568495877003857920,negative,3361,train
3362,568494813655527424,negative,3362,train
3363,568494749247778816,negative,3363,train
3364,568493806414381058,negative,3364,train
3365,568493336698490880,negative,3365,train
3366,568493245191364609,neutral,3366,train
3367,568493225788510209,negative,3367,train
3368,568492898553102337,negative,3368,train
3369,568491094327078912,neutral,3369,train
3370,568490726419517441,negative,3370,test
3371,568489967808327682,negative,3371,train
3372,568487509958774784,negative,3372,test
3373,568486216464785408,neutral,3373,train
3374,568485707993497603,neutral,3374,train
3375,568484777336172546,negative,3375,train
3376,568484603658420224,negative,3376,test
3377,568484161356476416,negative,3377,validation
3378,568482353254928384,neutral,3378,test
3379,568481989776564224,negative,3379,train
3380,568481405681999872,neutral,3380,train
3381,568479942146707456,negative,3381,train
3382,568476370130628608,negative,3382,validation
3383,568475497275002880,negative,3383,train
3384,568475039680434176,negative,3384,test
3385,568474931207352320,positive,3385,train
3386,568474866753667072,negative,3386,train
3387,568473862083461121,neutral,3387,train
3388,568473140654788609,negative,3388,validation
3389,568471651114811393,negative,3389,train
3390,568471227418832896,neutral,3390,test
3391,568469807189790720,negative,3391,train
3392,568469582295379969,negative,3392,validation
3393,568468959663489025,positive,3393,train
3395,568468724048646145,negative,3395,test
3396,568468409471492096,positive,3396,train
3397,568468054306193408,positive,3397,test
3398,568466895554408448,neutral,3398,train
3399,568466673990307840,negative,3399,test
3400,568466370205237248,negative,3400,train
3401,568466243210108928,negative,3401,train
3402,568465710629826560,positive,3402,train
3403,568464076122279937,negative,3403,train
3404,568463707795095552,neutral,3404,train
3405,568463644503240704,neutral,3405,train
3406,568462632719491072,negative,3406,train
3407,568462402875863041,positive,3407,train
3408,568462177415372801,positive,3408,train
3409,568461830584029184,neutral,3409,train
3410,568460680367644672,negative,3410,train
3411,568460278662193152,negative,3411,train
3412,568460037737324545,neutral,3412,train
3413,568458999798108160,negative,3413,test
3414,568458813189197824,negative,3414,train
3415,568458701046050816,neutral,3415,test
3416,568457810066800640,negative,3416,train
3417,568457549973987328,negative,3417,train
3418,568457483301339136,negative,3418,validation
3419,568456895515607040,neutral,3419,train
3420,568456844429160448,neutral,3420,test
3421,568454694756069376,neutral,3421,train
3422,568454607040606208,negative,3422,train
3423,568454386617356291,negative,3423,train
3424,568450710553174016,neutral,3424,validation
3425,568450642085171200,negative,3425,test
3426,568450413365571584,neutral,3426,train
3427,568450262706167808,negative,3427,train
3428,568450237028798464,neutral,3428,validation
3429,568450017649778688,positive,3429,validation
3430,568449164951953408,positive,3430,validation
3431,568446906524950528,negative,3431,train
3432,568444328873467905,negative,3432,train
3433,568444042851323904,negative,3433,train
3434,568443923485437952,positive,3434,train
3435,568441968327573504,negative,3435,train
3436,568441679503495169,positive,3436,train
3437,568438982301917184,negative,3437,train
3438,568438724708544514,neutral,3438,train
3439,568438094652956673,negative,3439,train
3440,568437450927955969,positive,3440,train
3441,568437324587012096,negative,3441,train
3442,568437120966258688,neutral,3442,validation
3443,568435938264625152,neutral,3443,train
3444,568435290722975745,negative,3444,train
3445,568435244841500673,neutral,3445,train
3446,568434065067491328,negative,3446,train
3447,568433759919452160,positive,3447,validation
3448,568433610765815808,negative,3448,train
3449,568433493987844096,negative,3449,train
3450,568433431471886336,negative,3450,train
3451,568432918110064640,negative,3451,train
3452,568432782386466816,negative,3452,validation
3453,568431125502144512,negative,3453,train
3454,568431007654924288,negative,3454,train
3455,568429641699954688,neutral,3455,train
3456,568428971504889856,negative,3456,train
3457,568426849040261120,negative,3457,train
3458,568425564282998785,negative,3458,train
3459,568424596657078272,negative,3459,train
3460,568424482764931072,positive,3460,validation
3461,568424307031805952,negative,3461,validation
3462,568422817601097728,neutral,3462,train
3463,568422622922469376,neutral,3463,train
3464,568421732157161472,negative,3464,train
3465,568419711521841152,negative,3465,validation
3466,568418165853540352,negative,3466,train
3467,568417968230694912,neutral,3467,train
3468,568417151176060929,negative,3468,train
3469,568416493446270976,negative,3469,train
3470,568414872578465792,negative,3470,test
3471,568413096940666881,negative,3471,train
3472,568412555045179393,negative,3472,train
3473,568412546673352705,positive,3473,train
3474,568411566233804802,neutral,3474,train
3475,568411504497856512,negative,3475,train
3476,568408759019524097,negative,3476,train
3477,568408653562294272,positive,3477,train
3478,568406334787457024,neutral,3478,train
3479,568405095060099072,positive,3479,train
3480,568401790250700800,negative,3480,train
3481,568399913358221312,negative,3481,test
3482,568396209091702784,negative,3482,train
3483,568396205270691840,negative,3483,test
3484,568391639158226944,negative,3484,train
3485,568390014238916608,neutral,3485,train
3486,568388502431395840,negative,3486,train
3487,568385303267782656,neutral,3487,train
3488,568383474303959041,neutral,3488,test
3489,568382290352590848,negative,3489,train
3490,568381535063306241,negative,3490,train
3491,568380957012525057,negative,3491,train
3492,568380302114086912,negative,3492,train
3493,568380045431058432,negative,3493,validation
3495,568375354982842368,negative,3495,train
3496,568374502582816768,negative,3496,train
3497,568372335012679680,neutral,3497,train
3498,568371161484161025,negative,3498,test
3499,568370280415899648,negative,3499,train
3500,568366109461606400,negative,3500,train
3501,568364889280020481,negative,3501,train
3503,568360704652279809,neutral,3503,train
3504,568358096290111489,positive,3504,train
3505,568356641877446656,negative,3505,train
3506,568356065428918272,neutral,3506,train
3507,568355672225673216,positive,3507,test
3508,568355601144680448,neutral,3508,train
3509,568354331503828992,neutral,3509,train
3510,568353091407495168,negative,3510,validation
3511,568352803892150273,positive,3511,train
3512,568352692466278400,negative,3512,train
3513,568352500748849153,negative,3513,train
3514,568352134422511616,negative,3514,train
3515,568351842217947136,negative,3515,train
3516,568350913858965504,positive,3516,train
3517,568342540837105664,neutral,3517,test
3518,568337096177528832,neutral,3518,train
3519,568332024802447361,negative,3519,train
3520,568328533421867008,negative,3520,train
3521,568323479826771968,negative,3521,train
3522,568309328127655936,neutral,3522,validation
3523,568308793005617152,negative,3523,validation
3524,568308464985903104,negative,3524,validation
3525,568303933774532608,negative,3525,train
3526,568302985802956800,neutral,3526,train
3527,568298659537915904,negative,3527,train
3528,568298411163852800,negative,3528,train
3529,568295728272900096,negative,3529,train
3530,568291966909181952,neutral,3530,train
3531,568290894992039936,positive,3531,validation
3532,568288672627318784,negative,3532,train
3533,568287936820572160,negative,3533,train
3534,568286497796812800,negative,3534,train
3535,568283819477839872,negative,3535,train
3536,568282692845842432,negative,3536,train
3537,568282656590282754,negative,3537,test
3538,568281801480904704,neutral,3538,train
3539,568281631443841024,neutral,3539,train
3540,568281546999754752,neutral,3540,train
3541,568280611552681985,negative,3541,train
3542,568280527305715712,neutral,3542,train
3543,568279456780980226,negative,3543,train
3544,568278936561401856,negative,3544,train
3545,568278231973044225,positive,3545,test
3546,568276805972570112,negative,3546,validation
3547,568276144107200512,neutral,3547,train
3548,568275733736353792,neutral,3548,train
3549,568275380441726977,negative,3549,train
3550,568275123037286400,neutral,3550,test
3551,568274855814152192,neutral,3551,train
3552,568272841780682752,neutral,3552,validation
3553,568272715519561728,neutral,3553,train
3554,568272688273174528,negative,3554,train
3555,568272244792631296,negative,3555,train
3556,568271741207891968,negative,3556,train
3557,568271533782622209,negative,3557,train
3558,568270132956409857,positive,3558,train
3559,568269181394817024,negative,3559,train
3560,568268831228964864,negative,3560,train
3561,568267340405542914,neutral,3561,test
3562,568266890499346432,negative,3562,train
3563,568266347450273793,positive,3563,train
3564,568265475114663936,negative,3564,train
3566,568264293478744064,positive,3566,test
3567,568263079789608961,negative,3567,train
3568,568262694123339776,negative,3568,train
3569,568262481698803712,neutral,3569,test
3570,568261238444167170,negative,3570,train
3571,568261172610220033,negative,3571,train
3572,568260084230455296,negative,3572,train
3573,568259835474677760,negative,3573,train
3574,568259593773518848,neutral,3574,train
3575,568258906159501312,negative,3575,train
3576,568258846235316225,negative,3576,train
3577,568258545772335104,neutral,3577,train
3578,568257389402710016,neutral,3578,validation
3579,568256563829293056,negative,3579,train
3580,568255550070362113,negative,3580,train
3581,568254094739148800,negative,3581,train
3582,568252997886545920,negative,3582,train
3583,568252909231738880,negative,3583,train
3584,568252805036638209,negative,3584,train
3585,568252787756302336,negative,3585,train
3586,568250452057427970,negative,3586,train
3587,568250159689113600,negative,3587,train
3588,568250065845944321,neutral,3588,train
3589,568250000028925952,negative,3589,train
3590,568249421877653505,negative,3590,train
3591,568249367590768640,neutral,3591,test
3592,568249132323770368,negative,3592,test
3593,568248950450311169,negative,3593,train
3594,568248416418926594,negative,3594,train
3595,568248245563969536,positive,3595,train
3596,568248180057325568,neutral,3596,train
3597,568246093856641024,negative,3597,train
3598,568244663154393088,negative,3598,train
3599,568243964983308289,negative,3599,test
3600,568241367396192256,neutral,3600,test
3601,568240029413163008,neutral,3601,train
3602,568239444500865025,positive,3602,test
3603,568238725626355712,negative,3603,train
3605,568237684277141504,negative,3605,train
3606,568237654606680064,positive,3606,train
3607,568237611208318976,neutral,3607,test
3608,568236691397279745,negative,3608,train
3609,568236000390082560,neutral,3609,test
3610,568234955672694784,negative,3610,train
3611,568234670166568960,negative,3611,validation
3612,568234631465734144,negative,3612,train
3613,568233965800304640,positive,3613,train
3614,568233193738018817,negative,3614,validation
3615,568232723170484224,negative,3615,test
3616,568231742449922049,negative,3616,validation
3617,568231586585550848,positive,3617,train
3618,568231529823891456,positive,3618,train
3619,568230767714799616,neutral,3619,train
3620,568230620595417088,neutral,3620,test
3621,568229032652709888,neutral,3621,validation
3622,568228749696577536,positive,3622,train
3623,568228505160433665,negative,3623,train
3624,568228257037856768,negative,3624,train
3625,568228124263124992,positive,3625,train
3626,568226940139782144,negative,3626,train
3627,568226026209341441,neutral,3627,validation
3628,568225650760413184,neutral,3628,train
3629,568225310753353728,neutral,3629,test
3630,568224469480833024,negative,3630,validation
3631,568223557806915585,negative,3631,train
3632,568221167288344577,positive,3632,train
3633,568218887973703680,negative,3633,train
3634,568217863611404288,negative,3634,test
3635,568217304259010560,neutral,3635,train
3636,568217301243133952,neutral,3636,train
3637,568215213620637696,positive,3637,train
3638,568215154569166848,positive,3638,validation
3639,568215031608815617,positive,3639,test
3640,568215000306724864,neutral,3640,train
3641,568214796514004992,positive,3641,test
3642,568213785426726912,negative,3642,train
3643,568212521657737216,neutral,3643,train
3644,568210978447323136,neutral,3644,train
3645,568210563991363584,negative,3645,train
3646,568210483959836672,neutral,3646,train
3647,568207908057567232,neutral,3647,train
3648,568206570540163072,negative,3648,train
3649,568206538147364864,neutral,3649,train
3650,568206350804770816,negative,3650,train
3651,568206092599218176,neutral,3651,train
3652,568205117368836096,negative,3652,train
3653,568204808122974209,negative,3653,validation
3654,568204231271796736,positive,3654,train
3655,568204182676578304,negative,3655,train
3656,568204138091307008,negative,3656,train
3657,568204042964332544,positive,2962,train
3658,568203839242764288,positive,3658,validation
3659,568203785996263424,positive,3659,train
3660,568203369053077505,negative,3660,validation
3661,568202174917976064,negative,3661,validation
3662,568201465958772736,positive,3662,validation
3663,568200385849995264,negative,3663,train
3664,568199122903293952,positive,3664,validation
3665,568198349393768448,positive,3665,train
3666,568195829238005760,negative,3666,validation
3667,568195153464143872,neutral,3667,validation
3668,568194770524221440,negative,3668,validation
3669,568194744574214144,neutral,3669,test
3670,568193817943257088,negative,3670,train
3671,568192567348604928,negative,3671,train
3672,568192024026996736,neutral,3672,validation
3673,568191963838746624,neutral,3673,train
3674,568191654986792960,positive,3674,train
3675,568191336764948480,negative,3675,validation
3676,568190725319311360,negative,3676,test
3677,568190276990140417,neutral,3677,train
3678,568189949415170048,negative,3678,train
3679,568189520992198656,neutral,3679,train
3680,568189430202130432,negative,3680,train
3681,568189390444310528,neutral,3681,validation
3682,568188415524642816,negative,3682,train
3683,568188203397574656,positive,3683,train
3684,568187636449472513,negative,3684,train
3685,568186803930464256,positive,3685,validation
3686,568186573965172736,negative,3686,test
3687,568186071114252288,positive,3687,test
3688,568186047659507712,neutral,3688,test
3689,568185516971204608,positive,3689,train
3690,568185339245756416,negative,3690,train
3691,568185323668291584,negative,3691,train
3692,568184886051389440,negative,3692,test
3693,568184857538498560,negative,3693,train
3694,568184231819481088,negative,3694,train
3695,568183699658944512,negative,3695,validation
3696,568183509577125888,negative,3696,train
3697,568183502161743873,negative,3697,train
3698,568181167054196736,negative,3698,train
3699,568180799838801920,positive,3699,train
3700,568180768804978688,negative,3700,train
3701,568180525644398593,negative,3701,test
3702,568179591480811521,negative,3702,train
3703,568179117851578369,neutral,3703,train
3704,568178946585579520,negative,3704,train
3705,568178665189711872,negative,3705,train
3706,568178240101191681,negative,3706,train
3707,568177910101745666,negative,3707,test
3708,568177609281896449,negative,3708,validation
3709,568177521327509504,negative,3709,validation
3710,568177321724620800,negative,3710,train
3711,568176925845237760,neutral,3711,validation
3712,568176902801735680,negative,3712,validation
3713,568176862159110144,negative,3713,train
3714,568176078595985408,negative,3714,train
3715,568174139531513856,positive,3715,test
3716,568173937714028544,negative,3716,train
3717,568172170569887744,neutral,3717,test
3718,568170840174538752,negative,3718,train
3719,568170564289867776,negative,3719,validation
3720,568170405552205824,negative,3720,train
3721,568170198433460224,negative,3721,train
3722,568168661732724736,positive,3722,test
3723,568168460468895745,positive,3723,validation
3724,568167900919382017,negative,3724,validation
3725,568166403246850050,negative,3725,train
3726,568166195758829568,negative,3726,train
3727,568166099184783360,negative,3727,validation
3728,568166054624669696,negative,3728,train
3729,568166027726434304,positive,3729,validation
3730,568165907975053312,positive,3730,train
3731,568165349004316672,negative,3731,train
3732,568165339290169344,negative,3732,train
3733,568164374248067072,negative,3733,train
3734,568164165090709504,negative,3734,test
3735,568162409837400064,negative,3735,train
3736,568161901089132544,negative,3736,test
3737,568161023091478530,positive,3737,train
3738,568159685238329344,negative,3738,train
3739,568159364550406144,negative,3739,train
3740,568159085356384256,negative,3740,train
3741,568158670489387008,positive,3741,test
3742,568158656522539008,negative,3742,train
3743,568158459553714176,negative,3743,test
3744,568157757406183424,negative,3744,train
3745,568157451729526784,negative,3745,train
3746,568157049344937984,negative,3746,test
3747,568156641339805697,neutral,3747,train
3748,568155450824216578,negative,3748,train
3749,568155289146363904,negative,3749,train
3750,568154805362950146,negative,3750,train
3751,568153151636766721,negative,3751,train
3753,568149600403660800,positive,3753,train
3754,568149201466617856,negative,3754,train
3755,568148294087479296,negative,3755,train
3756,568148282762874881,negative,3756,train
3757,568148251569999873,negative,3757,test
3758,568148213418455041,positive,3758,train
3759,568148149610483712,negative,3759,train
3760,568147319155073024,negative,3760,test
3761,568144896852299776,negative,3761,train
3762,568144894964994048,negative,3762,train
3763,568144831496593408,negative,3763,test
3764,568144589162287105,negative,3764,validation
3765,568143658089717761,negative,3765,train
3766,568141442951942146,neutral,3766,train
3767,568141110217805824,negative,3767,validation
3768,568140850963881984,negative,3768,test
3769,568140595580919808,negative,3769,train
3770,568140506116571136,positive,3770,validation
3771,568138258108051457,neutral,3771,train
3772,568137238267047936,positive,3772,train
3773,568135523530899456,neutral,3773,test
3774,568134243177463815,negative,3774,test
3775,568134171761065984,negative,3775,train
3776,568133255410671617,neutral,3776,train
3777,568132619092795392,negative,3777,train
3778,568132185741500416,negative,3778,validation
3779,568129947752992768,negative,3779,train
3780,568129909408841728,negative,3780,train
3781,568129848910204929,negative,3781,train
3782,568129661227499524,negative,3782,train
3783,568129652625158147,negative,3783,train
3784,568128387576762370,negative,3784,train
3785,568127465224323072,neutral,3785,train
3786,568127152450871296,negative,3786,train
3787,568123356899250176,negative,3787,train
3788,568123268231602176,negative,3788,validation
3789,568123098546843648,negative,3789,validation
3790,568122371854307328,negative,3790,validation
3791,568122284474544128,neutral,3791,validation
3792,568121964444950529,positive,3792,test
3793,568118981170606080,negative,3793,train
3794,568118452965085184,positive,3794,train
3795,568117667879628800,negative,3795,train
3796,568116996761452544,negative,3796,train
3797,568116146899169280,negative,3797,validation
3798,568115946738597888,positive,3798,train
3799,568115588024963072,negative,3799,train
3800,568115014139162625,negative,3800,train
3801,568114394397147137,neutral,3801,train
3802,568112237765722113,negative,3802,train
3803,568111503812870144,negative,3803,train
3804,568110568097374208,neutral,3804,train
3805,568109963509415936,negative,3805,train
3806,568109878754934784,negative,3806,test
3807,568109598034554880,negative,3807,train
3808,568109592338518016,negative,3808,train
3809,568109565796958209,negative,3809,train
3810,568108909480824832,neutral,3810,validation
3811,568107551553794049,negative,3811,train
3812,568107363195973633,negative,3812,train
3813,568105932917481472,negative,3813,train
3814,568105220410105857,negative,3814,test
3815,568104397869350912,positive,3815,train
3816,568103618500530176,neutral,3816,train
3817,568101609894342656,negative,3817,train
3818,568101444391276544,negative,3818,train
3819,568101176551452673,negative,3819,train
3820,568100858954522625,negative,3820,train
3821,568100000418250752,negative,3821,validation
3822,568099620456423424,negative,3822,train
3823,568098115988918273,negative,3823,train
3824,568096772939067392,positive,3824,train
3825,568096711450566657,negative,3825,validation
3826,568095956866093057,neutral,3826,test
3827,568095662262358016,neutral,3827,train
3828,568094839063089153,negative,3828,train
3829,568094342302322688,positive,3829,test
3830,568094311159476224,negative,3830,train
3831,568093443823693824,negative,3831,test
3832,568092350355865600,negative,3832,train
3833,568092209368719360,negative,3833,validation
3834,568092044964421632,neutral,3834,train
3835,568091960709230592,negative,3835,test
3836,568090924141703169,neutral,3836,train
3837,568090851907207169,negative,3837,train
3838,568090000199270400,negative,3838,train
3839,568089179520954368,positive,3839,train
3840,568088967419023360,negative,3840,train
3841,568088470712950784,negative,3841,validation
3842,568087744078954497,negative,3842,train
3843,568087085120233473,negative,3843,train
3844,568086132346322945,negative,3844,validation
3845,568085949663584256,positive,3845,validation
3846,568085636592349184,negative,3846,train
3847,568084717481775104,negative,3847,train
3848,568084167390564353,negative,3848,train
3849,568082658741215235,negative,3849,train
3850,568081386520723456,negative,3850,train
3851,568081281910587392,negative,3851,train
3852,568080133195755520,negative,3852,validation
3853,568078967602860032,neutral,3853,train
3854,568078441364393985,negative,3854,test
3855,568077514905505792,negative,3855,test
3856,568077199162658816,neutral,3856,train
3857,568076556997775360,neutral,3857,train
3858,568072822955896832,neutral,3858,train
3859,568072136192966656,neutral,3859,train
3860,568071159285022720,neutral,3860,train
3861,568070338438963200,negative,3861,train
3862,568068509613178880,negative,3862,test
3863,568068468261519360,negative,3863,validation
3864,568068216972423169,negative,3864,train
3865,568067938843893761,negative,3865,validation
3866,568067622698291200,neutral,3866,train
3867,568067535599505408,negative,3867,train
3868,568067065388642304,positive,3868,train
3869,568064842466250752,negative,3869,train
3870,568064545568092160,positive,3870,train
3871,568063784318832640,negative,3871,train
3872,568062811856703489,negative,3872,train
3873,568062560198664192,neutral,3873,train
3874,568061931761864704,neutral,3874,validation
3875,568061117429231616,negative,3875,validation
3876,568059091848962048,negative,3876,validation
3877,568058934428372992,positive,3877,validation
3878,568057346607460354,neutral,3878,train
3879,568057226776219648,negative,3879,train
3880,568057046303576065,negative,3880,validation
3881,568056439291256832,neutral,3881,train
3882,568055509795901440,negative,3882,train
3883,568054377421901824,negative,3883,test
3884,568052677881565185,negative,3884,validation
3885,568049646062444544,negative,3885,train
3886,568049335235010562,positive,3886,train
3887,568048515932426241,negative,3887,train
3888,568047650945298432,negative,3888,train
3889,568047159746174976,negative,3889,validation
3890,568046603916996609,negative,3890,train
3891,568046298080923649,negative,3891,train
3892,568043126775943168,neutral,3892,train
3893,568042973688139777,negative,3893,test
3894,568039503602065408,negative,3894,train
3895,568037880859222016,positive,3895,test
3896,568037433503145984,negative,3896,train
3897,568036157482602497,negative,3897,train
3898,568036095088160768,negative,3898,train
3899,568035703768154112,neutral,3899,train
3900,568034650477580289,neutral,3900,validation
3901,568034530667274240,negative,3901,train
3902,568031932719566849,positive,3902,validation
3903,568030057769410560,negative,3903,train
3904,568023874970861568,negative,3904,train
3905,568020431036420096,negative,3905,train
3906,568017128286261248,negative,3906,train
3907,568011684067078144,negative,3907,train
3908,568005542997860352,neutral,3908,test
3909,567999609248858112,neutral,3909,train
3910,567997819560333313,neutral,3910,train
3911,567987484556013568,neutral,3911,train
3912,567987284613545984,negative,3912,train
3913,567985715017072640,negative,3913,train
3914,567985483135000576,negative,3914,train
3915,567985128422690816,negative,3915,train
3916,567984939221852160,negative,3916,validation
3917,567982195471736833,neutral,3917,train
3918,567969159927205888,negative,3918,validation
3919,567968123917242369,negative,3919,train
3920,567967937446834177,negative,3920,validation
3921,567967872263331840,neutral,3921,validation
3922,567967189237518337,negative,3922,train
3923,567966853068251136,negative,3923,train
3924,567963422903705601,neutral,3924,train
3925,567962289460137984,neutral,3925,train
3926,567960564023967745,positive,3926,validation
3927,567957027093245952,neutral,3927,train
3928,567953560362733568,negative,3928,train
3929,567952115588423681,negative,3929,train
3930,567951376480907264,negative,3930,train
3931,567950122245623808,negative,3931,test
3932,567949332395249664,negative,3932,test
3933,567947943593926657,negative,3933,train
3934,567946616792952832,negative,3934,test
3935,567946595481706496,neutral,3935,train
3936,567945572746792962,negative,3936,train
3937,567940050186604545,negative,3937,train
3938,567939727023673344,negative,3938,train
3939,567939242854215680,negative,3939,validation
3940,567938175634702336,negative,3940,validation
3941,567936625453318144,negative,3941,train
3942,567935142418780161,negative,3942,train
3943,567931026686767104,negative,3943,train
3944,567929586077425664,negative,3944,train
3945,567927725815496704,negative,3945,test
3946,567927596572360704,negative,3946,train
3947,567927503718731777,negative,3947,test
3948,567925054853496832,neutral,3948,train
3949,567924953976152064,negative,3949,train
3950,567924107183915009,positive,3950,train
3951,567922347669262336,negative,3951,train
3952,567921825948250112,negative,3952,test
3953,567921406807261184,negative,3953,test
3954,567920067364540416,negative,3954,test
3955,567919961055711232,neutral,3955,train
3956,567919558649995264,negative,3956,train
3957,567919391515348992,negative,3957,test
3958,567919301732098048,negative,3958,train
3959,567918545046081537,positive,3959,validation
3960,567916798747619328,negative,3960,validation
3961,567913659650805760,negative,3961,train
3962,567912190788771840,neutral,3962,validation
3963,567907430069329920,positive,3963,train
3964,567905267033055233,negative,3964,validation
3965,567902121992921088,negative,3965,train
3966,567901996763602945,negative,3966,train
3967,567901267063803904,neutral,3967,train
3968,567900686089719812,negative,3968,validation
3969,567900456460165120,negative,3969,validation
3970,567899010045988865,negative,3970,train
3971,567898499540340736,negative,3971,train
3972,567897640035160064,negative,3972,train
3973,567895584625020928,positive,3973,train
3974,567895319951835137,negative,3974,train
3975,567895211575111680,positive,3975,train
3976,567895077189627905,negative,3976,validation
3977,567894808439570433,negative,3977,train
3978,567894706325188608,negative,3978,train
3979,567894187900710912,neutral,3979,test
3980,567893924699770880,negative,3980,train
3981,567893808022568961,positive,3981,validation
3982,567893704058474496,neutral,3982,test
3983,567892395867656193,negative,3983,train
3984,567892179953262592,negative,3984,train
3985,567891481555382272,negative,3985,train
3986,567890765134852096,negative,3986,train
3987,567889601869668352,neutral,3987,train
3988,567887301021413376,negative,3988,train
3989,567886909516685312,negative,3989,train
3990,567886894761005056,negative,3990,train
3991,567886700275310592,negative,3991,train
3992,567886241179377664,negative,3992,train
3993,567886093749604353,negative,3993,train
3994,567886091975462912,negative,3994,train
3995,567885401714589696,negative,3995,train
3996,567884863031762945,positive,3996,train
3997,567884646270267392,negative,3997,train
3998,567883674462588929,positive,3998,validation
3999,567883485542658048,negative,3999,test
4000,567883246433878018,negative,4000,train
4001,567883234614210560,negative,4001,train
4002,567882603405008896,negative,4002,test
4003,567882458357714944,negative,4003,train
4004,567881459161260032,negative,4004,train
4005,567881305754595328,negative,4005,train
4006,567880317345771520,neutral,4006,train
4007,567877584341479424,negative,4007,validation
4008,567876794788872192,neutral,4008,validation
4009,567875594785923072,negative,4009,train
4010,567875130824658946,negative,4010,test
4011,567874134174101504,negative,4011,train
4012,567873519356284928,neutral,4012,train
4013,567873467401371648,positive,4013,train
4014,567872769049825280,negative,4014,validation
4015,567872614296862720,neutral,4015,test
4016,567872182136619008,negative,4016,train
4017,567872136745852928,neutral,4017,validation
4018,567871780188061696,negative,4018,train
4019,567871439585435648,negative,4019,test
4020,567870608152793088,negative,4020,train
4021,567869544049414145,neutral,4021,train
4022,567869009661665280,positive,4022,train
4023,567868808586620928,negative,4023,train
4024,567868544572063744,positive,4024,test
4025,567867311744380928,positive,4025,train
4026,567867168429182976,neutral,4026,train
4027,567864939349557248,neutral,4027,test
4028,567864117047865344,negative,4028,train
4029,567863121479536641,neutral,4029,validation
4030,567863082346627072,negative,4030,train
4031,567862940348579840,negative,4031,train
4032,567862586374529026,negative,4032,train
4033,567862454576787456,negative,4033,train
4034,567862181208805376,negative,4034,test
4035,567861975419457537,positive,4035,train
4036,567861727833894913,negative,4036,train
4037,567857491284877312,neutral,4037,test
4038,567856598762156032,neutral,4038,train
4039,567855926486667265,negative,4039,train
4040,567855470142197760,neutral,4040,train
4041,567854782678982656,positive,4041,train
4042,567853668608925696,negative,4042,train
4043,567853644420423680,negative,4043,train
4044,567853497435160577,negative,4044,train
4045,567853052943663104,negative,4045,train
4046,567852704980017152,negative,4046,train
4047,567852278893416448,neutral,4047,validation
4048,567851359178989568,negative,4048,train
4049,567851352249868288,negative,4049,train
4050,567850537716092928,positive,4050,validation
4051,567850015600685056,negative,4051,train
4052,567849597931888640,negative,4052,train
4053,567848852943953920,positive,4053,train
4054,567848544893169664,neutral,4054,test
4055,567848374113693697,negative,4055,validation
4056,567848201505476608,negative,4056,test
4057,567847753277120512,positive,4057,train
4058,567845953245413376,positive,4058,train
4059,567845500205936640,negative,4059,train
4060,567845492849287169,negative,4060,train
4061,567845165781532672,negative,4061,train
4062,567844852135645186,neutral,4062,train
4063,567844774994014208,negative,4063,train
4064,567844362601697280,positive,4064,validation
4065,567842806930239488,positive,4065,validation
4066,567842015418978304,negative,4066,train
4067,567841954484068353,negative,4067,test
4068,567841308452249600,negative,4068,validation
4069,567839160779730944,neutral,4069,train
4070,567838896731615234,neutral,4070,test
4071,567838799243309056,negative,4071,train
4072,567837709093347328,negative,4072,train
4073,567837314782765056,negative,4073,validation
4074,567835857929035776,negative,4074,test
4075,567834498655604736,negative,4075,validation
4076,567833916196843520,negative,4076,train
4077,567833666925121536,negative,4077,test
4078,567832640289579008,positive,4078,train
4079,567831549539966976,negative,4079,train
4080,567831351195484160,negative,4080,train
4081,567830916950822912,negative,4081,train
4082,567829834618904576,negative,4082,train
4083,567829543723102208,negative,4083,train
4084,567828973893259264,negative,4084,test
4085,567828700726620160,negative,4085,train
4086,567827860280324096,negative,4086,train
4087,567827498660159489,negative,4087,train
4088,567827442657677313,negative,4088,train
4089,567827275619549184,negative,4089,train
4090,567827039790571520,neutral,4090,train
4092,567826054522617858,negative,4092,train
4093,567825347439370240,negative,4093,train
4094,567824276414558208,negative,4094,train
4095,567824271234592769,negative,4095,train
4096,567824229296566272,negative,4096,train
4097,567823707160354816,negative,4097,train
4098,567823510245236739,negative,4098,test
4099,567822865844928512,negative,4099,train
4100,567822848878968832,negative,4100,train
4101,567822779501846528,negative,4101,train
4102,567822648047321088,negative,4102,test
4103,567822613608718336,negative,4103,train
4104,567822548545859587,negative,4104,train
4105,567822377473728513,negative,4105,train
4106,567822065471860736,negative,4106,test
4107,567821292797186048,negative,4107,train
4108,567821166775156736,negative,4108,validation
4109,567821133245067264,negative,4109,train
4110,567820210264137729,negative,4110,train
4111,567819066708226048,negative,4111,train
4112,567818953881419776,positive,4112,train
4114,567816475898310656,neutral,4114,train
4115,567816155369570304,negative,4115,train
4116,567816074898513920,negative,4116,validation
4117,567815174045868032,neutral,1589,train
4118,567814641918832640,neutral,4118,test
4119,567814633047728128,negative,4119,train
4120,567814334228774912,negative,4120,test
4121,567814121870348289,negative,4121,train
4122,567814094678675458,negative,4122,train
4123,567814001212809216,neutral,4123,train
4124,567813839539159040,negative,4124,train
4125,567813037454917632,neutral,4125,train
4126,567812841081688064,negative,4126,train
4127,567812349895245824,negative,4127,validation
4128,567812160253865984,negative,4128,train
4129,567811913586876417,negative,4129,test
4130,567811376686637056,negative,4130,test
4131,567811360404336641,neutral,4131,train
4132,567811306900975616,negative,4132,train
4133,567811268900556802,negative,4133,train
4134,567811236231954433,positive,4134,validation
4135,567810811491524608,negative,4135,train
4136,567810274083782657,neutral,4136,validation
4137,567809206314668033,positive,4137,train
4138,567808424696893440,neutral,4138,validation
4139,567808255566602240,neutral,4139,test
4140,567806898549051392,negative,4140,train
4141,567806788708626433,neutral,4141,train
4142,567806151191191553,negative,4142,train
4143,567805894885638144,neutral,4143,train
4144,567805339790475264,negative,4144,train
4145,567805230550634496,negative,4145,train
4146,567805176388788224,negative,4146,train
4147,567805001050890240,negative,4147,train
4148,567804951288901634,negative,4148,train
4149,567804663303798784,neutral,4149,train
4150,567804646157475840,neutral,4150,train
4151,567804488687345665,neutral,4151,validation
4152,567804350040416256,negative,4152,test
4153,567802900480585728,neutral,4153,train
4154,567802723127803905,neutral,4154,train
4155,567802662026014720,positive,4155,test
4156,567802653078728705,negative,4156,train
4157,567802111321444352,neutral,4157,validation
4158,567802015527755776,neutral,4158,train
4159,567801519207374849,positive,4159,train
4160,567801163581546496,negative,4160,test
4161,567800930683609088,negative,4161,train
4162,567800823674310658,negative,4162,train
4163,567799935173947392,negative,4163,train
4164,567798535262060544,positive,4164,train
4165,567798174946172928,negative,4165,train
4166,567797955202416641,neutral,4166,validation
4167,567797894431117312,negative,4167,train
4168,567797429517692928,negative,4168,train
4169,567797327071838208,positive,4169,test
4170,567796570197086208,positive,4170,test
4171,567796247672721409,neutral,4171,train
4172,567794720425144321,negative,4172,train
4173,567794573495250944,neutral,4173,train
4174,567794017593991169,negative,4174,validation
4175,567793696956231680,negative,4175,train
4176,567793494695157760,negative,4176,train
4177,567793423248547840,neutral,4177,train
4178,567793064221130752,negative,4178,train
4179,567792433687175168,negative,4179,train
4180,567791786145378304,negative,4180,test
4181,567791389011910656,negative,4181,train
4182,567791059393335297,neutral,4182,train
4183,567790995148783616,negative,4183,validation
4185,567790272265887744,neutral,4185,train
4186,567790177063608320,negative,4186,validation
4187,567789974717747200,negative,4187,validation
4188,567789435795861504,negative,4188,test
4189,567789433010016256,negative,4189,train
4190,567788982974619649,neutral,4190,validation
4191,567788423352950784,neutral,4191,train
4192,567788341538861056,negative,4192,train
4193,567787240399851520,negative,4193,train
4194,567786652991770629,negative,4194,validation
4195,567786475262345216,negative,4195,train
4196,567786224812060672,negative,4196,validation
4197,567786135904980993,negative,4197,validation
4198,567782895306412032,positive,4198,validation
4199,567782346833686528,negative,4199,train
4200,567781813326589952,positive,4200,train
4201,567781357355794432,negative,4201,train
4202,567780888700669952,negative,4202,train
4203,567780426601996288,positive,4203,test
4204,567778703959408641,negative,4204,train
4205,567778606546694144,negative,4205,test
4206,567778009013178368,negative,4206,train
4207,567775456678912000,negative,4207,train
4208,567775418612195328,positive,4208,train
4209,567775140319358976,neutral,4209,train
4210,567774437673603073,negative,4210,train
4211,567773706707021824,neutral,4211,train
4212,567773609939058688,negative,4212,train
4213,567772765756080128,negative,4213,test
4214,567771124235517952,negative,4214,test
4215,567770993159307264,positive,4215,train
4216,567770910107897856,negative,4216,train
4217,567769798831255552,negative,4217,test
4218,567768156111126528,negative,4218,validation
4219,567767997981671424,negative,4219,train
4220,567767810655670272,negative,4220,test
4221,567767744356294656,negative,4221,validation
4222,567767439493300224,negative,4222,validation
4223,567767341090361344,negative,4223,test
4224,567767251383808000,negative,4224,test
4225,567767199700758530,negative,4225,train
4226,567767009908109312,negative,4226,train
4227,567766554600038402,neutral,4227,train
4228,567766384378388480,negative,4228,train
4229,567766329352921088,negative,4229,validation
4230,567765716527771648,negative,4230,validation
4231,567765558393700352,negative,4231,train
4232,567765379653849091,negative,4232,validation
4233,567764411205439488,negative,4233,train
4234,567763529277923329,negative,4234,train
4235,567761865779195904,neutral,4235,train
4236,567761476338073600,negative,4236,train
4237,567761267826651139,negative,4237,train
4238,567761113631449089,negative,4238,test
4239,567760901869416448,negative,4239,train
4240,567760664752824321,negative,4240,train
4241,567760060080599040,positive,4241,train
4242,567758882484793344,negative,4242,train
4243,567758478371196928,negative,4243,train
4244,567756838529208320,positive,4244,validation
4245,567756837320392705,neutral,4245,validation
4246,567754288055988224,positive,4246,validation
4247,567754136255725568,negative,4247,train
4248,567752542491516928,negative,4248,train
4249,567752396097351681,negative,4249,train
4250,567750428595871745,neutral,4250,train
4251,567749045524131841,negative,4251,train
4252,567748973428219904,negative,4252,test
4253,567748863449395201,positive,4253,test
4254,567748565095968769,negative,4254,train
4255,567747764906635265,neutral,4255,train
4256,567747041976410112,negative,4256,train
4257,567746540903493632,negative,4257,train
4258,567746527704018944,positive,4258,validation
4259,567745362727686145,negative,4259,train
4260,567745233900044289,negative,4260,train
4261,567745016702181376,negative,4261,train
4262,567745009890623488,negative,4262,validation
4263,567744887664439298,negative,4263,test
4264,567744571124482048,neutral,4264,train
4265,567743132180033536,negative,4265,train
4266,567742857411166208,neutral,4266,test
4267,567742500366872576,negative,4267,train
4268,567742141334437888,neutral,4268,validation
4269,567741700597366784,neutral,4269,test
4270,567741692854276096,positive,4270,train
4271,567740187380170752,neutral,4271,train
4272,567739357881040896,negative,4272,test
4273,567739149818413056,negative,4273,train
4274,567738192426590209,neutral,4274,train
4275,567738031398866944,neutral,4275,train
4276,567736717352763394,negative,4276,validation
4277,567736507687895040,neutral,4277,test
4278,567735983370539008,negative,4278,train
4279,567735710392659968,neutral,4279,train
4280,567735204656066560,positive,4280,test
4281,567734795849834497,negative,4281,train
4282,567734731694157824,neutral,4282,train
4283,567734618095230976,negative,4283,train
4284,567734128011784192,negative,4284,train
4285,567733609130233856,positive,4285,train
4286,567733228690083841,positive,4286,test
4287,567733177590874114,positive,4287,train
4288,567732468657041408,negative,4288,test
4289,567732284959113216,negative,4289,train
4290,567731810910498816,negative,4290,train
4291,567731738924032000,negative,4291,test
4292,567731485894270977,negative,4292,train
4293,567730952260943873,neutral,4293,train
4294,567730472076464129,negative,4294,train
4295,567730299912482816,negative,4295,test
4296,567730143536226304,neutral,4296,train
4297,567729696662511616,positive,4297,train
4298,567729246198837248,neutral,4298,train
4299,567727599627943936,negative,4299,validation
4300,567727403964055552,negative,4300,train
4301,567726860638101504,negative,4301,train
4302,567725820056068096,negative,4302,train
4303,567725163077070848,negative,4303,validation
4304,567724189872697348,negative,4304,train
4305,567724091809878016,negative,4305,train
4306,567717552290136065,negative,4306,test
4307,567716403117957120,negative,4307,train
4308,567714192980201472,negative,4308,train
4309,567713896627470336,negative,4309,train
4310,567711860938772480,neutral,4310,test
4311,567703258425081857,negative,4311,test
4312,567701830805618688,positive,4312,train
4313,567686845903826947,neutral,4313,test
4314,567676400933416960,negative,4314,train
4315,567663136082513920,negative,4315,train
4316,567634106058821632,neutral,4316,train
4317,567630296783155203,negative,4317,validation
4318,567627253991735296,negative,4318,train
4319,567623209026334720,negative,4319,train
4320,567617486703853568,negative,4320,train
4321,567614049425555457,negative,4321,train
4322,567595670463205376,negative,4322,train
4323,567594579310825473,negative,4323,validation
4324,567592368451248130,negative,4324,train
4325,567591480085463040,negative,4325,validation
4326,570309156290367488,negative,4326,train
4327,570309145276125185,negative,4327,train
4328,570307615189835777,negative,4328,test
4329,570306086475075585,neutral,4329,validation
4330,570305647759265793,negative,4330,train
4331,570305078470557697,negative,4331,train
4332,570304445734629376,negative,4332,validation
4333,570304178314190848,negative,4333,train
4334,570303797605617665,negative,4334,train
4335,570303399276761088,positive,4335,validation
4336,570302532955844608,positive,4336,train
4337,570302460235026433,neutral,4337,train
4338,570302337069264900,negative,4338,validation
4339,570302030742470658,neutral,4339,validation
4340,570301794850639872,negative,4340,train
4341,570299642887442433,positive,4341,train
4342,570299331707854848,neutral,4342,train
4343,570298362907508738,neutral,4343,train
4344,570298155465609217,neutral,4344,train
4345,570296754832318465,neutral,4345,test
4346,570296670568751106,negative,4346,train
4347,570294002077061120,positive,4347,train
4348,570293661377961984,negative,4348,train
4349,570293557724110850,neutral,10,train
4350,570293527982301184,positive,4350,train
4351,570293142257311744,neutral,4351,train
4352,570293100326862849,positive,4352,test
4353,570292976603295744,negative,4353,train
4354,570292914686955520,neutral,4354,validation
4355,570291219919736832,neutral,4355,train
4356,570289521113366531,negative,4356,train
4357,570289080090689536,positive,4357,train
4358,570288961064710145,negative,4358,test
4359,570288841447366658,neutral,4359,train
4360,570288799860846592,negative,4360,test
4361,570288380384292864,positive,4361,train
4362,570287651137445888,negative,4362,train
4363,570287513874669568,negative,4363,train
4364,570287238145290240,neutral,4364,train
4365,570286359983886336,negative,4365,train
4366,570285979753443328,neutral,3681,validation
4367,570285465145876480,negative,4367,train
4368,570285012882472961,negative,4368,train
4369,570284725740285952,neutral,4369,train
4370,570284129138274304,positive,4370,test
4372,570283824040382464,positive,4372,train
4373,570283248301043712,negative,4373,validation
4374,570282347267895296,negative,4374,validation
4375,570282333892251648,positive,4375,train
4376,570281719074566145,neutral,4376,test
4377,570281275216367616,positive,4377,validation
4378,570280800244994048,positive,4378,train
4379,570280641503211520,negative,4379,validation
4380,570280553422950401,negative,4380,train
4381,570279812922789888,neutral,4381,validation
4383,570278679491670016,negative,4383,train
4384,570277221916647425,negative,4384,train
4385,570277008216870912,negative,4385,train
4386,570276440874323968,negative,4386,train
4387,570275218515726337,negative,4387,test
4388,570274815736549376,negative,4388,validation
4389,570274371685777409,negative,4389,train
4390,570274362936266752,neutral,4390,train
4391,570274049118625792,negative,4391,train
4392,570272778840104960,negative,4392,train
4393,570272714205863936,negative,4393,train
4394,570272387985514497,negative,4394,test
4395,570272186419847168,neutral,4395,train
4396,570272015598411776,neutral,4396,train
4397,570271730729689088,negative,4397,train
4398,570271704972464129,neutral,4398,validation
4399,570271248640401409,negative,4399,train
4400,570271138464419840,negative,4400,train
4401,570270848201797632,negative,4401,test
4403,570270216694968320,negative,4403,validation
4404,570270166166183936,neutral,4404,validation
4405,570268558451720193,negative,4405,train
4406,570268160202567680,negative,4406,train
4407,570267457841033216,positive,4407,validation
4408,570266640614498304,negative,4408,validation
4409,570266265971003394,negative,4409,train
4410,570265831822778368,negative,4410,validation
4411,570265804748550144,negative,4411,train
4412,570265563035004928,negative,4412,train
4413,570265397058002944,negative,4413,train
4414,570265280674459648,negative,4414,train
4415,570265133638942720,negative,4415,train
4416,570264856223330304,negative,4416,train
4417,570264793140953088,negative,4417,test
4418,570264481772777472,negative,4418,train
4419,570264474784894976,negative,4419,validation
4420,570264316743544832,negative,4420,train
4421,570264292169162752,neutral,4421,validation
4422,570263130141564929,neutral,4422,test
4423,570262460395098112,neutral,4423,test
4424,570261981569159169,neutral,4424,train
4425,570261977332731904,negative,4425,train
4426,570261514340474880,negative,4426,validation
4427,570261349172973569,neutral,4427,train
4428,570261289420898305,negative,4428,train
4429,570261225520689152,negative,4429,train
4430,570260387746029568,negative,4430,test
4431,570260325611630592,negative,4431,train
4432,570259423987404800,neutral,4432,train
4433,570257719334187008,neutral,4433,test
4434,570257631778107392,negative,4434,validation
4435,570257480401469441,negative,4435,test
4436,570257317859610624,negative,4436,train
4437,570256329543012352,positive,4437,test
4438,570256052966395906,negative,4438,train
4439,570255256589766656,positive,4439,test
4440,570253313368698883,negative,4440,test
4441,570253196213383168,negative,4441,train
4442,570252802611679232,neutral,4442,train
4443,570252528245456897,neutral,4443,train
4444,570252231624265729,negative,4444,train
4445,570250945281589248,negative,4445,test
4446,570250780252504064,negative,4446,train
4448,570250252382416896,neutral,4448,train
4449,570249864841285632,positive,4449,train
4450,570248600623521793,negative,4450,train
4451,570248044341374976,neutral,4451,train
4452,570248035369820162,negative,4452,train
4453,570246695595999232,positive,4453,train
4454,570246490473566208,negative,4454,train
4455,570245840612265985,positive,4455,train
4456,570245656972894208,neutral,4456,train
4457,570245513720647680,negative,4457,train
4458,570244762785210368,negative,4458,train
4459,570242641264320512,negative,4459,train
4460,570241403822813184,neutral,4460,train
4461,570238577683996672,positive,4461,train
4462,570237762063831040,positive,4462,train
4463,570236169310437376,neutral,4463,train
4464,570229420058918913,positive,4464,train
4465,570228904469725184,positive,4465,train
4466,570227814575804416,negative,4466,train
4467,570227698334720002,neutral,4467,train
4468,570226870119215104,negative,4468,train
4469,570224719011704832,negative,4469,train
4470,570224618272731136,negative,4470,test
4471,570222660300378112,neutral,4471,train
4472,570222625621831680,neutral,4472,train
4473,570221343985295360,negative,4473,train
4474,570220966284025857,negative,4474,validation
4475,570220817470115840,positive,4475,train
4476,570219228181041153,negative,4476,train
4477,570217918195220480,positive,4477,train
4478,570217425100148738,positive,4478,validation
4479,570215711416537088,negative,4479,train
4480,570215548589453313,neutral,4480,train
4481,570214968622239744,neutral,3681,validation
4482,570214946815868929,negative,4482,train
4483,570213389005414400,negative,4483,train
4484,570212491134930945,negative,4484,validation
4485,570211592559685632,neutral,4485,validation
4486,570211577087041536,negative,4486,train
4487,570210502955155456,negative,4487,validation
4488,570210411926016001,neutral,4488,train
4489,570209843199524864,positive,4489,train
4490,570208349339262976,negative,4490,train
4491,570207643874123777,negative,4491,train
4492,570206560439308289,neutral,4492,validation
4493,570205399619661824,positive,4493,train
4494,570205323992174592,negative,4494,test
4495,570205088595058688,negative,4495,train
4496,570204088908034049,negative,4496,train
4497,570203916643766273,negative,4497,train
4498,570203842542829568,negative,4498,train
4499,570200237622611968,positive,4499,train
4500,570199956704919552,negative,4500,train
4501,570198775203016704,negative,4501,train
4502,570197979820224512,negative,4502,train
4503,570195827341312000,negative,4503,train
4504,570195784358100993,neutral,4504,test
4505,570192105752039427,negative,4505,train
4506,570190092213465089,neutral,4506,train
4507,570187432815013888,positive,4507,train
4508,570183297759752192,neutral,4508,train
4509,570103012380667904,negative,4509,test
4510,570100409009770497,positive,4510,train
4511,570098324172206080,positive,4511,validation
4512,570097607478874112,negative,4512,train
4513,570091771675348992,negative,4513,train
4514,570089091276128258,neutral,4514,train
4515,570087941277495296,negative,4515,test
4516,570084122636365825,neutral,4516,validation
4517,570076476252356608,negative,4517,train
4518,570076113453518848,negative,4518,train
4519,570076090917650432,neutral,4519,train
4520,570073365265944576,positive,4520,train
4521,570070880983711744,negative,4521,train
4522,570070659130220544,positive,4522,train
4523,570068976778153984,positive,4523,train
4524,570066487056027650,neutral,4524,train
4525,570066283233972224,positive,4525,train
4526,570065297568194560,negative,4526,train
4527,570064381410734080,neutral,4527,train
4528,570062210640322560,negative,4528,validation
4529,570062116096331776,neutral,4529,train
4530,570061334898872321,positive,4530,train
4531,570059574268469248,negative,4531,validation
4532,570059381284302848,negative,4532,train
4533,570058699676520448,negative,4533,train
4534,570056874583654402,negative,4534,validation
4535,570054105789550592,positive,4535,train
4537,570053254836416512,positive,4537,test
4538,570052879643381760,positive,4538,train
4539,570051666386374657,neutral,4539,train
4540,570050691173101568,neutral,4540,train
4541,570050402294636544,negative,4541,train
4542,570049195446444033,neutral,4542,train
4543,570046710870728704,positive,4543,train
4544,570044516318748672,negative,4544,train
4545,570042186399657984,positive,4545,test
4546,570041591714455552,positive,4546,train
4547,570040162840907776,neutral,4547,test
4548,570035287679590400,neutral,4548,train
4549,570035207316885505,positive,4549,validation
4550,570034833633767424,positive,4550,train
4551,570034397153398784,neutral,4551,train
4552,570034301774884865,positive,4552,validation
4553,570032949992800256,negative,4553,train
4554,570032300265578496,neutral,4554,train
4555,570032108447494144,neutral,4555,train
4556,570031211336368128,positive,4556,train
4557,570027786053636096,negative,4557,train
4558,570024300905783296,positive,4558,validation
4559,570021128032407552,negative,4559,train
4560,570017987349995521,positive,4560,validation
4561,570017357747380224,negative,4561,train
4562,570014884651380736,negative,4562,validation
4563,570014685166219264,negative,4563,validation
4564,570014474993688576,negative,4564,train
4565,570013108070014976,negative,4565,train
4566,570012094570958850,positive,4566,train
4568,570010703391825920,negative,4568,train
4569,570009897846374400,negative,4569,validation
4570,570009576273154048,negative,4570,validation
4571,570009252426883072,neutral,4571,test
4572,570009135519035392,neutral,4572,validation
4573,570008817414639616,neutral,4573,train
4574,570008612426289153,neutral,4574,train
4575,570007457055055873,positive,4575,train
4576,570005561338503170,positive,4576,train
4577,570003111772692480,positive,4577,train
4578,570000618707746816,positive,4578,train
4579,569998842579566592,neutral,4579,validation
4580,569998122241232896,negative,4580,train
4581,569998043761803264,negative,4581,validation
4582,569996707443970048,negative,4582,train
4583,569996423074160640,positive,4583,test
4584,569995730951147523,negative,4584,train
4585,569995536545091584,neutral,4585,train
4586,569995514558550016,positive,4586,validation
4587,569995418370646016,negative,4587,train
4588,569995235608137728,neutral,4588,train
4589,569994437390020608,neutral,4589,validation
4590,569994045205803009,positive,4590,train
4591,569993437690245120,neutral,4591,train
4592,569993176636739584,neutral,4592,train
4593,569992825997279232,neutral,4593,train
4594,569990034444689408,neutral,4594,train
4595,569989812637167617,neutral,4595,train
4596,569989340052344832,negative,4596,train
4597,569989168903819264,positive,4597,train
4598,569989082719358976,negative,4598,train
4599,569989039874404352,negative,4599,train
4600,569989007532142592,positive,4600,train
4601,569988842335244289,positive,4601,train
4602,569987277734207488,positive,4602,train
4603,569986783024431105,negative,4603,train
4604,569984682873352192,positive,4604,train
4605,569984437720453121,negative,4605,test
4606,569983511609757696,neutral,4606,train
4607,569983469930967040,positive,4607,train
4608,569982023667838979,neutral,4608,validation
4610,569980827209207809,negative,4610,train
4611,569980269379358720,negative,4611,train
4612,569980137346707456,neutral,4612,test
4613,569978876861902848,negative,4613,train
4614,569978748780421121,positive,4614,train
4615,569978197284130817,neutral,4615,train
4616,569977907222880256,positive,4616,train
4617,569977857755234304,negative,4617,test
4618,569977819389800448,neutral,4618,train
4619,569977223198822400,negative,4619,train
4620,569977129728749568,neutral,4620,train
4621,569976622054395904,positive,4621,train
4622,569976246135697408,neutral,4622,train
4623,569976092359917568,positive,4623,test
4624,569976030603059200,positive,4624,train
4625,569975684476641280,negative,4625,train
4626,569975349750079488,neutral,4626,train
4627,569975155964772352,neutral,4627,train
4628,569975032127967232,neutral,4628,train
4629,569975026239164416,positive,4629,train
4630,569974833418600449,negative,4630,test
4631,569974710915571712,positive,4631,train
4632,569974656653877248,neutral,4632,train
4633,569971949440524288,positive,4633,validation
4634,569971775011999744,neutral,4634,train
4635,569971526876962819,neutral,4635,train
4636,569971070394101763,neutral,4636,train
4637,569970865607090176,negative,4637,train
4638,569970729237782528,neutral,4638,train
4639,569970324810240000,positive,4639,train
4640,569969877286461440,positive,4640,train
4641,569969833254764544,negative,4641,train
4642,569968411561701378,neutral,4642,train
4643,569967938607972352,neutral,1005,train
4644,569965376186019840,neutral,4644,train
4645,569964332026634241,positive,4645,train
4646,569963097055604736,negative,4646,validation
4647,569961977231106048,neutral,4647,test
4648,569961503308189696,positive,4648,train
4649,569960248548593665,negative,4649,train
4651,569957516748066817,positive,4651,train
4652,569957187138797569,negative,4652,validation
4653,569957081811283968,negative,4653,validation
4654,569956726318850048,negative,4654,train
4655,569956624036540416,negative,4655,validation
4656,569956564993310720,positive,4656,train
4657,569956528507236352,negative,4657,train
4658,569954583209881600,negative,4658,train
4659,569954475433201665,negative,4659,validation
4660,569953874435567616,neutral,4660,train
4661,569953672861388800,negative,4661,train
4662,569952317556043776,positive,4662,train
4663,569952285024915456,negative,4663,train
4664,569952282277773312,negative,4664,test
4665,569951879825907713,positive,4662,train
4666,569951253666656257,positive,4666,train
4667,569950945389518848,positive,4667,test
4668,569950112631296002,positive,4668,validation
4669,569947823615012864,neutral,4669,validation
4670,569946428547551233,negative,4670,train
4671,569946219826548736,neutral,4671,train
4672,569944997308407808,negative,4672,test
4673,569944956132990976,positive,4673,train
4674,569944061848760320,neutral,4674,validation
4675,569943647103406080,negative,4675,train
4676,569943306613886976,positive,4676,train
4677,569942616617447424,negative,4677,validation
4678,569942482668167168,negative,4678,train
4679,569941609225293824,positive,4679,validation
4680,569941247546286080,negative,4680,train
4681,569940430365847554,negative,4681,train
4682,569938799397990401,negative,4682,validation
4683,569937700993818625,negative,4683,validation
4684,569937119411462144,negative,4684,train
4685,569935609940316160,positive,4685,test
4686,569935276346351616,negative,4686,test
4687,569933882662916096,neutral,4687,train
4688,569932197735604224,positive,4688,train
4689,569931705022164992,negative,4689,test
4690,569930801577644034,negative,4690,train
4691,569929973156327424,negative,4691,train
4692,569927965007417344,positive,4692,train
4693,569927739802652672,negative,4693,train
4694,569925645204987904,neutral,4694,train
4695,569924965446725632,positive,4695,train
4696,569924679206457344,neutral,4696,test
4697,569924393976987649,negative,4697,test
4698,569924243946737664,negative,4698,train
4699,569922915472244736,neutral,4699,validation
4700,569922730008518656,positive,4700,train
4701,569922657937956864,negative,4701,train
4702,569921747195076608,neutral,4702,train
4703,569919280361414656,negative,4703,train
4704,569918484726964224,negative,4704,train
4705,569915419018067968,negative,4705,train
4706,569914957552353280,negative,4706,validation
4707,569912094272782337,positive,4707,test
4708,569911555967442944,negative,4708,train
4709,569910583694196736,positive,4709,train
4710,569910383047254016,positive,4710,train
4711,569909718765842432,negative,4711,train
4712,569906668743426048,negative,4712,train
4713,569906317629874176,neutral,4713,train
4714,569905567960952832,negative,4714,test
4715,569904613069103104,negative,4715,test
4716,569904370361483264,negative,4716,train
4717,569903377598914562,positive,4717,validation
4718,569903253183455233,negative,4718,train
4719,569901998780198912,negative,4719,train
4720,569901925358968832,negative,4720,train
4721,569901802994454528,negative,4721,train
4722,569900699988860928,positive,4722,train
4723,569900147343265792,positive,4723,train
4724,569899502355681280,negative,4724,train
4725,569898033128693760,neutral,4725,train
4726,569897334760448000,neutral,4726,train
4727,569895344458170368,negative,4727,train
4728,569895187746418688,positive,4728,train
4729,569894088209596416,positive,4729,validation
4730,569893988846546945,neutral,4730,train
4731,569893924942299136,neutral,4731,train
4732,569892876642955264,neutral,4732,train
4733,569891377351233536,neutral,4733,train
4734,569891267666006016,neutral,4734,validation
4735,569890333456117760,neutral,4735,test
4736,569890211301191680,neutral,4736,train
4737,569890103989903360,neutral,4737,train
4738,569889885651234816,negative,4738,train
4739,569888280793063424,neutral,4739,train
4740,569887819297992704,negative,4740,train
4741,569887230019284993,positive,4741,test
4742,569885759513034752,negative,4742,test
4743,569884616649269248,negative,4743,test
4744,569883152493240320,negative,4744,train
4745,569882596798132225,neutral,4745,train
4746,569881035682521088,neutral,4746,train
4747,569880788612866048,negative,4747,train
4748,569878685723049985,neutral,4748,train
4749,569877658286186496,neutral,4749,train
4750,569875667245871104,neutral,4750,test
4751,569875532600385536,negative,4751,train
4752,569875430951542784,negative,4752,validation
4753,569875093360238592,negative,4753,train
4754,569874524922978304,neutral,4754,validation
4755,569872444590129152,negative,4755,train
4756,569872363170373632,negative,4756,train
4757,569869220680470529,neutral,4757,train
4758,569868010665611265,negative,4758,train
4759,569866847690100736,negative,4759,train
4760,569865838892691456,negative,4760,test
4761,569865675793170432,negative,4761,train
4762,569865352986951680,neutral,4762,validation
4763,569864693998690304,positive,4763,train
4764,569862767236255744,negative,4764,train
4765,569857504768757760,negative,4765,train
4766,569857396899606528,neutral,4766,train
4767,569855773951561728,neutral,628,train
4768,569855106583281664,negative,4768,train
4769,569851178982338563,negative,4769,test
4770,569846771301654528,negative,4770,train
4771,569845106888585216,neutral,4771,train
4772,569843082994315264,positive,4772,validation
4773,569842095483199488,negative,4773,test
4775,569837786930540545,negative,4775,train
4776,569834388919328768,positive,4776,train
4777,569832563403051008,positive,4777,train
4778,569817937131016192,neutral,4778,train
4779,569813808987787264,negative,4779,train
4780,569813138910130176,neutral,4780,test
4781,569795913788428288,negative,4781,train
4782,569791667827388416,neutral,4782,validation
4783,569779173461336065,negative,4783,train
4784,569769288174870528,neutral,4784,train
4785,569767473525862400,neutral,4785,train
4786,569766956062134272,positive,4786,train
4787,569757790626906112,positive,4787,train
4788,569752691460706304,positive,4788,test
4789,569748667793588224,negative,4789,train
4790,569735142564102145,positive,4790,train
4791,569734069988286464,negative,4791,test
4792,569733311595020288,neutral,4792,train
4793,569731970562961408,negative,4793,test
4794,569731104070115329,positive,1411,train
4795,569728621344104448,neutral,4795,train
4796,569728483384930304,negative,4796,test
4797,569727036627034112,neutral,4797,validation
4798,569726038932111360,negative,4798,train
4799,569720247948861440,negative,4799,train
4800,569716065741045760,negative,4800,train
4801,569715248720007169,negative,4801,train
4802,569714755838935040,negative,4802,train
4803,569714651489050624,negative,4803,test
4804,569713993532600321,positive,4804,train
4805,569713556935077888,negative,4805,train
4806,569710964712411136,positive,4806,train
4807,569709058636320768,negative,4807,train
4808,569708173831094272,negative,4808,train
4809,569706320212787200,negative,4809,validation
4810,569704587315138560,positive,4810,test
4811,569704454376660992,negative,4811,test
4812,569703794453295104,negative,4812,test
4813,569703041957564416,negative,4813,train
4814,569702019797286913,positive,4814,train
4815,569701794714128384,negative,4815,train
4816,569701285588541441,negative,4816,train
4817,569701004188508161,neutral,4817,train
4818,569700277244141568,positive,4818,train
4819,569698892528222208,negative,4819,validation
4820,569698840149950464,neutral,4820,train
4821,569698589653344256,neutral,4821,test
4822,569698044175757312,positive,4822,test
4823,569697662494121984,negative,4823,train
4824,569697456536965121,positive,4824,validation
4825,569697236982104065,neutral,4825,train
4826,569695695868817410,negative,4826,train
4827,569694343776194560,positive,4827,train
4828,569693012885770240,neutral,4828,train
4829,569692110619877376,negative,4829,train
4830,569691767953436674,negative,4830,train
4831,569691144897953793,negative,4831,validation
4832,569690786180132865,neutral,4832,test
4833,569689297084919808,negative,4833,validation
4835,569688749208178688,negative,4835,train
4836,569688256247427072,negative,4836,test
4837,569687888771706880,neutral,4837,train
4838,569687540644642817,neutral,4838,train
4839,569686814136467456,neutral,4839,validation
4840,569685957437362176,negative,4840,train
4841,569685746723848193,neutral,4841,train
4842,569685259412836354,negative,4842,test
4843,569684982366666752,negative,4843,validation
4844,569684626949718017,negative,4844,train
4845,569684137755459584,neutral,4845,train
4846,569683780593545218,negative,4846,train
4847,569683748901367808,positive,4847,train
4848,569683741779599361,negative,4848,train
4849,569683334311366656,negative,4849,test
4850,569683240828723201,negative,4850,train
4851,569682747712770048,negative,4851,train
4852,569682422981218304,positive,4852,train
4853,569682325778231297,negative,4853,train
4854,569681392369590272,neutral,4854,validation
4855,569681184898162689,negative,4855,train
4856,569679850773958657,neutral,4856,test
4857,569678813602418688,neutral,4857,train
4858,569678562136956928,neutral,4858,train
4859,569676404893163520,positive,4859,test
4860,569676204728389632,positive,4860,train
4861,569675861160386560,negative,4861,train
4862,569675668524441600,neutral,4862,test
4864,569674930842775552,positive,4864,validation
4865,569674873787658240,neutral,4865,test
4866,569673473607344128,negative,4866,validation
4867,569672501753724928,positive,4867,train
4868,569672095753502720,negative,4444,train
4869,569672091550658560,negative,4869,train
4870,569672055471210496,neutral,4870,train
4871,569671908251213824,neutral,4871,train
4872,569671596744380416,positive,4872,train
4873,569671454419079169,negative,4873,train
4874,569671200978436096,negative,4874,train
4875,569670962825846785,positive,4875,train
4876,569670904852172800,positive,4876,test
4877,569670671695011840,neutral,4877,train
4878,569670402223562752,positive,4878,train
4879,569670081946333184,negative,4879,train
4880,569669872050765824,neutral,4880,train
4881,569669629951549440,neutral,4881,train
4882,569668913916567552,negative,4882,test
4883,569668883147137024,neutral,4883,train
4885,569668792265019392,positive,4885,validation
4886,569668677731274752,positive,4886,train
4887,569668606142783488,positive,4887,train
4888,569668198389436416,neutral,4888,train
4889,569668015047839744,positive,4889,train
4890,569667923326971904,negative,4890,validation
4891,569667805643034624,positive,4891,test
4892,569667787829809152,positive,4892,train
4893,569667638651170816,neutral,4893,train
4894,569667602148151296,neutral,4894,train
4895,569667401769459712,neutral,4895,train
4896,569667324879511552,positive,4896,train
4897,569667313609404416,negative,4897,train
4898,569667246026416130,positive,4898,test
4899,569667238808068098,positive,4899,validation
4900,569667173544812546,neutral,4900,train
4901,569667075280498688,positive,4901,train
4902,569667019693359104,neutral,4902,train
4904,569666708278878208,neutral,4904,train
4905,569666606424420352,positive,4892,train
4906,569666513352806400,positive,4906,train
4907,569666470482804737,negative,4907,train
4908,569665019899572226,neutral,4908,validation
4909,569660864653099009,negative,4909,train
4910,569660698231308290,neutral,4910,train
4911,569658322732756992,neutral,4911,train
4912,569657389722550272,negative,4912,train
4913,569655614432915456,negative,4913,train
4914,569652584761462784,negative,4914,test
4915,569651470615887872,negative,4915,train
4916,569650294746820609,negative,4916,test
4917,569649779090833408,negative,4917,train
4918,569649617802891264,negative,4918,test
4919,569649277888106496,neutral,4919,validation
4920,569648240150204416,negative,4920,test
4921,569646857632096256,neutral,4921,train
4922,569644697309872128,positive,4922,test
4923,569644492040613888,positive,4923,train
4925,569644414395486209,neutral,4925,train
4926,569644350906310657,negative,4926,train
4927,569644310045417472,positive,4927,validation
4928,569644213224148993,positive,4928,validation
4929,569640446999203842,neutral,4929,train
4930,569639587842281473,negative,4930,test
4931,569638751598563328,negative,4931,train
4932,569638417505497088,negative,4932,test
4933,569638063825154049,positive,4933,test
4934,569635513138860032,neutral,4934,train
4935,569635428237778944,neutral,4935,train
4936,569630183747153920,negative,4936,train
4937,569628970267705344,negative,4937,train
4939,569626389944659970,negative,4939,train
4940,569626122578726913,positive,4940,train
4941,569624788244828160,negative,4941,train
4942,569622053214507008,negative,4942,validation
4944,569619751124795392,negative,4944,train
4945,569619309401546752,neutral,4945,train
4946,569617202984255490,positive,4946,train
4947,569615736387325952,negative,4947,train
4948,569615206625599488,negative,4948,train
4949,569614436660432896,negative,4949,validation
4950,569613284455948289,negative,4950,train
4951,569613113718218752,negative,4951,test
4952,569612549458522113,negative,4952,train
4953,569612143873490944,neutral,4953,validation
4954,569611549960044544,negative,4954,train
4956,569607647051317249,neutral,4956,test
4957,569607114462793730,neutral,4957,train
4958,569606089316167680,positive,4958,test
4959,569604665240895488,negative,4959,train
4960,569604198033170432,negative,4960,train
4962,569603326947364864,negative,4962,validation
4963,569602278988120064,negative,4963,train
4964,569601658491002880,positive,4964,train
4965,569598614235942912,negative,4965,train
4966,569598588378087426,negative,4966,train
4967,569598511483789312,neutral,4967,train
4968,569596778426855426,positive,4968,train
4969,569596469105299456,neutral,4969,train
4970,569591945816772608,negative,4970,validation
4971,569590208095768576,neutral,4971,train
4972,569589955837628416,neutral,4972,train
4973,569589454194790400,positive,4973,train
4974,569589379385008129,positive,4974,train
4975,569589079710380032,negative,4975,train
4976,569588375037960192,negative,4976,train
4977,569588348593025024,negative,4977,test
4978,569587157574135808,negative,4978,train
4979,569586743831191552,positive,4979,validation
4980,569586235259404288,positive,4980,train
4981,569586098772578304,negative,4981,train
4982,569585343084650496,positive,4982,train
4983,569584744532287490,negative,4983,train
4984,569584431544971264,neutral,4984,test
4985,569577548318777345,negative,4985,test
4986,569576624158437376,negative,4986,train
4987,569576038289711104,positive,4987,validation
4988,569571448412438528,positive,4988,validation
4989,569571437389881344,negative,4989,validation
4990,569568079761403904,neutral,4990,train
4991,569567144318365696,negative,4991,train
4992,569567028136296450,neutral,4992,train
4993,569566673235271680,negative,4993,train
4994,569565359524716544,negative,4994,validation
4995,569562867281690625,neutral,4995,validation
4996,569561754163769344,negative,4996,train
4997,569558600353390592,positive,4997,train
4998,569557305961750528,neutral,4998,train
4999,569556215375613952,negative,4999,train
5000,569555719885885441,negative,5000,train
5001,569555395339018241,negative,5001,test
5002,569555199062224897,negative,5002,train
5003,569554826616381440,negative,5003,train
5004,569554065606074368,neutral,5004,train
5005,569552971362639873,negative,5005,train
5006,569552378812194816,neutral,5006,validation
5007,569551863260913664,negative,5007,train
5008,569550487474712576,neutral,5008,train
5009,569549686857736193,negative,5009,train
5010,569548841361412096,neutral,5010,validation
5011,569546319666110464,neutral,5011,train
5012,569545575688830978,positive,5012,train
5013,569543955622338560,negative,5013,train
5014,569542114234671104,positive,5014,train
5015,569541106112827393,neutral,5015,train
5016,569538524321419265,positive,5016,validation
5017,569534939642925058,neutral,5017,train
5018,569531018643955712,neutral,5018,test
5019,569528523418775552,negative,5019,train
5020,569527176350969856,negative,5020,train
5021,569526101669769217,negative,5021,train
5022,569524284873424896,positive,5022,validation
5023,569522923029041153,positive,5023,validation
5024,569522307657388032,neutral,5024,train
5025,569521838625312769,negative,5025,train
5026,569520929128251392,positive,5026,test
5027,569518412550033408,neutral,5027,train
5028,569517721764786176,neutral,5028,train
5029,569516377524076544,negative,5029,train
5030,569515731022454784,negative,5030,train
5031,569514047554453504,positive,5031,validation
5032,569510774957170690,negative,5032,train
5033,569508707178057728,positive,5033,train
5034,569508595181731841,neutral,5034,train
5035,569508406551322624,negative,5035,test
5036,569507649940799489,negative,5036,train
5037,569506823818117121,negative,5037,train
5038,569506563628642304,negative,5038,validation
5039,569504763957653504,negative,5039,train
5040,569503512968572928,neutral,5040,train
5041,569502963317649408,neutral,5041,train
5042,569502753694691328,negative,5042,train
5043,569502188562546688,negative,5043,test
5044,569499788934291456,negative,5044,train
5045,569496793668591617,negative,1977,train
5046,569495653526724608,neutral,5046,validation
5047,569495331399995392,neutral,5047,train
5048,569494878968811520,neutral,5048,train
5049,569493077368422400,negative,5049,train
5050,569491425110466560,negative,5050,validation
5051,569491061543796737,positive,5051,train
5052,569489752732274688,neutral,5052,train
5053,569488587135295488,positive,5053,train
5054,569487788753555456,positive,5054,train
5055,569487121897033728,neutral,5055,train
5056,569485882941509632,neutral,5056,train
5057,569483821080453121,negative,5057,train
5058,569483642931691520,negative,5058,train
5059,569482685061554176,positive,5059,train
5060,569482497496473600,negative,5060,train
5061,569453233044885504,negative,5061,train
5062,569451572792406016,positive,5062,train
5063,569408185125052416,negative,5063,test
5064,569397984519016448,negative,5064,train
5065,569393239700013056,neutral,5065,validation
5066,569384007550394369,negative,5066,train
5067,569377543687700480,negative,5067,test
5068,569374522157207552,negative,5068,test
5069,569374298168791040,positive,5069,train
5070,569373258010660864,negative,5070,validation
5071,569372947720179714,negative,5071,train
5072,569372333267394560,negative,5072,train
5073,569369185559699456,negative,5073,validation
5074,569366218429337600,neutral,5074,train
5075,569365709500710912,negative,5075,train
5076,569364328857640961,negative,5076,train
5077,569362928710914049,neutral,5077,train
5078,569361107745263617,negative,5078,train
5079,569360777926217728,negative,5079,train
5080,569359647699812353,positive,5080,train
5081,569358701317869571,negative,5081,train
5082,569358646892748801,negative,5082,train
5083,569358476402499584,negative,5083,train
5084,569358458404802561,positive,5084,train
5085,569358195862462464,negative,5085,train
5086,569357168765501440,negative,5086,train
5087,569357127040540673,negative,5087,validation
5088,569356085359996929,negative,5088,train
5089,569355826248474624,negative,5089,train
5090,569355332113309696,negative,5090,validation
5091,569355179717369857,negative,5091,test
5092,569351618522705920,positive,5092,test
5093,569350730034728960,negative,5093,train
5094,569348678911021056,negative,5094,train
5095,569347934866636800,neutral,5095,test
5096,569347549858934784,positive,5096,train
5097,569347252550017026,negative,5097,validation
5098,569347125575725057,negative,5098,validation
5099,569347122992185344,positive,5099,train
5100,569346451526041600,positive,5100,train
5101,569345829653254145,negative,5101,test
5102,569344036256903168,negative,5102,validation
5103,569343579899822081,neutral,5103,train
5104,569342909205647360,negative,5104,train
5105,569342650068934657,negative,5105,train
5106,569342608813793280,negative,5106,train
5107,569341791482220545,positive,5107,validation
5108,569340341956038657,negative,5108,train
5109,569338800452669440,negative,5109,train
5110,569337520573390849,negative,5110,validation
5111,569336975750094848,negative,5111,train
5112,569336871853170688,negative,5112,validation
5113,569336246474022912,neutral,5113,train
5114,569335624056090624,negative,5114,train
5115,569334635227820032,negative,5115,validation
5116,569334621252526080,negative,5116,test
5117,569333637382053889,negative,5117,test
5118,569333553705693184,negative,5118,train
5119,569332773326090240,negative,5119,train
5120,569332471193595904,negative,5120,train
5121,569332442194178049,negative,5121,train
5122,569332152065593345,positive,5122,train
5123,569330414193483776,positive,5123,train
5124,569329014826864640,negative,5124,train
5125,569324719993827329,negative,5125,train
5126,569324035835711489,positive,5126,validation
5127,569323555365752833,negative,5127,train
5128,569321988591906818,negative,5128,train
5129,569320844503228416,negative,5129,test
5130,569318991224803328,neutral,5130,train
5131,569318905476476928,neutral,5131,train
5132,569318043702177793,negative,5132,train
5133,569317747101982720,negative,5133,train
5134,569316487447621632,positive,5134,test
5135,569316220551372800,negative,5135,train
5136,569314535103983617,negative,5136,validation
5137,569313760864632832,neutral,5137,train
5138,569313734566547456,neutral,5138,train
5139,569312734896136193,positive,5139,validation
5140,569312688272052224,positive,5140,test
5141,569311935835062272,neutral,5141,train
5142,569311644934807552,negative,5142,train
5143,569311482950897665,negative,5143,train
5144,569310885191286784,negative,5144,train
5145,569310448300003328,negative,5145,train
5146,569309777567875075,positive,5146,train
5147,569308881438052352,negative,5147,train
5148,569308552671707136,negative,5148,train
5149,569306524155310080,positive,5149,train
5150,569305311007399936,negative,5150,validation
5151,569304845091524608,neutral,5151,train
5152,569304533140185088,negative,5152,train
5153,569302780013355008,negative,5153,train
5154,569301668904329216,negative,5154,train
5155,569301386262745089,neutral,5155,train
5156,569301244948324353,positive,5156,train
5157,569296792426295297,negative,5157,test
5158,569296707982221312,positive,5158,validation
5159,569293537864499200,negative,5159,train
5160,569293499968950272,negative,5160,train
5161,569292859909672960,positive,5161,validation
5162,569292280000962561,negative,5162,train
5163,569292068981510144,negative,5163,train
5164,569291509305970688,negative,5164,train
5165,569288530419175424,negative,5165,train
5166,569288268530917376,negative,5166,validation
5167,569288008144330752,negative,5167,validation
5168,569286897404669953,negative,5168,validation
5169,569285269981167616,negative,5169,train
5170,569285184605986816,negative,5170,train
5171,569282844155125761,negative,5171,validation
5172,569282410170314753,negative,5172,test
5173,569282355904548864,negative,5173,test
5174,569279532261203968,neutral,2292,train
5175,569277813280415744,negative,5175,train
5176,569277512892551168,positive,5176,train
5177,569276864260255745,negative,5177,validation
5178,569276734798893056,positive,5178,train
5179,569276042491211777,negative,5179,validation
5180,569275249725870080,negative,5180,train
5181,569274600196075520,negative,5181,train
5182,569273769652576256,negative,5182,train
5183,569273733334077440,negative,5183,train
5184,569273409252827137,negative,5184,train
5185,569273375954243584,negative,5185,test
5186,569273230579478529,positive,5186,test
5187,569271529386745856,negative,5187,train
5188,569269761240010752,neutral,5188,train
5189,569268243854192640,negative,5189,validation
5190,569267194028298241,negative,5190,test
5191,569266206596734976,positive,5191,train
5192,569264328186179584,negative,5192,train
5193,569264118219214848,negative,5193,train
5194,569263177784905729,positive,5194,train
5195,569262517333196800,negative,5195,train
5196,569262088008417280,negative,5196,train
5197,569262065988308993,neutral,5197,train
5198,569261068050141184,negative,5198,train
5199,569261053927919616,negative,5199,train
5200,569260462606569473,neutral,5200,test
5201,569260280687005697,negative,5201,validation
5202,569259858882662401,negative,5202,train
5203,569259645019275264,negative,5203,train
5204,569259613041897473,negative,5204,train
5205,569259515398504449,negative,5205,train
5206,569259404589191168,negative,5206,train
5207,569259333197930498,negative,5207,train
5208,569259238989688833,negative,5208,train
5209,569259056017178624,negative,5209,train
5210,569258359670644736,negative,5210,train
5211,569258009320419330,negative,5211,train
5212,569257918815539200,negative,5212,train
5213,569257626715889664,positive,5213,train
5214,569256107186782209,neutral,5214,test
5215,569255845394952192,negative,5215,train
5216,569255493610442752,negative,5216,train
5217,569255280275369984,negative,5217,train
5218,569254331725139968,neutral,5218,train
5219,569254020457635840,negative,5219,train
5220,569252529596297217,negative,5220,train
5221,569251768770502656,negative,5221,validation
5222,569250912784519168,negative,5222,test
5223,569250842894733312,negative,5223,train
5224,569250176369471489,negative,5224,train
5225,569250085516681216,neutral,5225,test
5226,569248904866336768,negative,5226,train
5227,569248702092541952,negative,5227,test
5228,569248055817404416,negative,5228,train
5229,569247724496822272,negative,5229,validation
5230,569247351392616448,negative,5230,train
5231,569245091602124800,negative,5231,train
5232,569244182155534336,negative,5232,train
5233,569243229138202624,negative,5233,train
5234,569242876909109248,negative,5234,train
5235,569242798953594880,negative,5235,train
5236,569242715759779840,negative,5236,test
5237,569242689348071425,negative,5237,validation
5238,569242665956610048,negative,5238,train
5239,569239823820705793,negative,5239,train
5240,569238014418944000,negative,5240,train
5241,569237713016229888,negative,5241,train
5242,569236557367939072,positive,5242,train
5243,569235727558447105,negative,5243,train
5244,569235155061227520,negative,5244,validation
5245,569234924785414145,negative,5245,train
5246,569234280632754176,positive,5246,validation
5247,569233955951480832,neutral,5247,test
5248,569233400592257024,negative,5248,train
5249,569232776454483969,negative,5249,train
5250,569232748663214080,neutral,5250,train
5251,569232738655412225,negative,5251,test
5252,569231300843970561,negative,5252,test
5253,569230652433936384,positive,5253,train
5254,569229483288317952,neutral,5254,train
5255,569229056362876928,negative,5255,test
5256,569228870177591298,negative,5256,test
5257,569228788481069057,negative,5257,train
5258,569228110937202688,neutral,5258,train
5259,569227063300718593,neutral,5259,test
5260,569226723738324992,negative,5260,train
5261,569226248393662464,negative,5261,train
5262,569226157901684736,neutral,5262,test
5263,569226128168062976,negative,5263,train
5264,569225563417620480,negative,5264,train
5265,569225489329598464,negative,5265,test
5266,569225412540174336,neutral,5266,validation
5267,569225196386660352,negative,5267,train
5268,569225085330071554,neutral,5268,validation
5269,569224755426930689,negative,5269,test
5270,569223862941929472,positive,5270,test
5271,569223781593403392,neutral,5271,train
5272,569223447005433856,positive,5272,train
5273,569222729125253121,neutral,5273,validation
5274,569221828025167872,negative,5274,train
5275,569221337077587968,neutral,1589,train
5276,569221317486116864,negative,5276,validation
5277,569221213026971649,positive,5277,validation
5278,569220096490483712,negative,5278,train
5279,569219456506814464,negative,5279,train
5280,569219080080658432,neutral,5280,validation
5281,569218789834821632,negative,5281,train
5282,569217012980805632,neutral,5282,train
5283,569216546779705344,neutral,5283,train
5284,569215950597201921,negative,5284,train
5285,569215124562554880,negative,5285,train
5286,569215035089690624,positive,5286,train
5287,569212457706782720,neutral,5287,train
5288,569212300265017345,negative,5288,validation
5289,569211825218318336,negative,5289,train
5290,569211553930743809,negative,5290,train
5291,569210501059604480,negative,5291,train
5292,569210406222344192,neutral,5292,train
5293,569210394046275586,negative,5293,train
5294,569209306874122241,neutral,5294,train
5295,569209051260678144,neutral,5295,train
5296,569209016276004864,neutral,5296,train
5297,569208488217485312,negative,5297,train
5298,569208317408514048,negative,5298,train
5299,569208236487745536,negative,5299,train
5300,569208219072991233,negative,5300,train
5301,569208051145650177,negative,5301,train
5302,569207912251289600,positive,5302,train
5303,569207235953307648,negative,5303,train
5304,569207022597509120,negative,5304,train
5305,569206711443181569,positive,5305,validation
5306,569206447608877056,negative,5306,train
5307,569206387483525120,neutral,5307,test
5308,569206183283843072,negative,5308,train
5309,569206152510226432,negative,5309,validation
5310,569206071081832448,neutral,5310,train
5311,569205327465476096,negative,5311,test
5312,569204914649489408,negative,5312,train
5313,569204692401590273,neutral,5313,train
5314,569204474155282433,negative,5314,validation
5315,569204038811717632,negative,5315,train
5316,569203705750237184,negative,5316,test
5317,569203468419751936,negative,5317,test
5318,569202278298755072,negative,5318,train
5319,569202179476754432,negative,5319,train
5320,569201464658173952,negative,5320,train
5321,569200932577280000,negative,5321,train
5322,569197910895812608,neutral,5322,train
5323,569197350901714944,negative,5323,validation
5324,569195435736244225,neutral,5324,train
5325,569194554290774016,positive,5325,validation
5326,569192081618370560,positive,5326,train
5327,569189483469410305,neutral,5327,train
5328,569188394716278786,negative,5328,train
5329,569186384121954305,neutral,5329,validation
5330,569186177238110208,neutral,5330,train
5331,569185684268789761,negative,5331,train
5332,569184886424268800,negative,5332,validation
5334,569183494259273728,negative,5334,train
5335,569183099495383040,negative,5335,train
5336,569181890998964224,negative,5336,train
5337,569181243385909249,negative,5337,test
5338,569180845594046464,neutral,5338,test
5339,569180541662027779,positive,5339,train
5340,569180531742486528,negative,5340,test
5341,569179898532761600,negative,5341,validation
5342,569179843247517698,negative,5342,validation
5343,569179631409958912,negative,5343,train
5344,569176969872605184,negative,5344,train
5345,569176007225188352,negative,5345,train
5346,569175548632698881,negative,5346,train
5347,569175432702107648,positive,5347,train
5348,569174663089287169,negative,5348,train
5349,569173103009525760,positive,5349,train
5350,569172793608278016,negative,5350,test
5351,569172570932690947,negative,5351,train
5352,569171631756546048,negative,5352,train
5353,569171003852468224,positive,5353,train
5354,569170590831132672,positive,5354,train
5355,569170372018499584,negative,5355,validation
5356,569169704805371904,negative,5356,train
5357,569168515674058752,negative,5357,test
5358,569168436280098816,negative,5358,train
5359,569168102212001793,neutral,5359,train
5360,569168016136495104,neutral,5360,test
5361,569166753101684736,negative,5361,train
5362,569165654848204800,positive,5362,train
5363,569165556722503681,positive,5363,validation
5364,569165378359656448,negative,5364,test
5365,569165227847102465,negative,5365,train
5366,569165128366755840,negative,5366,train
5367,569165102307545088,negative,5367,train
5368,569164886397353985,negative,5368,validation
5369,569164064636727298,negative,5369,test
5370,569163696041172992,positive,5370,validation
5371,569162467051474944,negative,5371,train
5372,569162276403609600,positive,5372,train
5373,569161583718473728,negative,5373,train
5374,569160924960919552,positive,5374,validation
5375,569159814426853376,negative,5375,validation
5376,569159068834623489,positive,5376,validation
5377,569158546404864001,negative,5377,validation
5378,569158261301227520,negative,5378,test
5379,569158165176164353,negative,5379,train
5380,569155784988164098,positive,5380,train
5381,569155666440355840,negative,5381,validation
5382,569155235156856833,negative,5382,train
5383,569154652735803392,negative,5383,test
5384,569154129362186240,negative,5384,validation
5385,569153793058672641,negative,5385,train
5386,569153249917452288,negative,5386,test
5387,569153098595192832,negative,5387,train
5388,569153071093297152,neutral,5388,test
5389,569152201278525440,negative,5389,train
5390,569151232738095105,negative,5390,train
5391,569151206028931072,negative,5391,test
5392,569150371706200064,neutral,5392,train
5393,569149949989879808,negative,5393,train
5394,569149358802759680,neutral,5394,train
5395,569148485519462400,positive,5395,validation
5396,569148114193530881,positive,5396,validation
5397,569146504004415489,negative,5397,train
5398,569146045306793984,negative,5398,train
5399,569143996422995968,negative,5399,train
5400,569143946930196483,negative,5400,validation
5401,569143944266833920,negative,5401,train
5402,569143215405674497,neutral,5402,validation
5403,569143186439991296,negative,5403,test
5404,569143132756914176,negative,5404,train
5405,569140424251715584,negative,5405,validation
5406,569138500626292736,neutral,5406,validation
5407,569134718396051456,positive,5407,train
5408,569133987668623360,negative,5408,train
5409,569132950006185985,negative,5409,test
5410,569132310110588928,neutral,5410,train
5411,569130625053155328,negative,5411,train
5412,569129049861304323,negative,5412,train
5413,569127429702348800,negative,5413,test
5414,569126026938335232,negative,5414,train
5415,569124760224813056,negative,5415,train
5416,569124416891817984,positive,5416,test
5417,569115621213884417,negative,5417,train
5418,569111291454840833,negative,5418,train
5419,569110078403551232,negative,5419,train
5420,569108013547687936,positive,5420,train
5421,569104886119297024,neutral,5421,validation
5422,569100490027499520,negative,5422,train
5423,569099306147454976,negative,5423,test
5424,569096233232547840,negative,5424,train
5425,569089388350738432,negative,5425,train
5426,569086048388538368,negative,5426,train
5427,569085417045143552,negative,5427,train
5428,569084344930676736,neutral,5428,test
5429,569078309033803776,negative,5429,train
5430,569076249487925248,negative,5430,train
5431,569075205106229248,negative,5431,train
5432,569071393356288000,neutral,2563,train
5433,569069311962132480,negative,5433,train
5434,569030858759213056,neutral,5434,train
5435,569030463760650241,positive,5435,train
5436,569025555343007744,negative,5436,train
5437,569022042349051905,neutral,5437,train
5438,569021943828983808,neutral,5438,train
5439,569020255441264640,neutral,5439,train
5440,569019132978405376,negative,5440,train
5441,569017194564096000,negative,5441,train
5442,569017052310056960,neutral,5442,train
5443,569017002439761920,neutral,5443,test
5444,569008329038524417,neutral,5444,train
5445,569003484701282304,negative,5445,train
5446,569002132621398016,negative,5446,train
5447,569001941533003776,negative,5447,test
5448,568999279936679937,negative,5448,validation
5449,568999266741411840,positive,5449,train
5450,568998681715695618,negative,5450,test
5451,568998369353297921,positive,5451,train
5452,568992290833899520,negative,5452,train
5453,568988406476189696,neutral,5453,train
5454,568987434051989504,neutral,5454,train
5455,568984950709432320,neutral,5455,train
5456,568981498046623744,neutral,5456,train
5457,568977492410703872,negative,5457,test
5458,568976322032087041,negative,5458,validation
5459,568976030947418112,negative,5459,train
5460,568975192615223296,neutral,5460,train
5461,568974423358726144,negative,5461,train
5462,568974008076652545,neutral,5462,train
5463,568973617687625728,positive,5463,test
5464,568971982554963969,positive,5464,test
5465,568971449815289856,neutral,5465,train
5466,568970172062691328,negative,5466,validation
5467,568969519252680706,negative,5467,train
5468,568969143581413376,positive,5468,train
5469,568967580595064832,negative,5469,train
5470,568965309505380352,negative,5470,train
5471,568964732981530624,positive,5471,train
5472,568964652455092224,positive,5472,train
5473,568962547891736576,neutral,5473,train
5474,568958697856040961,negative,5474,test
5475,568958074230190080,positive,5475,train
5476,568957488021827585,positive,5476,train
5477,568957365464076288,negative,5477,train
5478,568956596862066688,neutral,5478,train
5479,568955169183903745,negative,5479,train
5480,568954934084788224,positive,5480,train
5481,568953190252544000,positive,5481,train
5482,568953095423705088,negative,5482,validation
5483,568951532252585987,positive,5483,train
5484,568951506042425346,positive,5484,train
5485,568951064688373760,positive,5485,test
5486,568951063463616512,positive,5486,test
5487,568949828518084608,neutral,5487,train
5488,568949312098476032,neutral,5488,validation
5489,568949199779155968,neutral,5489,test
5490,568948848263081986,positive,5490,train
5491,568947768149938176,positive,5491,train
5492,568947596242235392,neutral,5492,train
5493,568947250325561344,negative,5493,train
5494,568946700791861248,negative,5494,test
5495,568946686896132096,negative,5495,train
5496,568946502615179264,negative,5496,train
5497,568945639834267648,negative,5497,train
5498,568945562705371136,negative,5498,test
5499,568945176401457153,negative,5499,train
5500,568945122961784833,negative,5500,train
5501,568944054303625217,positive,5501,test
5502,568943601306210305,negative,5502,train
5503,568943214130040832,negative,5503,validation
5504,568942857123336193,positive,5504,train
5505,568942133698146306,neutral,5505,train
5506,568940981321637889,positive,5506,test
5507,568938023439765504,neutral,5507,train
5508,568937199145783297,neutral,5508,test
5509,568934745909829633,negative,5509,train
5510,568932070447140864,positive,5510,train
5511,568929816797323265,neutral,5511,train
5512,568929782286516224,positive,5512,test
5513,568929754151145472,positive,5513,validation
5514,568929652003217409,positive,5514,train
5515,568929641756368896,neutral,5515,train
5516,568929490929377281,neutral,5516,train
5517,568928486188032000,positive,5517,train
5518,568928195581513728,negative,5518,train
5519,568926999680569344,negative,5519,train
5521,568926656615690240,positive,5521,train
5522,568926306496172032,neutral,5522,train
5523,568925938840240128,neutral,5523,train
5524,568925711077117953,neutral,5524,train
5525,568925579933671424,neutral,5525,train
5526,568925459540344833,positive,5526,train
5527,568925054089629696,positive,5527,train
5528,568923827788505088,negative,5528,validation
5529,568919211357048832,neutral,5529,test
5530,568918313239064576,negative,5530,train
5531,568915699290284032,negative,5531,test
5532,568915536844759040,neutral,5532,test
5533,568914672826474496,neutral,5533,train
5534,568913643779203073,neutral,5534,train
5535,568913623327703040,negative,5535,train
5536,568913412505251840,negative,5536,train
5537,568913346675613696,neutral,5537,validation
5538,568913108153946112,neutral,5538,train
5539,568911873438920705,neutral,5539,train
5540,568911349092212736,negative,5540,test
5541,568911099740839936,negative,5541,train
5542,568910702070534144,neutral,5542,train
5543,568908838784475136,neutral,5543,train
5544,568906726906335234,positive,5544,test
5545,568906461461393408,negative,5545,test
5546,568906176353554432,neutral,5546,train
5547,568905924217217024,negative,5547,validation
5548,568905259550056448,negative,5548,test
5549,568904155332354050,negative,5549,train
5550,568900531696984064,negative,5550,train
5551,568900052397092864,negative,5551,validation
5552,568899508601430016,negative,5552,train
5553,568898165635575808,positive,5553,train
5554,568895164577685504,neutral,5554,train
5555,568894805914169345,negative,5555,train
5556,568894687911632896,negative,5556,train
5557,568894680881963008,positive,5557,train
5558,568894341243998208,positive,5558,validation
5559,568894224738856961,neutral,5559,train
5560,568893685397483522,negative,5560,train
5561,568893498193158144,neutral,5561,train
5562,568893453515378689,negative,5562,validation
5563,568893092927029249,negative,5563,test
5564,568892942770786304,neutral,5564,validation
5565,568892540889509888,neutral,5565,test
5566,568892047559503873,positive,5566,train
5567,568891084107087872,neutral,5567,train
5568,568889677094232064,negative,5568,train
5569,568889146179072000,negative,5569,train
5570,568889116399525888,neutral,5570,train
5571,568888806805512192,positive,5571,train
5572,568888623787089920,negative,5572,train
5573,568888508703752194,neutral,5573,test
5574,568885971913023488,negative,5574,validation
5575,568885499986874369,neutral,5575,test
5576,568885007646740480,neutral,5576,validation
5577,568884751022624768,negative,5577,train
5578,568884731489562624,neutral,5578,train
5579,568884675021635584,negative,5579,train
5580,568884252110159873,positive,5580,validation
5581,568883988338581504,negative,5581,train
5582,568883981371846656,neutral,5582,test
5583,568883827218763777,neutral,5583,validation
5584,568883464923000832,positive,5584,train
5585,568883124517494784,neutral,5585,train
5586,568882359409340416,negative,5586,train
5587,568882321119510528,positive,5587,train
5588,568882182686707712,negative,5588,train
5589,568881291766034432,negative,5589,test
5590,568880408701435904,neutral,5590,validation
5591,568880146284982272,neutral,5591,test
5592,568880082606911488,neutral,5592,train
5593,568880030123745280,negative,5593,train
5594,568879053496655872,neutral,5594,validation
5595,568879046215520256,negative,5595,train
5596,568878340200906752,negative,5596,train
5597,568878319074029568,neutral,5597,train
5598,568878244331696128,neutral,5598,train
5599,568876836324638720,neutral,5599,validation
5600,568876016216600576,negative,5600,test
5601,568875674552807425,neutral,5601,train
5602,568874435907682304,neutral,5602,train
5603,568873612524032000,negative,5603,train
5604,568873020460126209,positive,5604,validation
5605,568872880865325056,positive,5605,validation
5606,568870144891600896,positive,5606,test
5607,568869594531651584,positive,5607,train
5608,568868703762296832,positive,5608,train
5609,568866106317746176,positive,5609,train
5610,568863304975839233,negative,5610,train
5611,568862460519813120,negative,5611,train
5612,568861568609456128,negative,5612,train
5613,568860857326637056,neutral,5613,train
5614,568859651980156928,negative,5614,train
5615,568858239372103680,neutral,5615,train
5616,568858194447085568,negative,5616,train
5617,568856987632603136,positive,5617,validation
5618,568856905445199872,neutral,5618,train
5619,568856846523502594,negative,5619,train
5620,568856823048089600,neutral,5620,train
5621,568855390462603264,negative,5621,train
5622,568855357923074049,neutral,5622,train
5623,568853687130390528,neutral,5623,train
5624,568853498726449152,neutral,5624,test
5625,568853440794730496,neutral,5625,validation
5626,568852204750135296,neutral,5626,train
5627,568852176799277057,positive,5627,train
5628,568850531642253312,negative,5628,validation
5629,568850515309826048,negative,5629,validation
5630,568849994167529472,positive,5630,train
5631,568849739346608128,negative,5631,train
5632,568849058523033601,positive,5632,train
5633,568848795733069824,neutral,5633,validation
5634,568848068977799168,neutral,5634,train
5635,568846061307084800,positive,5635,validation
5636,568845879307735040,negative,5636,train
5637,568845241526038528,negative,5637,train
5638,568845012777111552,negative,5638,test
5639,568844412970770433,negative,5639,train
5640,568843439107919872,negative,5640,train
5641,568842944024875008,neutral,5641,validation
5642,568841522663329793,neutral,5642,train
5643,568841522646552576,neutral,5642,train
5644,568840247657820160,negative,5644,validation
5645,568839199773732864,positive,5645,test
5646,568838781907935233,neutral,5646,train
5647,568836930550534145,neutral,3538,train
5648,568836616166313984,neutral,5648,train
5649,568836477099995137,neutral,5649,validation
5650,568834328937009152,negative,5650,train
5651,568833691306369025,negative,5651,test
5652,568833608460283904,negative,5652,test
5653,568832907525152769,negative,5653,train
5654,568831166976884736,negative,5654,train
5655,568830255282040832,neutral,5655,validation
5656,568829994786426881,positive,5656,validation
5657,568829852721106944,negative,5657,train
5658,568829686257623040,neutral,5658,train
5659,568829652233428992,neutral,5659,train
5660,568829494556897280,negative,5660,validation
5661,568829196962828289,negative,5661,train
5662,568828959879790592,negative,5662,test
5663,568828574641328128,positive,5663,train
5664,568828335922356224,positive,5664,train
5665,568828267660054528,positive,5665,validation
5666,568827958527275008,positive,5666,train
5667,568826365878730753,negative,5667,validation
5668,568825797613645824,neutral,5668,test
5669,568825542792720385,neutral,5669,validation
5670,568823099182985216,positive,5670,train
5671,568823050571026432,positive,5671,train
5672,568821349688471552,negative,5672,train
5673,568821268239089664,neutral,5673,train
5674,568820729879367680,negative,5674,train
5675,568818517694402561,negative,5675,validation
5676,568818427579793409,negative,5676,test
5677,568818229461721088,neutral,5677,train
5678,568813634152849408,negative,5678,validation
5679,568813302140284928,neutral,5679,train
5680,568812233146404864,neutral,3681,validation
5681,568811734040862720,negative,5681,train
5682,568810642523725824,neutral,5682,train
5683,568808340387536896,negative,5683,test
5684,568808165636214784,neutral,5684,validation
5685,568807908374286336,positive,5685,train
5686,568807451249627136,positive,5686,validation
5687,568807206059028481,negative,5687,test
5688,568804291755945984,negative,5688,train
5689,568803368367366144,neutral,5689,train
5690,568802316893216769,neutral,5690,train
5691,568802305606361089,negative,5691,train
5692,568802232004513792,neutral,5692,train
5693,568802105005346817,neutral,5693,test
5694,568802037057646594,neutral,5694,train
5695,568801542322548737,neutral,5695,train
5696,568800998929661953,positive,306,validation
5697,568800246433775617,positive,5697,train
5698,568800184345468929,negative,5698,train
5699,568798426810355712,negative,5699,train
5700,568797768162127872,negative,5700,train
5701,568797729876344833,negative,5701,validation
5702,568795746721513472,positive,5702,train
5703,568794864533385216,positive,5703,train
5704,568793782164062208,neutral,3023,test
5705,568791283575201792,positive,5705,train
5706,568788357431447552,neutral,5706,validation
5707,568787787815776256,positive,5707,test
5708,568787660266823680,negative,5708,train
5710,568785762218610690,negative,5710,train
5711,568784615877574656,positive,5711,train
5712,568784436428300290,positive,5712,train
5713,568784295759777797,negative,5713,train
5714,568784239841431552,negative,5714,test
5715,568782761852596225,neutral,5715,train
5716,568781747128803328,positive,5716,validation
5717,568781555784507392,negative,5717,train
5718,568781450146787328,negative,5718,train
5719,568781422804262912,neutral,5719,train
5720,568780060720701440,neutral,5720,train
5721,568779480019251201,negative,5721,train
5722,568779073117245441,negative,5722,train
5723,568778893085290496,negative,5723,validation
5724,568778115956092928,negative,5724,train
5725,568777943104802817,negative,5725,train
5726,568776728333541376,neutral,5726,validation
5727,568774192029523969,neutral,5727,train
5728,568773575705899008,positive,5728,train
5729,568772912557133824,positive,5729,train
5730,568772846878461952,negative,5730,train
5731,568772817598050304,negative,5731,test
5732,568772614639845377,negative,5732,validation
5733,568772334632349696,negative,5733,train
5734,568768874037915648,neutral,5734,train
5735,568768837744611328,neutral,5735,test
5736,568768156841308160,negative,5736,test
5737,568764097015058432,neutral,5737,train
5738,568763877992706048,negative,5738,train
5739,568763876377907200,negative,5739,train
5740,568763245911126017,positive,5740,train
5741,568763087689379840,negative,5741,train
5742,568762437832478720,positive,5742,test
5743,568761996973379584,negative,5743,train
5744,568760785113120768,negative,5744,train
5745,568759914514014208,positive,5745,train
5746,568758001856847872,positive,5746,test
5747,568755032138469376,negative,5747,train
5748,568753398100692992,neutral,5748,train
5749,568752276040495104,neutral,5749,validation
5750,568742080715104256,negative,5750,train
5751,568724299873431552,negative,5751,train
5752,568697648028487680,positive,5752,train
5753,568673970251116544,negative,5753,train
5754,568671818262773760,positive,5754,train
5755,568664266502479872,positive,5755,train
5756,568658885361438720,neutral,5756,train
5757,568650933049147392,negative,5757,train
5758,568644929595056128,negative,5758,train
5759,568639956622512128,negative,5759,train
5760,568639461648502784,positive,5760,train
5761,568637034761302017,negative,5761,train
5762,568630779720417280,neutral,5762,validation
5763,568629791869394945,negative,5763,train
5764,568629558716592128,negative,5764,train
5765,568627477259485185,negative,5765,validation
5766,568624572985004033,positive,5766,train
5767,568622676773703681,neutral,5767,validation
5768,568622422309482496,positive,5768,train
5769,568621312622657536,positive,5769,validation
5770,568621122368851968,positive,5770,train
5771,568618050745864192,negative,5771,train
5772,568617163465957377,negative,5772,train
5773,568615365619662848,positive,5773,test
5774,568614676612964352,positive,5774,train
5775,568613837198340098,neutral,5775,train
5776,568613712858198016,negative,5776,train
5777,568613245839224832,neutral,5777,train
5778,568611966937214976,negative,5778,validation
5779,568611700674584576,negative,5779,train
5780,568611482780508161,negative,5780,train
5781,568611276026351618,negative,5781,validation
5782,568609263485984768,negative,5782,train
5783,568607454893727744,positive,5783,test
5784,568605955614642176,positive,5784,train
5785,568605600273141760,neutral,5785,train
5786,568605358534447104,neutral,5786,train
5787,568604899870711808,neutral,5787,train
5788,568604830291222530,negative,5788,train
5789,568604231026003968,negative,5789,train
5790,568597968405835776,neutral,5790,train
5791,568596145456291840,negative,5791,train
5792,568592809344819200,negative,5792,test
5793,568591059602829314,positive,5793,test
5794,568590782640164865,negative,5794,test
5795,568589740833939456,positive,5795,train
5796,568589732520665089,negative,5796,train
5797,568588931379253248,negative,5797,validation
5798,568587821264609280,negative,5798,test
5799,568587490971533312,negative,5799,test
5800,568587424747511808,negative,5800,train
5801,568587228353585154,negative,5801,validation
5802,568586882600161280,negative,5802,test
5803,568586231409475584,neutral,5803,train
5804,568585356586586113,positive,5804,train
5805,568584029106266113,positive,5805,train
5806,568582794340896768,positive,5806,train
5807,568582726875516929,negative,5807,train
5808,568582374549807104,negative,5808,train
5809,568581984055906304,neutral,5809,validation
5810,568581908075933696,negative,5810,validation
5811,568579873926746112,positive,5811,train
5812,568578381320597504,negative,5812,train
5813,568578230933979136,negative,5813,train
5814,568578057293807616,neutral,5814,test
5815,568575335148580864,positive,5815,validation
5816,568575202713583616,negative,5816,train
5817,568574960035360768,negative,5817,test
5818,568574614110117888,negative,5818,test
5819,568573661378174976,positive,5819,train
5820,568573057184473089,positive,5820,train
5821,568572506300243968,positive,5821,train
5822,568571900596772864,negative,5822,train
5823,568571242627903488,neutral,5823,train
5824,568571203553599488,negative,5824,validation
5825,568571021554556929,negative,5825,train
5826,568570374335524865,positive,5826,train
5827,568570219951554560,negative,5827,test
5828,568568900767653889,positive,5828,validation
5829,568567255291703298,positive,5829,train
5830,568566331169247232,neutral,770,validation
5831,568565615327227904,neutral,5831,validation
5832,568565272824582145,neutral,5832,train
5833,568563550475698177,negative,5833,train
5834,568563324704706560,neutral,3681,validation
5835,568562849447948288,negative,5835,train
5836,568562728585064449,positive,5836,train
5837,568562631616942080,positive,5837,train
5838,568560904469684224,neutral,5838,train
5839,568559381295407104,neutral,5839,train
5840,568559216912416768,neutral,5840,validation
5841,568559061668507648,negative,5841,validation
5842,568558819959119872,negative,5842,train
5843,568556874439790594,neutral,5843,test
5844,568555484589871105,neutral,5844,validation
5845,568553101587832832,positive,5845,validation
5846,568552809555103744,neutral,5846,validation
5847,568551937185951744,negative,5847,train
5848,568550726311346177,negative,5848,validation
5849,568549781502496768,positive,5849,train
5850,568548764484542464,positive,5850,train
5851,568548629973209089,negative,5851,train
5852,568546953262436352,positive,5852,train
5853,568546414604750848,negative,5853,train
5854,568545857332588544,negative,5854,train
5855,568543965026390016,neutral,5855,train
5856,568543722943614976,neutral,5856,train
5857,568542896539873281,neutral,5857,train
5858,568542364207325185,positive,5858,train
5859,568541825092304897,negative,5859,test
5860,568539903979446272,negative,5860,train
5861,568539290344402944,negative,5861,train
5862,568539193669914626,positive,5862,validation
5863,568538790244909056,positive,5863,test
5864,568538599903244290,negative,5864,validation
5867,568535948042104832,positive,5867,test
5868,568535604159332352,negative,5868,validation
5869,568533372709908480,positive,5869,train
5870,568531207459221506,neutral,5870,train
5871,568531187481706496,neutral,5871,train
5872,568531043805999104,neutral,5872,train
5873,568531035723603968,positive,5873,train
5874,568531020267458561,positive,5874,train
5875,568528678671360000,negative,5875,validation
5876,568526769373859841,neutral,5876,train
5877,568525573175136256,neutral,5877,train
5878,568524407850688512,positive,5878,train
5879,568524265663803395,negative,5879,train
5880,568523935853051906,negative,5880,validation
5881,568523051853197312,positive,5881,train
5882,568520773444308992,positive,5882,validation
5883,568519360953716736,neutral,5883,train
5884,568519214211813377,negative,5884,train
5885,568518406959312897,neutral,5885,train
5886,568515166410653696,neutral,5886,validation
5887,568514819369754624,negative,5887,test
5888,568513072819646464,negative,5888,train
5889,568513003307429888,positive,5889,test
5890,568511254530101248,neutral,5890,validation
5891,568510632930050048,positive,5891,train
5892,568510570799869952,positive,5892,train
5893,568506661373145089,neutral,5893,train
5894,568505615208693761,positive,5894,train
5895,568504198385373184,negative,5895,validation
5896,568502870435336192,neutral,5896,validation
5897,568502289402630144,positive,5897,train
5898,568502021390786561,negative,5898,validation
5899,568498076962451456,negative,5899,train
5900,568496445164273665,negative,5900,train
5901,568496176116457472,negative,5901,train
5902,568495924135235585,neutral,5902,test
5903,568495601471647745,neutral,5903,train
5904,568495464015929344,neutral,5904,train
5905,568495231877967872,negative,5905,train
5906,568495216291913728,negative,5906,train
5907,568494692117155841,negative,5907,validation
5908,568494596973600769,neutral,5908,train
5909,568494498361294848,positive,5909,test
5910,568494397144358914,positive,5910,train
5911,568491900195500032,negative,5911,test
5912,568491765910659072,negative,5912,train
5913,568491484401557504,negative,5913,train
5914,568491160056045568,neutral,5914,train
5915,568491142410571778,negative,5915,train
5916,568490268271484929,negative,5916,train
5917,568489786081714176,positive,5917,train
5918,568489413262610433,neutral,5918,test
5919,568486399663575040,neutral,5919,train
5920,568484677868265473,neutral,5920,train
5921,568484335747268608,neutral,5921,train
5922,568483773467262976,positive,5922,test
5923,568483386580439040,neutral,5923,test
5924,568482840750530560,negative,5924,train
5925,568482803266031616,neutral,5925,train
5926,568482252168019968,neutral,5926,validation
5927,568481017876623360,negative,5927,train
5928,568480653819453440,negative,5928,train
5929,568479399273758721,neutral,5929,train
5930,568478881063276545,negative,5930,train
5931,568478666868588545,positive,5931,test
5932,568478536715120640,neutral,5932,train
5933,568478204190720000,negative,5933,test
5934,568476518852247552,positive,5934,test
5935,568474442210283520,neutral,5935,train
5937,568470715009277952,positive,5937,train
5938,568470266793340929,negative,5938,train
5939,568469882922102785,negative,5939,train
5940,568469155709624321,negative,5940,train
5941,568468715819266048,positive,5941,train
5942,568468372524023808,negative,5942,test
5943,568467596414210049,negative,5943,train
5944,568467366780264448,negative,5944,train
5945,568467150475812864,negative,5945,train
5946,568467055747313664,negative,5946,test
5947,568466642193104897,negative,5947,train
5948,568466550337875969,negative,5948,test
5949,568465058264698880,positive,5949,test
5950,568464940367007744,positive,5950,train
5951,568464798926524417,positive,5951,train
5952,568464337146404864,positive,5952,train
5953,568463331251634176,positive,5953,train
5954,568463093568835584,neutral,5954,train
5955,568462314388656128,negative,5955,train
5956,568460539602608128,positive,5956,train
5957,568460395544862720,negative,5957,validation
5958,568458879220076545,positive,5958,train
5959,568458185071132672,negative,5959,validation
5960,568457802059902976,neutral,5960,train
5961,568457761366781952,negative,5961,validation
5962,568457681855340544,negative,5962,train
5963,568456567835619328,negative,5963,test
5964,568454986574602240,positive,5964,test
5965,568454606675529731,positive,5965,train
5966,568454418141614080,neutral,5966,train
5967,568454304488673280,positive,5967,train
5968,568453988758233089,positive,5968,train
5969,568453818335129601,neutral,5969,train
5970,568453351479721986,negative,5970,test
5971,568453042816868352,neutral,5971,train
5972,568452051740413952,positive,5972,train
5973,568451916319096832,neutral,5973,train
5974,568451244009742336,negative,5974,train
5975,568450643175866368,negative,5975,test
5976,568448902011224064,neutral,5976,test
5977,568448300325605377,neutral,5977,train
5978,568448282239713280,negative,5978,train
5979,568448265441554432,negative,5979,test
5980,568448242804871168,negative,5980,train
5981,568448077624770560,positive,5981,train
5982,568447937929289729,negative,5982,test
5983,568447131431931904,neutral,5983,train
5984,568446993548206081,neutral,5984,train
5985,568446450700558336,positive,5985,train
5986,568445415768477696,positive,5986,validation
5987,568444321113862145,positive,5987,test
5988,568443742610305024,neutral,5988,train
5989,568443115415035904,positive,5989,validation
5990,568442711910576128,positive,5990,train
5991,568441899402584064,neutral,5991,train
5992,568440930593697792,neutral,5992,train
5993,568440587411726336,negative,5993,train
5994,568440527328120832,positive,5994,train
5995,568440514506301440,neutral,5995,test
5996,568440384897966080,positive,5996,train
5997,568440058895863808,negative,5997,test
5998,568439748047581184,negative,5998,train
5999,568439319779790848,negative,5999,train
6000,568439171028791297,negative,6000,train
6001,568438759466934272,neutral,6001,train
6002,568438312177762304,positive,6002,test
6003,568438257454682112,negative,6003,train
6004,568438018572300289,positive,6004,train
6005,568438000843034624,positive,6005,train
6006,568437777647460352,neutral,6006,test
6007,568437634835595264,neutral,6007,train
6008,568437385844924416,neutral,6008,validation
6009,568437028205035520,positive,6009,train
6010,568437004045672448,positive,6010,test
6011,568436966628261889,negative,6011,train
6012,568436693210173441,neutral,6012,train
6013,568436267702071296,negative,6013,train
6014,568436061959028736,neutral,6014,train
6015,568435434964938752,neutral,6015,train
6016,568434790707277824,positive,6016,train
6017,568434328943915009,positive,6017,validation
6018,568434014672916480,negative,6018,train
6019,568434004732416001,positive,6019,validation
6020,568433948126154752,positive,6020,validation
6021,568432638823772160,negative,6021,train
6022,568432390957355008,positive,6022,validation
6023,568432260912959488,neutral,6023,train
6024,568431720707579904,neutral,6024,train
6025,568430867447549952,neutral,6025,train
6026,568430198254747649,negative,6026,train
6027,568429191546277888,positive,6027,train
6028,568429188975173634,negative,6028,validation
6029,568429136584286209,neutral,6029,train
6030,568429062642929664,neutral,6030,train
6031,568428195193729025,neutral,6031,validation
6032,568427566916345856,neutral,6032,train
6033,568427565003599872,negative,6033,train
6034,568427056221933568,negative,6034,train
6035,568426870963712000,neutral,6035,test
6036,568426579874996224,negative,6036,train
6037,568426007583170560,positive,6037,test
6038,568425737092513792,positive,6038,test
6039,568425421240455168,negative,6039,train
6040,568425343452721152,positive,6040,train
6041,568425317028610049,neutral,6041,train
6042,568421605132484608,neutral,6042,test
6043,568421124201017345,neutral,6043,validation
6044,568418629236219904,negative,6044,train
6045,568418531777355776,negative,6045,train
6046,568416519073468416,positive,6046,train
6047,568413746726457344,negative,6047,train
6048,568413673330331648,positive,6048,validation
6049,568413365254488064,neutral,6049,train
6050,568413356492599296,positive,6050,train
6051,568408789512105985,neutral,6051,test
6052,568404564375969792,neutral,6052,test
6053,568403209766744064,neutral,6053,train
6054,568397976110010368,positive,6054,train
6055,568394676501217281,neutral,6055,validation
6056,568391392528969730,positive,6056,validation
6057,568391382496378880,negative,6057,train
6058,568389719093940224,negative,6058,validation
6059,568389266155438080,neutral,6059,train
6060,568386996525252609,negative,6060,train
6061,568385950486802432,neutral,6061,train
6062,568385277514919937,negative,6062,test
6063,568383068244819968,negative,6063,train
6064,568377392420356096,positive,6064,train
6065,568377318822912000,negative,6065,train
6066,568364870757797888,neutral,6066,train
6067,568361830160175104,positive,6067,test
6068,568326927695491072,negative,6068,train
6069,568319110779514880,positive,6069,train
6070,568308149796474880,positive,6070,train
6071,568305064529408000,neutral,6071,test
6072,568303293635522560,neutral,6072,validation
6073,568299906466762752,neutral,6073,train
6074,568299749121654784,neutral,6074,validation
6075,568294699515187200,neutral,6075,train
6076,568284515728302080,negative,6076,train
6077,568284092707401728,neutral,6077,test
6078,568281771298521088,positive,6078,train
6079,568276647885086720,neutral,6079,validation
6080,568275746516385793,positive,6080,train
6081,568274752864948224,positive,6081,test
6082,568273514970501120,negative,6082,train
6083,568271522332192768,negative,6083,train
6084,568269180153274368,neutral,6084,test
6085,568269127992913920,neutral,6085,train
6086,568267732556255232,neutral,6086,validation
6087,568266994069295105,neutral,6087,test
6088,568262925833515008,neutral,6088,train
6089,568260044896243712,negative,6089,validation
6090,568258896038506496,positive,6090,train
6091,568247978835578880,neutral,6091,test
6092,568243352258236416,neutral,6092,train
6093,568240532746473472,neutral,6093,train
6094,568240355772108800,positive,6094,train
6095,568238793150611457,negative,6095,test
6096,568238379847921665,positive,6096,train
6097,568236511524745216,negative,6097,train
6098,568236231374581760,positive,6098,validation
6099,568233937761230848,negative,6099,validation
6100,568232493779824640,positive,6100,train
6101,568229659810209792,negative,6101,test
6102,568228761566642176,positive,6102,train
6103,568227390566109184,neutral,6103,test
6104,568225322543538176,neutral,6104,train
6105,568223025805422592,negative,6105,train
6106,568222976744824832,neutral,6106,train
6107,568222514956013568,negative,6107,train
6108,568221293914533889,neutral,6108,train
6109,568220487500709889,negative,6109,validation
6110,568220464071356416,neutral,6110,train
6111,568220313370013696,positive,6111,train
6112,568216890918637568,negative,6112,train
6113,568216414957408256,negative,6113,validation
6114,568215698524246016,positive,6114,train
6115,568214541852495872,neutral,6115,train
6116,568212893012860928,negative,6116,train
6117,568212796422406144,positive,6117,train
6118,568212443433865217,negative,6118,validation
6119,568211739059326976,positive,6119,train
6120,568210342880227328,negative,6120,train
6121,568210101573722112,negative,6121,train
6122,568210087212388353,neutral,6122,train
6123,568209603332214784,positive,6123,train
6124,568206236081995776,neutral,6124,train
6125,568204029517553665,neutral,6125,train
6126,568202940839800832,positive,6126,train
6127,568202855166967808,neutral,6127,train
6128,568201125012353024,negative,6128,train
6129,568198843034169344,neutral,6129,train
6130,568196066430083074,negative,6130,test
6131,568193603954085888,positive,6131,train
6132,568193347216474112,negative,6132,train
6133,568192038040006656,neutral,6133,train
6134,568192010789777408,positive,6134,train
6135,568191101087019008,negative,6135,train
6136,568190250377461760,neutral,6136,test
6137,568189481590886400,negative,6137,train
6138,568188732806963201,negative,6138,train
6139,568188595456118785,positive,6139,validation
6140,568187725834289152,neutral,6140,train
6141,568187577909563392,neutral,6141,train
6142,568183277774868480,neutral,6142,train
6143,568183137467043840,positive,6143,validation
6144,568182492055912449,neutral,6144,train
6145,568182386409607168,positive,6145,train
6146,568181877560852481,neutral,6146,train
6147,568180928746369027,negative,6147,train
6148,568180868126150656,positive,6148,train
6149,568180710252646400,positive,6149,train
6150,568180422070247424,neutral,6150,test
6151,568180264914051072,positive,6151,train
6152,568179570651709441,negative,6152,train
6153,568178355452792832,neutral,6153,train
6154,568178151173562368,negative,6154,validation
6155,568177022712676353,neutral,6155,train
6156,568176529584173056,negative,6156,test
6157,568174911841177600,negative,6157,validation
6158,568173585484771328,negative,6158,train
6159,568173435173482496,neutral,6159,test
6160,568172001300340736,negative,6160,train
6161,568171015131394048,negative,6161,train
6162,568170929639059456,positive,6162,validation
6163,568170493544673280,negative,6163,train
6164,568170036248092674,negative,6164,validation
6165,568169837878484992,positive,6165,train
6166,568169379613032448,negative,6166,test
6167,568169352383602688,neutral,6167,train
6168,568168034394873857,negative,6168,train
6169,568166220706418688,negative,6169,train
6170,568165260605014016,positive,6170,train
6171,568164059981307904,positive,6171,train
6172,568162290890964992,positive,6172,train
6173,568161313274404864,neutral,6173,train
6174,568160511264571392,negative,6174,train
6175,568159614069444608,negative,6175,train
6176,568157733746294787,negative,6176,train
6177,568155440267161600,positive,6177,train
6178,568155246616121344,positive,6178,validation
6179,568154689449168896,neutral,6179,train
6180,568153578453524480,neutral,6180,validation
6181,568151905165316097,negative,6181,train
6182,568149878095753216,neutral,6182,test
6183,568149287948967936,neutral,6183,train
6184,568149194654904320,positive,6184,train
6185,568148807684198401,positive,6185,train
6186,568148009722073089,neutral,6186,train
6187,568147483269971969,neutral,6187,train
6188,568147443151454208,negative,6188,validation
6189,568146404784209920,negative,6189,train
6190,568145575452876800,negative,6190,train
6191,568144447931686912,positive,6191,train
6192,568144357230026752,neutral,6192,test
6193,568141111601926145,neutral,6193,validation
6194,568140628959358976,positive,6194,train
6195,568139299021041664,negative,6195,test
6196,568139007617597440,negative,6196,test
6197,568137557935960066,positive,6197,test
6198,568136806224379904,positive,6198,train
6199,568136521502605312,negative,6199,test
6200,568135153903656960,negative,6200,train
6201,568134973728755712,positive,6201,train
6202,568134503987851264,neutral,6202,train
6203,568134211493695488,positive,6203,train
6204,568133264168214528,neutral,6204,train
6205,568132209330098177,neutral,6205,train
6206,568130768788185088,negative,6206,validation
6207,568130367900798976,neutral,6207,validation
6208,568128236649095168,negative,6208,train
6209,568128069845848064,negative,6209,train
6210,568126682336534529,neutral,6210,test
6211,568126169008218112,neutral,6211,train
6212,568125472527097856,neutral,6212,validation
6213,568124227641065472,neutral,6213,train
6214,568122064919527424,negative,6214,validation
6215,568121659988824064,negative,6215,train
6216,568118177537744897,neutral,6216,train
6217,568116430966648833,negative,6217,train
6218,568113383242911744,positive,6218,train
6219,568112842261594112,positive,6219,train
6220,568112578989137920,negative,6220,train
6221,568111819325366273,neutral,6221,test
6222,568111779705958400,negative,6222,train
6223,568111588546375680,neutral,6223,validation
6224,568110846057975808,neutral,6224,train
6225,568110095646781440,negative,6225,validation
6226,568108822360760320,neutral,6226,test
6227,568108322924191744,positive,6227,test
6228,568108100827217920,positive,6228,validation
6229,568107719737020417,negative,6229,test
6230,568107670177239040,neutral,6230,validation
6231,568107472260624384,positive,6231,train
6233,568106704866582528,neutral,6233,train
6234,568105844174397440,neutral,6234,train
6235,568105722413649920,negative,6235,test
6236,568105481018822656,neutral,6236,train
6237,568105106647838720,positive,6237,train
6238,568104783061520384,neutral,6238,validation
6239,568104424029036545,positive,6239,train
6240,568103931307405312,positive,6240,test
6241,568103735827804160,neutral,6241,train
6242,568102187294973952,negative,6242,train
6243,568101606585020416,negative,6243,train
6244,568100987887427584,neutral,6244,train
6245,568100973966569472,positive,6245,train
6246,568100626183417856,neutral,3681,validation
6247,568098977545134080,negative,6247,validation
6248,568096674167595008,neutral,6248,train
6249,568096554638159872,negative,6249,train
6250,568095623875964928,neutral,6250,train
6251,568094581041934336,negative,6251,train
6252,568094319766147072,negative,6252,train
6253,568093988516802560,positive,6253,validation
6254,568093497431101440,neutral,6254,train
6255,568093190185566208,neutral,6255,train
6256,568092537786748928,neutral,6256,validation
6257,568092489011236864,positive,6257,validation
6258,568092479452549120,negative,6258,train
6259,568091794304401409,positive,6259,train
6260,568091623986319360,negative,6260,train
6261,568090175122907136,negative,6261,validation
6262,568088989820792832,negative,6262,train
6263,568087881387884544,positive,6263,validation
6264,568087802279288832,neutral,6264,validation
6265,568087614303166464,neutral,6265,train
6267,568086667258679296,positive,6267,train
6268,568086184888561664,negative,6268,train
6269,568086073814827008,negative,6269,validation
6270,568086068135895040,negative,6270,train
6271,568085970983251968,positive,6271,train
6272,568085962049216514,positive,6272,train
6273,568085714744684544,positive,6273,validation
6274,568085705479618560,negative,6274,train
6275,568085571509334016,neutral,6275,validation
6276,568085366441246720,positive,6276,train
6277,568085308727808000,negative,6277,validation
6278,568085082746933248,neutral,6278,train
6279,568084881303072770,positive,6279,validation
6280,568084860008570881,positive,6280,train
6281,568084748020649984,neutral,6281,validation
6282,568083999761010689,neutral,6282,train
6283,568082817562898432,positive,6283,train
6284,568082656413552640,negative,6284,train
6285,568082454336151552,neutral,6285,train
6286,568082378406682624,neutral,6286,test
6287,568081678272307201,negative,6287,train
6288,568081316282916864,neutral,6288,train
6289,568080061372502016,neutral,6289,train
6290,568079810389549057,neutral,6290,train
6291,568079239343439872,neutral,6291,validation
6292,568078285520785408,neutral,6292,train
6293,568078069568839680,negative,6293,test
6294,568077930783485952,neutral,6294,test
6295,568077464892628993,negative,6295,train
6296,568076650782404608,negative,6296,train
6297,568076399166140416,negative,6297,test
6298,568076081665679360,positive,6298,train
6299,568075679008468992,negative,6299,validation
6300,568074028990259200,neutral,6300,train
6301,568072958821990400,positive,6301,test
6302,568072079096061952,neutral,6302,train
6303,568069670475071488,negative,6303,train
6304,568069616003629057,negative,6304,train
6305,568069437506641920,negative,6305,train
6306,568067878546755584,positive,6306,train
6307,568066878192508928,neutral,6307,validation
6308,568066302818058240,negative,6308,train
6309,568064339544051712,negative,6309,train
6310,568062804697202688,negative,6310,train
6312,568058224433340416,negative,6312,train
6313,568058146729668608,positive,6313,test
6314,568058084846911488,negative,6314,validation
6315,568057887223894016,neutral,6315,train
6316,568057812322021376,negative,6316,train
6317,568057671443750912,negative,6317,train
6318,568056811401703424,neutral,6318,train
6319,568056741885288448,negative,6319,train
6320,568056298937430016,negative,6320,validation
6321,568056050877919232,negative,6321,train
6322,568055996884619264,neutral,6322,train
6323,568055766130827264,negative,6323,validation
6324,568055724078706689,negative,6324,validation
6325,568055480226066434,negative,6325,train
6326,568055279839023105,negative,6326,train
6327,568055034296049664,negative,6327,test
6328,568054955967418368,neutral,6328,test
6329,568054866045747200,negative,6329,train
6330,568054687993352192,negative,6330,train
6331,568054666216509441,negative,6331,test
6332,568054514617622528,negative,6332,train
6333,568054330550587392,negative,6333,train
6334,568053732929359872,positive,6334,test
6335,568052354525696000,negative,6335,train
6336,568052343922507776,neutral,6336,train
6337,568051605247021056,positive,6337,train
6338,568051218477654016,negative,6338,train
6339,568050804101410816,positive,6339,test
6340,568050718772314112,neutral,6340,train
6341,568049316582932480,negative,6341,train
6342,568049201453469697,negative,6342,test
6343,568047468384002048,positive,6343,train
6344,568044275910512640,negative,6344,validation
6345,568042869505654784,neutral,6345,test
6346,568042046608580608,neutral,6346,train
6347,568041723642961920,positive,6347,train
6348,568039503065174016,positive,6348,test
6349,568037842838024192,positive,6349,train
6350,568037591687270400,neutral,6350,train
6351,568034773156933632,neutral,6351,train
6352,568028183267639297,positive,6352,test
6353,568027403462651905,positive,6353,train
6354,568024504057913344,neutral,6354,train
6355,568015713836752896,neutral,6355,validation
6356,568014567089029120,neutral,6356,train
6357,567996668320346112,neutral,6357,test
6358,567983341405745152,positive,6358,test
6359,567982055503622144,negative,6359,train
6360,567972426027565056,negative,6360,validation
6361,567969280752521216,neutral,6361,train
6362,567954287185125377,neutral,6362,test
6363,567951109677027328,negative,6363,train
6364,567943461476806656,negative,6364,train
6365,567935883086688256,negative,6365,train
6366,567933117610074113,negative,6366,train
6367,567931567881875457,positive,6367,train
6368,567921252901367808,neutral,6368,train
6369,567919829589442560,neutral,6369,test
6370,567912504656965632,positive,6370,validation
6371,567907935331971072,positive,6371,validation
6372,567907813126582272,neutral,6372,train
6373,567907483177582592,positive,6373,train
6374,567907070269198337,positive,6374,train
6375,567906137938399232,positive,6375,train
6376,567902921829978112,negative,6376,train
6377,567900433542488064,negative,6377,train
6378,567899634833690624,negative,6378,train
6379,567899604605218816,neutral,6379,train
6380,567899319157669888,neutral,6380,train
6381,567898236809277440,negative,6381,train
6382,567898186414710784,negative,6382,train
6383,567897629364850689,positive,6383,train
6384,567896042093617153,negative,6384,validation
6385,567895533664120832,negative,6385,train
6386,567892966980870144,negative,6386,train
6387,567892874756501504,positive,6387,train
6388,567890395322920960,positive,6388,validation
6389,567888186967470080,negative,6389,train
6390,567887646162161664,negative,6390,train
6391,567887502306050048,negative,6391,train
6392,567887437998997504,negative,6392,train
6393,567887103465496576,negative,6393,train
6394,567886632155680770,positive,6394,test
6395,567886422826307585,negative,6395,train
6396,567885982340636672,positive,6396,train
6397,567883722948763648,negative,6397,validation
6398,567881925727113217,negative,6398,test
6399,567880908528832513,positive,6399,train
6400,567880664600698880,positive,6400,train
6401,567880238962716672,negative,6401,train
6402,567879888490868736,negative,6402,train
6403,567879304593408001,negative,6403,train
6404,567878436909228033,positive,6404,test
6405,567878239156338688,positive,6405,train
6406,567878205157281793,negative,6406,train
6407,567876860647833600,neutral,6407,train
6408,567876290524495872,negative,6408,train
6409,567875758053400576,positive,6409,train
6410,567875729045590017,negative,6410,test
6411,567875308377911297,neutral,6411,train
6412,567875147941552128,negative,6412,train
6413,567874892634304512,positive,6413,train
6414,567873196730421248,negative,6414,train
6415,567872810770657280,positive,6415,test
6416,567872411418247169,negative,6416,train
6417,567871270014025728,negative,6417,train
6418,567870895383015424,positive,6418,train
6419,567870311539933184,negative,6419,train
6420,567870045981929473,negative,6420,validation
6421,567869456048865281,neutral,6421,train
6422,567869273109958656,neutral,6422,train
6423,567869191002263553,negative,6423,validation
6424,567868770284208128,neutral,6424,train
6425,567866673325285376,negative,6425,validation
6426,567866511626346496,negative,6426,train
6427,567865403101298688,neutral,6427,train
6428,567864832235405313,negative,6428,test
6429,567863933018640384,neutral,6429,validation
6430,567863445422546944,positive,6430,train
6431,567863197341847552,positive,6431,train
6432,567862240419934208,positive,6432,train
6433,567861645084631041,negative,6433,train
6434,567861140895580160,neutral,6434,train
6435,567860982422306816,positive,6435,train
6436,567860325179072512,negative,6436,train
6437,567859569621372928,positive,6437,test
6438,567859338615865344,negative,6438,train
6439,567858373527470080,positive,6439,validation
6440,567858173282906112,negative,6440,test
6441,567858076285452288,negative,6441,train
6442,567857591222603776,negative,6442,train
6443,567856422030942208,positive,6443,train
6444,567856355907760128,negative,6444,train
6445,567855736665051136,neutral,6445,train
6446,567855640640516096,positive,6446,train
6447,567853059419856896,negative,6447,train
6448,567851763136491520,negative,6448,train
6449,567847571223388160,negative,6449,train
6450,567845681768968192,positive,6450,train
6451,567843845247016960,positive,6451,train
6453,567843309349036032,negative,6453,train
6454,567843014300692480,negative,6454,train
6455,567840923008237568,neutral,6455,train
6456,567840732305858560,negative,6456,train
6457,567838174816395264,negative,6457,test
6458,567836660899057664,negative,6458,train
6459,567835334572130304,neutral,6459,validation
6460,567833247242264577,negative,6460,train
6461,567833231434723328,positive,6461,validation
6462,567831380157206528,negative,6462,train
6463,567831245260005376,positive,6463,train
6464,567831160748916736,negative,6464,train
6465,567831075763003393,negative,6465,train
6466,567830740373868544,positive,6466,train
6467,567830627219939328,negative,6467,train
6468,567830505414103040,negative,6468,validation
6469,567830500095688704,negative,6469,train
6470,567830414615662592,negative,6470,train
6471,567830279809937408,negative,6471,train
6472,567829997668470785,negative,6472,validation
6473,567829689600892928,neutral,6473,train
6474,567829387485130752,positive,6474,test
6475,567828625388609536,negative,6475,test
6476,567827255088390144,negative,6476,train
6477,567826899776446464,neutral,6477,validation
6478,567826761141985280,positive,6478,validation
6479,567825886449250304,positive,6479,train
6480,567823996852428801,negative,6480,train
6481,567823967555178496,neutral,6481,test
6482,567823930985091072,negative,6482,test
6483,567823459276877824,negative,6483,train
6484,567823244549480448,negative,6484,test
6485,567822994925441025,negative,6485,train
6486,567822780135124992,negative,6486,train
6487,567821242029359104,negative,6487,validation
6488,567820713156943872,positive,6488,train
6489,567820352329523200,negative,6489,train
6490,567819541939494913,negative,6490,test
6491,567819359255810048,negative,6491,train
6492,567818783616954369,negative,6492,train
6493,567818765888557056,negative,6493,test
6494,567817558418804737,neutral,6494,train
6495,567817455234715649,negative,6495,validation
6496,567816909816635392,positive,6496,validation
6497,567815252881977344,negative,6497,train
6498,567814896965124096,negative,6498,train
6499,567814300594769920,positive,6499,train
6500,567814095626575873,neutral,6500,test
6501,567813976492417024,negative,6501,train
6502,567813189334790144,positive,6502,train
6503,567813060027772928,negative,6503,train
6504,567812709342822400,negative,6504,train
6505,567812544099827712,negative,6505,test
6506,567811776025468929,negative,6506,train
6507,567811713870876672,negative,6507,train
6508,567811407309185024,neutral,6508,train
6509,567811142924656640,negative,6509,validation
6510,567811093369790464,neutral,6510,train
6511,567810419672268800,positive,6511,train
6512,567809695260639232,negative,6512,train
6513,567806843310907392,positive,6513,train
6514,567806786331234305,negative,6514,validation
6515,567806501402976257,neutral,6515,train
6516,567805887319912448,positive,6516,train
6517,567805714216792064,negative,6517,train
6518,567804718886711296,neutral,6518,train
6519,567803969235390464,neutral,6519,train
6520,567802999880552448,negative,6520,train
6521,567802937394655232,neutral,6521,train
6522,567802829567467520,negative,6522,test
6523,567802752677457920,negative,6523,train
6524,567802649526976512,neutral,6524,train
6525,567801645795643393,positive,6525,test
6526,567801559788068864,neutral,6526,train
6527,567801079388471296,positive,6527,train
6528,567800801248161792,neutral,6528,test
6529,567800671572926464,negative,6529,train
6530,567800574051151872,negative,6530,train
6531,567800329824399360,positive,6531,train
6532,567799932897210368,negative,6532,train
6533,567799259224940544,neutral,6533,train
6534,567796413880397825,negative,6534,test
6535,567796276100886528,negative,6535,validation
6536,567793635892174848,negative,6536,train
6537,567793538134716417,neutral,6537,test
6538,567791323597524992,neutral,6538,train
6539,567791182199197697,positive,6539,train
6540,567790581901971456,neutral,6540,validation
6541,567790510502371328,negative,6541,test
6542,567789749013086208,positive,6542,train
6543,567788514952368129,positive,6543,train
6544,567787583138230272,neutral,6544,train
6545,567785122708332546,positive,6545,validation
6546,567785042891567104,negative,6546,train
6547,567784912011689984,negative,6547,train
6548,567783978955993088,negative,6548,train
6549,567783802492420096,positive,6549,train
6550,567783187901915136,neutral,6550,validation
6551,567783113309585409,negative,6551,train
6552,567782794261438466,negative,6552,train
6553,567781731156377600,negative,6553,train
6554,567781675514343424,negative,6554,test
6555,567781663469481984,neutral,6555,train
6556,567780392179351553,negative,6556,train
6557,567780076926693376,negative,6557,train
6558,567779815227260928,positive,6558,train
6559,567779798782595072,neutral,6559,test
6560,567778721474822145,negative,6560,train
6561,567778453006655488,negative,6561,train
6562,567778403755900928,neutral,6562,validation
6563,567777978327633920,positive,6563,train
6564,567777622357475328,neutral,6564,train
6565,567776832410636288,negative,6565,test
6566,567776143273512961,negative,6566,train
6567,567775685796589568,negative,6567,test
6568,567775613348376577,neutral,6568,train
6569,567774320170119168,positive,6569,train
6570,567774277656682496,negative,6570,train
6571,567774139353722880,negative,6571,train
6572,567774100299739138,positive,6572,train
6573,567773933928476672,negative,6573,train
6574,567773611591626752,neutral,6574,train
6575,567773445195583488,positive,6575,train
6576,567773236734074880,neutral,6576,train
6577,567773009092812802,neutral,6577,validation
6578,567772246060433408,negative,6578,test
6579,567772219549478912,positive,6579,train
6580,567771317705773056,neutral,6580,train
6581,567770722882580480,negative,6581,train
6582,567770621451702273,negative,6582,train
6583,567770347065384960,positive,6583,train
6584,567769787317907456,neutral,6584,train
6585,567769620648828929,neutral,6585,train
6586,567768484612816896,neutral,6586,train
6587,567767201286205441,neutral,6587,train
6588,567767091579592704,positive,6588,train
6589,567766563533897729,negative,6589,test
6590,567766512392364032,neutral,6590,train
6591,567766130907832322,negative,6591,train
6592,567765690589790208,negative,6592,test
6593,567765679764697089,negative,6593,test
6594,567765457731624960,negative,6594,train
6596,567764660683857920,negative,6596,validation
6597,567764034418909186,positive,6597,validation
6598,567764010812985344,negative,6598,train
6599,567763775751987201,negative,6599,train
6600,567763748559937536,negative,6600,train
6601,567762333779628032,negative,6601,validation
6602,567762099708112897,positive,6602,validation
6603,567761790357209088,negative,6603,train
6604,567761297879646208,negative,6604,train
6605,567760872739975168,positive,6605,train
6606,567760797062152192,negative,6606,train
6607,567760331829559296,negative,6607,train
6608,567760115579621376,negative,6608,test
6609,567759608643452929,negative,6609,train
6610,567758296417718272,negative,6610,validation
6611,567758180068130816,positive,6611,validation
6612,567758165287002112,neutral,6612,validation
6613,567758009607421952,negative,6613,train
6614,567757771953561600,negative,6614,train
6615,567756963329867776,negative,6615,train
6616,567756556536909825,negative,6616,train
6617,567754562053091328,neutral,6617,train
6618,567754504817606656,positive,6618,train
6619,567754223362666496,negative,6619,train
6620,567754165904887810,negative,6620,test
6621,567754096272224256,neutral,6621,train
6622,567753899939860480,negative,6622,validation
6623,567753747283988481,negative,6623,train
6624,567753194546421760,positive,6624,train
6625,567752826353225728,negative,6625,train
6626,567752680514330624,negative,6626,validation
6627,567752478309875714,negative,6627,test
6628,567752407166103552,negative,6628,test
6629,567752230111936512,negative,6629,validation
6630,567752048402104320,negative,6630,train
6631,567752009806131200,negative,6631,validation
6632,567751489754382336,negative,6632,train
6633,567750645462360064,negative,6633,validation
6634,567750589040181248,negative,6634,train
6635,567750529620697088,negative,6635,train
6636,567750519402143745,positive,6636,validation
6637,567750328729485314,negative,6637,train
6638,567749848074813442,neutral,6638,train
6639,567749206236880896,neutral,6639,test
6640,567748702781992960,negative,6640,train
6641,567748407070953472,neutral,6641,train
6642,567748330734641152,neutral,6642,train
6643,567748208844365825,negative,6643,train
6644,567748162178125825,negative,6644,train
6645,567748089805799425,negative,6645,train
6646,567747787807526912,negative,6646,train
6647,567746544536145921,positive,6647,train
6648,567745845781864449,positive,6648,train
6649,567744948934426625,negative,6649,train
6650,567744842935980032,negative,6650,train
6651,567744627143213056,positive,6651,train
6652,567744219281129473,positive,6652,train
6653,567743010322935808,neutral,6653,test
6654,567741655587905537,neutral,6654,train
6655,567741610373685250,neutral,6655,train
6656,567741202884075520,positive,6656,validation
6657,567741157070086144,positive,6657,validation
6658,567740403755909120,positive,6658,train
6659,567740235061014528,neutral,6659,train
6660,567739785981493248,positive,6660,train
6661,567739785406873601,positive,6661,train
6662,567739553251725312,negative,6662,train
6663,567739453884465152,negative,6663,train
6664,567739426499862528,neutral,6664,test
6665,567738743491411968,neutral,6665,train
6666,567738715657609216,negative,6666,validation
6667,567738484082114561,negative,6667,train
6668,567738375755415552,negative,6668,train
6669,567738154128769028,negative,6669,train
6670,567738065595019265,negative,6670,train
6671,567737962541375490,neutral,6671,train
6672,567737653118779392,positive,6672,validation
6673,567737625637687296,neutral,6673,train
6674,567737617031380992,positive,6674,validation
6675,567737554087059457,neutral,6675,train
6676,567737449938685952,negative,6676,train
6677,567737317432258560,neutral,6677,train
6678,567736870365171713,negative,6678,train
6679,567736166787850240,neutral,6679,train
6680,567735766416392194,positive,6680,validation
6681,567735667879575552,negative,6681,train
6682,567735489688395776,positive,6682,train
6683,567735409724366848,negative,6683,train
6684,567734769312882688,negative,6684,validation
6685,567734329212940288,positive,6685,train
6686,567734115899027457,neutral,6686,train
6687,567734113088835585,neutral,6687,train
6688,567734002287513602,neutral,6688,test
6689,567733978363621376,negative,6689,test
6690,567733656106459136,negative,6690,train
6691,567732510692347904,negative,6691,train
6692,567732427691683840,neutral,6692,train
6693,567731712004595714,neutral,6693,train
6694,567731598871642112,negative,6694,train
6695,567731546661326848,negative,6695,test
6696,567731246462033920,negative,6696,train
6697,567730704055037953,negative,6697,validation
6698,567729904788054017,negative,6698,train
6699,567729416231321600,negative,6699,train
6700,567729203894702082,negative,6700,train
6701,567728698900488192,neutral,3681,validation
6702,567728679426326528,negative,6702,validation
6703,567728229340172288,negative,6703,train
6704,567728114588209152,neutral,6704,train
6705,567727499367682048,neutral,6705,train
6706,567727026313101315,negative,6706,validation
6707,567726949049454592,negative,6707,train
6709,567724948375212032,negative,6709,train
6710,567724266045837313,negative,6710,train
6711,567723534344933376,negative,6711,train
6712,567723431513575424,negative,6712,train
6713,567723096186945538,positive,6713,train
6714,567722937545814018,positive,6714,train
6715,567722844319404033,neutral,6715,train
6716,567722689989578752,neutral,6716,test
6717,567722664597286913,negative,6717,train
6718,567722330340986880,negative,6718,test
6719,567722294680641538,negative,6719,train
6720,567721764285726720,neutral,6720,train
6721,567721738155622401,neutral,6721,test
6722,567721299162968065,negative,6722,test
6723,567720839408533504,positive,6723,train
6724,567720082860949504,negative,6724,train
6725,567719199850496000,negative,6725,validation
6726,567719031634157568,negative,6726,train
6727,567718653735731200,negative,6727,train
6728,567717985092395008,neutral,6728,train
6729,567717415367090176,negative,6729,train
6730,567715917983776772,negative,6730,train
6731,567715682918227970,negative,6731,train
6732,567713868747902976,negative,6732,train
6733,567713338873118722,positive,6733,train
6734,567704339448209409,negative,6734,validation
6735,567702414157824000,negative,6735,train
6736,567692504397803520,negative,6736,train
6737,567692251954827265,negative,6737,validation
6738,567688411289755648,negative,6738,test
6739,567688325276770306,neutral,6739,validation
6740,567686758708817921,neutral,6740,train
6741,567676626855419904,negative,6741,train
6742,567663504102940672,negative,6742,train
6743,567655489119326209,positive,6743,train
6744,567617081336950784,negative,6744,test
6745,567594449874587648,negative,6745,train
6746,570309345281486848,positive,6746,train
6747,570309308937842688,neutral,6747,test
6748,570308513181904901,neutral,6748,train
6749,570307820962373632,negative,6749,train
6750,570305363859406848,negative,6750,test
6751,570305098557091840,neutral,6751,train
6752,570304873620746240,neutral,6752,train
6753,570303683872886784,negative,6753,train
6754,570299924555956227,negative,6754,train
6755,570297402281893888,negative,6755,train
6756,570296417094373376,negative,6756,train
6757,570296110633381889,neutral,6757,train
6758,570295207763316736,negative,6758,validation
6759,570294460476760064,positive,6759,test
6760,570293674472558592,neutral,10,train
6761,570293669628157952,neutral,6761,train
6762,570292360749453312,negative,6762,test
6763,570292174044200963,negative,6763,test
6764,570291934306168834,neutral,6764,train
6765,570291828349669378,neutral,6765,train
6766,570291817087930369,neutral,6766,train
6767,570291699731308545,negative,6767,train
6768,570291473528320001,negative,6768,train
6769,570291066466897921,neutral,6769,train
6770,570289587794407425,negative,6770,train
6771,570289518194126849,positive,6771,train
6772,570288803849637888,positive,6772,validation
6773,570287886135918593,neutral,6773,train
6774,570287704728084480,positive,6774,train
6775,570287622343540736,positive,6775,test
6776,570287303681294337,neutral,6776,train
6777,570287210219606016,negative,6777,train
6778,570284988224008192,negative,6778,validation
6779,570284840752427008,negative,6779,train
6780,570280782373228544,neutral,6780,train
6781,570280776849346561,negative,6781,train
6782,570280755085090816,positive,6782,test
6783,570280008557547520,positive,6783,train
6784,570279787287093248,negative,6784,test
6785,570278619416694784,positive,6785,validation
6786,570277811795001344,negative,6786,validation
6787,570277278627848192,negative,6787,train
6788,570277054635057153,negative,6788,train
6789,570276843812732928,positive,6789,validation
6790,570273378403102720,neutral,6790,test
6791,570267929322921985,neutral,6791,train
6792,570267544906555393,neutral,6792,train
6793,570267535515324417,neutral,6793,test
6794,570267215720800256,neutral,6794,train
6795,570265811623002112,negative,6795,train
6796,570264515285266432,neutral,6796,test
6797,570264106059624448,neutral,6797,train
6798,570252044528959488,neutral,613,test
6799,570251671265083393,neutral,6799,validation
6800,570251142942171136,positive,6800,train
6801,570248591295557632,neutral,6801,train
6802,570246294582771712,positive,6802,train
6803,570246094157946880,neutral,6803,train
6804,570245603118211072,neutral,6804,train
6805,570244951914782721,positive,6805,validation
6806,570243767585935360,positive,6806,train
6807,570242512012451840,positive,6807,train
6808,570240052279648257,neutral,6808,train
6809,570239998383038464,neutral,6809,validation
6810,570239297456091136,neutral,6810,train
6811,570239272575315969,positive,6811,test
6812,570238950801059840,positive,6812,test
6813,570238126347714560,negative,6813,train
6815,570237343669608448,positive,6815,train
6816,570235244999270400,negative,6816,validation
6817,570233869212856320,positive,6817,test
6818,570233306664591361,neutral,6818,train
6819,570232676491202561,neutral,6819,validation
6820,570232616755929088,positive,6820,train
6821,570231750959329280,positive,6821,train
6822,570229813937463299,positive,6822,train
6823,570227706140323840,positive,6823,train
6824,570227199766179840,positive,6824,train
6825,570226143045033985,positive,6825,train
6826,570225899964129281,positive,6826,train
6827,570225396404359168,negative,6827,train
6828,570224962184867840,negative,6828,validation
6829,570222626712514560,positive,6829,test
6830,570221178658418689,positive,6830,test
6831,570218339118800896,positive,6831,train
6832,570217760430493698,negative,6832,train
6833,570215386102292480,negative,6833,test
6834,570213762948567040,neutral,6834,test
6835,570212129313316864,neutral,6835,train
6836,570212047692161025,neutral,6836,train
6837,570211016308596736,neutral,6837,train
6838,570208115205021696,positive,6838,train
6839,570206077826039808,positive,6839,validation
6840,570204309041893376,positive,6840,validation
6841,570200546679726082,negative,6841,train
6842,570199572435185664,negative,6842,train
6843,570198506222194692,negative,6843,test
6844,570198409497288705,negative,6844,train
6845,570198289376677888,negative,6845,validation
6846,570197146894520320,neutral,6846,train
6847,570195373018505216,negative,6847,train
6848,570195036782133248,positive,6848,train
6849,570193464467570688,negative,6849,train
6850,570192452486889473,neutral,6850,train
6851,570190438281248768,positive,6851,train
6852,570184343857045504,negative,6852,test
6853,570179466716176384,positive,6853,train
6854,570174713072369664,neutral,6854,train
6855,570173181727674368,negative,6855,train
6856,570168203470446592,neutral,6856,test
6857,570137183442608128,positive,6857,train
6858,570121321192894464,neutral,6858,test
6859,570102708734197760,negative,6859,train
6860,570095219091361792,positive,6860,test
6863,570087324949864448,negative,6863,train
6864,570084883332239360,neutral,6864,train
6865,570084632999428096,negative,6865,train
6866,570083989601411072,neutral,6866,validation
6867,570083380265689088,negative,6867,train
6868,570079918782095360,negative,6868,train
6869,570077234570010624,negative,6869,validation
6870,570076673162543104,neutral,6870,train
6871,570076595647426560,neutral,6871,train
6872,570075711433609216,positive,6872,test
6873,570073705507725313,neutral,6873,test
6874,570073661241057280,positive,6874,train
6875,570073592848715776,negative,6875,train
6876,570070740566990848,positive,6876,test
6877,570068045500194816,neutral,6877,validation
6878,570066859330019329,negative,6878,train
6879,570066554848743424,negative,6879,test
6880,570066245195829249,negative,6880,test
6881,570066175008350208,neutral,6881,train
6882,570066166930145280,negative,6882,train
6883,570065109961322496,negative,6883,train
6884,570063322449616896,negative,6884,train
6885,570061375592136706,negative,6885,train
6886,570060184908910592,negative,6886,train
6887,570059496300548096,negative,6887,train
6888,570059462976917507,negative,6888,validation
6889,570059116066017280,negative,6889,train
6890,570058565974675456,negative,6890,train
6891,570058262743101440,negative,6891,train
6892,570056726793359360,negative,6892,train
6893,570051731033235456,neutral,6893,test
6894,570050603851710464,neutral,6894,test
6895,570049623697461248,positive,6895,validation
6896,570049018820042752,positive,6896,test
6897,570048915518533634,neutral,6897,train
6898,570048890466111488,negative,6898,validation
6899,570048804550004737,negative,6899,train
6900,570047938401071105,negative,6900,train
6901,570047651875594240,neutral,6901,train
6902,570047059878936576,neutral,6902,train
6903,570045153295011841,neutral,6903,train
6904,570044715321569280,neutral,6904,train
6905,570043468321419264,neutral,6905,train
6906,570042533679656960,negative,6906,validation
6907,570042339575640066,negative,6907,train
6908,570040888321318912,neutral,6908,validation
6909,570039630973829120,negative,6909,train
6910,570038962561134594,negative,6910,train
6911,570037998773018624,negative,6911,train
6912,570035525761011713,negative,6912,train
6913,570032796472778752,neutral,6913,train
6914,570030390309552128,neutral,6914,test
6915,570027259999821824,neutral,6915,train
6916,570025186000539648,neutral,6916,train
6917,570023530466840576,positive,6917,train
6918,570021779521085440,neutral,6918,train
6919,570021223482191873,neutral,6919,train
6920,570020255793352704,negative,6920,train
6921,570018254271463424,negative,6921,train
6922,570016890996723713,neutral,6922,test
6923,570016801192456192,neutral,6923,validation
6925,570012934287568898,positive,6925,test
6926,570012849067720704,neutral,6926,train
6927,570012000648081409,negative,6927,train
6928,570011803389788160,neutral,6928,train
6930,570010882069151744,positive,6930,test
6931,570009951474753537,neutral,6931,train
6932,570009886198796288,neutral,6932,train
6933,570009292885123072,neutral,6933,train
6934,570008005774860289,neutral,6934,train
6935,570007995813273600,positive,6935,train
6936,570007685367799808,neutral,6936,test
6937,570006917927575552,negative,6937,test
6938,570002674747367424,positive,6938,train
6939,570002509906837504,neutral,6939,train
6940,570001825358860289,negative,6940,test
6941,570001706676842497,negative,6941,train
6942,570001601072652288,neutral,6942,train
6943,570001601055883265,neutral,6942,train
6944,570001601051668480,neutral,6942,train
6945,570001191796678656,positive,6945,train
6946,570000250225754114,neutral,6946,test
6947,570000249910996992,neutral,6947,train
6948,569998019694866432,negative,6948,validation
6950,569996141753802752,neutral,6950,train
6951,569994678155780096,neutral,6951,validation
6952,569994012670734336,negative,6952,validation
6953,569993670482644992,negative,6953,train
6954,569992753649729536,negative,6954,train
6955,569991184120193025,positive,6955,train
6956,569990330227007488,neutral,6956,train
6957,569989971156860928,negative,6957,test
6958,569989575793180672,neutral,6958,train
6959,569987608912142337,negative,6959,validation
6960,569987325347954688,neutral,6960,validation
6961,569985299448795137,neutral,6961,train
6962,569984773365612544,neutral,6962,validation
6963,569984653920210944,neutral,6963,train
6965,569983750798516225,neutral,6965,validation
6966,569983421549834240,positive,6966,validation
6967,569983338880114688,positive,6967,validation
6968,569979057028227072,positive,6968,test
6969,569978798906716161,neutral,6969,train
6970,569978537953902592,positive,6970,train
6971,569977974176378880,neutral,6971,train
6973,569977008077148161,negative,6973,validation
6974,569973084398100480,neutral,6974,train
6975,569968565513625600,positive,6975,train
6976,569968197224439809,neutral,6976,train
6977,569968117037707264,neutral,6977,train
6978,569968023592943616,neutral,1005,train
6979,569967910417866752,positive,6979,validation
6980,569967834203189248,negative,6980,train
6981,569967159549534208,negative,6981,train
6982,569966440381595648,neutral,6982,validation
6983,569966215621246976,negative,6983,validation
6984,569965774498095105,neutral,6984,train
6985,569964286954618880,neutral,6985,train
6987,569963064495366145,neutral,6987,train
6988,569962605671919616,neutral,6988,train
6989,569962417876131840,neutral,6989,train
6990,569962078791979009,neutral,6990,validation
6991,569961886046760961,neutral,6991,train
6992,569961785509478400,neutral,6992,test
6993,569961511440879616,neutral,6993,train
6994,569961185107431425,negative,6994,train
6995,569961170389618688,neutral,6995,test
6997,569960635376766976,neutral,6997,validation
6999,569960350876979200,neutral,6999,validation
7000,569960010249334784,negative,7000,train
7001,569959737246109696,negative,7001,train
7002,569959406927945728,neutral,7002,train
7003,569959283934277633,neutral,7003,train
7004,569959200891252736,neutral,7004,train
7005,569959122331836416,positive,7005,train
7006,569958895700959232,neutral,7006,train
7007,569958873819279360,neutral,7007,train
7008,569958588837285890,neutral,7008,train
7009,569958349514485760,negative,7009,train
7010,569958127258497025,negative,7010,train
7011,569957235033399297,negative,7011,test
7012,569957094788624384,positive,7012,train
7013,569956617988345856,neutral,7013,validation
7014,569954824265076737,neutral,7014,train
7015,569954556001566721,neutral,7015,test
7016,569954393216454656,neutral,7016,train
7017,569953847797530624,neutral,7017,train
7019,569953259479277568,positive,7019,train
7020,569953001751732225,neutral,7020,train
7021,569952664445808640,neutral,7021,train
7022,569952605721337856,neutral,7022,test
7024,569952252087177216,neutral,7024,train
7025,569951324508446721,positive,7025,train
7026,569951211471962112,positive,7026,train
7027,569950913554620416,negative,7027,train
7028,569950766389182464,neutral,7028,train
7029,569950567663050752,negative,7029,train
7030,569950348908982273,neutral,7030,test
7031,569949718832398339,neutral,7031,validation
7032,569949588527775744,neutral,7032,train
7033,569949297220980737,negative,7033,train
7034,569949217843605504,negative,7034,train
7035,569948928864600064,neutral,7035,test
7036,569948808320315392,neutral,7036,test
7037,569948710370717696,negative,7037,train
7038,569948686228295681,positive,7038,train
7039,569948353003446274,neutral,7039,train
7040,569948345583562752,positive,7040,train
7041,569948225278480384,negative,7041,train
7042,569948212607393792,neutral,7042,test
7043,569948131397410816,neutral,7043,test
7044,569947823426441216,neutral,7044,train
7045,569947699471974400,negative,7045,train
7046,569947618413031424,positive,7046,train
7047,569947518655721472,negative,7047,train
7048,569947514633191424,negative,7048,train
7049,569947476830101504,neutral,7049,train
7050,569947389383065600,negative,7050,validation
7051,569947367203450880,neutral,7051,validation
7052,569947357787385859,neutral,7052,train
7053,569947356428419073,neutral,7053,train
7054,569947332135018496,neutral,7043,test
7055,569947331241639936,neutral,7055,train
7056,569947151339429889,positive,7056,train
7057,569946477356818432,neutral,7057,train
7058,569946372901707776,negative,7058,validation
7059,569946008840491008,neutral,7059,train
7060,569945451564277760,neutral,7060,train
7061,569945380198203392,neutral,7061,train
7062,569944919894327297,neutral,7062,train
7063,569943785905332225,neutral,7063,train
7064,569942703494070272,positive,7064,train
7065,569942253365534721,positive,7065,train
7066,569941529902641153,neutral,7066,train
7067,569941344053018625,negative,7067,train
7069,569940998035345408,negative,7069,train
7070,569940702425169920,neutral,7070,test
7071,569940579221504001,neutral,7071,train
7072,569940226984042496,neutral,7072,validation
7073,569939966584852480,negative,7073,train
7074,569939932191559680,neutral,7074,train
7076,569939614175248384,negative,7076,train
7077,569939611650166785,positive,7077,train
7078,569939532096925697,neutral,7078,train
7079,569939494465462272,negative,7079,test
7080,569939458965032963,neutral,7080,train
7082,569939265154617344,neutral,7082,train
7084,569938880495026176,positive,7084,train
7085,569938848156930050,neutral,7085,train
7086,569938845111848961,neutral,7086,train
7087,569938796986433537,negative,7087,train
7090,569938470824574976,positive,7090,train
7091,569938450633388032,neutral,7091,train
7092,569938303694319616,neutral,7092,train
7093,569938090510454784,neutral,7093,train
7094,569937905872822272,neutral,7094,train
7095,569937891788505088,neutral,7095,test
7097,569937767775510530,neutral,7097,train
7098,569937722804211713,positive,7098,train
7099,569937664964743169,neutral,3681,validation
7100,569937408013176832,negative,7100,validation
7101,569937260994564098,neutral,7101,train
7102,569937017150291968,neutral,7102,train
7103,569936900804505600,neutral,7103,test
7105,569936613016350720,neutral,7105,validation
7106,569936426902687744,neutral,6881,train
7107,569936252977451008,neutral,7107,test
7108,569935956880420864,negative,7108,train
7110,569935918225711105,negative,7110,train
7111,569935592651411456,neutral,7094,train
7112,569934977963573248,positive,7112,validation
7113,569934594268471296,neutral,7113,train
7114,569934048346251264,neutral,7114,validation
7115,569932678688055296,negative,7115,train
7116,569931753768382464,negative,7116,train
7119,569930252606164993,negative,7119,train
7120,569929677571166208,negative,7120,train
7121,569929507945234433,positive,7121,test
7123,569929075894194176,negative,7123,train
7124,569928989231353857,positive,7124,validation
7125,569928060587233280,neutral,7125,train
7126,569927906241212416,negative,7126,train
7127,569927856232534016,neutral,7127,train
7128,569927792781086720,positive,7128,train
7129,569927506112815106,neutral,7129,validation
7130,569927476463452160,neutral,7130,train
7131,569927299908444160,negative,7131,test
7132,569927288751587328,negative,7132,test
7133,569927127350407168,positive,7133,test
7134,569927035524681728,negative,7134,train
7135,569926945535860736,positive,7135,train
7136,569926909515034624,neutral,7136,train
7137,569926688244703232,negative,7137,test
7139,569926659219922944,positive,7139,train
7140,569926608997498881,neutral,7140,train
7141,569926559982751744,positive,7141,train
7142,569926460036657152,negative,7142,train
7143,569925941067186179,neutral,7143,train
7144,569925929713188864,positive,7144,train
7145,569925590276419584,neutral,7145,validation
7146,569925551475056640,positive,7146,test
7147,569925538946551808,negative,7147,validation
7148,569925511394119680,neutral,7148,train
7149,569925190236442624,negative,7149,train
7150,569925187757592576,neutral,7150,validation
7151,569925111475793921,neutral,6931,train
7152,569925091095646209,neutral,7152,validation
7153,569925082832728064,neutral,7153,validation
7154,569924793232785408,negative,7154,train
7156,569924654401495040,negative,7156,validation
7157,569924418320740352,negative,7157,train
7159,569924375723560961,neutral,7159,train
7160,569924145380634624,positive,7160,train
7161,569924117719199744,neutral,7161,train
7162,569924116335108096,positive,7162,test
7163,569924101080535042,neutral,7163,train
7164,569924092280774656,negative,7164,validation
7165,569923934054805504,positive,7165,train
7166,569923825179054081,positive,7166,train
7168,569923685848653824,positive,7168,test
7170,569923518051323906,neutral,7170,test
7171,569922420624068608,positive,7171,validation
7172,569921913667104768,negative,7172,train
7173,569921467552567296,positive,7173,train
7174,569921385100750849,negative,7174,train
7176,569920515542003712,positive,7176,validation
7177,569920090440916994,positive,7177,test
7178,569918453722656768,positive,7178,train
7179,569917729022586880,negative,7179,train
7180,569913667476549632,negative,7180,validation
7181,569911600934752256,positive,7181,train
7182,569909756493746176,negative,7182,train
7183,569908792776892416,neutral,7183,train
7184,569908080114339840,neutral,7184,test
7185,569906378233356290,neutral,7185,validation
7186,569905884425383936,negative,7186,train
7187,569905336380989440,negative,7187,train
7188,569904537739382784,positive,7188,train
7189,569902181366820864,negative,7189,test
7190,569901265163034624,neutral,7190,train
7192,569899437662863360,positive,7192,test
7193,569899413558169600,neutral,7193,train
7194,569898995327377408,neutral,7194,train
7195,569894640675102722,negative,7195,train
7196,569894012800217088,negative,7196,train
7197,569893737385472000,neutral,7197,train
7198,569892980712013824,positive,7198,test
7199,569892141335334913,neutral,7199,train
7200,569890600474021889,neutral,7200,train
7201,569890099917246464,positive,7201,train
7202,569890084893413376,neutral,7202,train
7203,569889846472409088,neutral,7203,train
7204,569889547162669056,negative,7204,train
7205,569889219805642752,neutral,7205,train
7206,569889139593646080,positive,7206,train
7207,569888931443052544,negative,7207,train
7208,569888183409893377,neutral,7208,validation
7209,569888159707738113,neutral,7209,train
7210,569887654713499648,neutral,7210,train
7211,569885859954229248,negative,7211,train
7212,569884951207813122,neutral,7212,train
7213,569884948091396096,positive,7213,train
7215,569880288702173184,positive,7215,validation
7216,569880105507540992,negative,7216,validation
7217,569879547908206592,positive,7217,train
7218,569879497891303424,neutral,7218,train
7220,569877431227686912,negative,7220,test
7221,569876427270701056,negative,7221,train
7222,569874374741925889,negative,7222,validation
7223,569874150636048384,neutral,7223,train
7224,569873065464573952,positive,7224,test
7225,569870480993181698,negative,7225,train
7226,569867719874650112,positive,7226,train
7227,569866317706231808,neutral,7227,train
7228,569865536873500672,negative,7228,test
7229,569864437739495424,negative,7229,train
7230,569863166189924352,negative,7230,test
7231,569862271968669697,negative,7231,validation
7232,569861557775163393,neutral,7232,test
7233,569857331284078592,negative,7233,train
7234,569855477854691328,negative,7234,train
7235,569854312702201856,negative,7235,train
7236,569851813706539009,positive,7236,train
7237,569851605358669824,negative,7237,validation
7238,569847852605812737,negative,7238,test
7239,569847066555498496,negative,7239,train
7240,569845862366633984,negative,7240,validation
7241,569844102239531008,neutral,7241,test
7242,569836725612220416,negative,7242,validation
7243,569836232999612417,positive,7243,train
7244,569835633147056128,negative,7244,train
7245,569830923597955073,negative,7245,train
7246,569797465416683521,negative,7246,train
7247,569786249508048896,neutral,7247,train
7248,569775081636782081,positive,7248,test
7249,569763942144176128,negative,7249,validation
7250,569747874952683520,negative,7250,train
7251,569746271336062978,neutral,7251,test
7252,569741756968919040,positive,7252,train
7253,569739521291452416,negative,7253,train
7254,569737259999571968,negative,7254,test
7255,569736434803978240,positive,7255,test
7256,569733882007801857,negative,7256,train
7257,569729732952109056,negative,7257,train
7258,569723086465069056,negative,7258,train
7259,569722876879884288,neutral,7259,train
7260,569722367343136768,positive,7260,validation
7261,569721150156230657,negative,7261,train
7262,569718205524127745,positive,7262,train
7263,569716857869107200,negative,7263,test
7264,569716645150781440,negative,7264,train
7265,569713071435829249,neutral,7265,validation
7266,569711837656125440,negative,7266,train
7267,569708004075044864,negative,7267,train
7268,569707583646375936,positive,7268,train
7269,569705786408079360,negative,7269,train
7270,569705380282019841,neutral,7270,train
7271,569704700490219523,negative,7271,train
7272,569704005250777090,negative,7272,test
7273,569702870423117825,negative,7273,train
7274,569702567573368832,positive,7274,train
7275,569700499319959553,positive,7275,train
7276,569699027782012930,negative,7276,train
7277,569698562734321665,negative,7277,validation
7278,569698117685268481,negative,7278,train
7279,569697728890056704,neutral,7279,train
7280,569696862011133952,negative,7280,train
7281,569696663742365696,negative,7281,train
7282,569693923183972352,negative,7282,validation
7283,569692158287962112,positive,7283,train
7284,569691489179021312,positive,7284,test
7285,569690317869330432,neutral,7285,train
7286,569687874288914432,negative,7286,train
7287,569687244031852544,neutral,7287,train
7288,569686510108344320,negative,7288,train
7289,569686267354599426,positive,7289,train
7290,569685767527596032,negative,7290,train
7291,569685692038557696,negative,7291,validation
7292,569685194908819457,negative,7292,train
7294,569684947151093760,positive,7294,train
7295,569683696422244352,neutral,7295,train
7296,569683558081687552,negative,7296,test
7297,569683366632493056,negative,7297,test
7298,569682277111889920,negative,7298,validation
7299,569679888682061826,negative,7299,train
7300,569679240586764288,negative,7300,validation
7301,569678931785228288,negative,7301,test
7302,569678787383857152,negative,7302,train
7303,569678058199732225,negative,7303,train
7304,569676138253049859,positive,7304,train
7305,569675848770408448,positive,7305,train
7306,569675498873159680,negative,7306,train
7307,569674356915347456,negative,7307,test
7308,569674349734711296,negative,7308,test
7309,569674104913014784,negative,7309,validation
7310,569672563506458624,positive,7310,train
7311,569672510565969920,positive,7311,train
7312,569672477967835136,negative,7312,train
7313,569672448716742656,neutral,7313,test
7314,569672099704508416,negative,7314,train
7315,569672010734968832,positive,2997,train
7316,569671981852798976,negative,7316,train
7317,569671435309809664,positive,7317,train
7318,569671231001092096,negative,7318,train
7319,569671173136637953,negative,7319,validation
7320,569671000486502400,positive,7320,train
7321,569670844047192064,negative,7321,train
7322,569670407709544448,negative,7322,train
7323,569670228713578496,neutral,7323,train
7324,569669991450185728,neutral,7324,train
7325,569669129130647552,negative,7325,train
7326,569669059941261312,negative,7326,validation
7327,569668818253053952,negative,7327,train
7328,569668536966053888,negative,7328,validation
7329,569668144198848514,neutral,7329,train
7330,569667821455708160,neutral,7330,test
7331,569667688743763968,negative,7331,test
7332,569666892882952192,negative,7332,train
7333,569666838340210689,negative,7333,train
7334,569666455114903552,negative,7334,test
7335,569666011147821057,negative,7335,train
7336,569665766628286464,negative,7336,train
7337,569665692770967552,negative,7337,test
7338,569664636179476480,negative,7338,train
7339,569662513111023616,negative,7339,test
7340,569661069913821184,negative,7340,train
7341,569660111976689664,negative,7341,train
7342,569659637575917568,negative,7342,validation
7343,569659473804947456,positive,7343,test
7344,569658903044218880,negative,7344,validation
7345,569658058546286592,neutral,7345,train
7346,569657725304610816,negative,7346,train
7347,569655420962238465,negative,7347,test
7348,569655262765719553,negative,7348,train
7349,569652510794887168,negative,7349,train
7350,569650936911683586,negative,7350,train
7351,569650612545187840,neutral,7351,train
7352,569650423318982657,positive,7352,train
7353,569648753357037569,neutral,7353,test
7354,569648229295329280,positive,7354,train
7355,569647396940075008,negative,7355,validation
7356,569647169084526593,neutral,7356,validation
7357,569646982282612736,negative,7357,test
7358,569646269221773312,negative,7358,train
7359,569646184005894144,negative,7359,train
7360,569646004254998528,negative,7360,train
7361,569645522363011072,neutral,7361,train
7362,569645505950695424,negative,7362,validation
7363,569644675352662016,negative,7363,train
7364,569644634386911232,negative,7364,test
7365,569643287918845952,negative,7365,validation
7366,569642730932064256,positive,7366,train
7367,569642569203904512,negative,7367,validation
7368,569640193931612160,negative,7368,train
7369,569638848214507520,positive,7369,test
7370,569638521817968641,neutral,7370,train
7371,569636980612427776,negative,7371,train
7372,569634891857600514,neutral,7372,train
7373,569634729324122112,negative,7373,train
7374,569634575653183488,neutral,7374,train
7375,569633643821441024,negative,7375,train
7376,569633562879619073,positive,7376,train
7377,569633484333051904,neutral,7377,train
7378,569633393673150464,negative,7378,test
7379,569633257689518081,negative,7379,train
7380,569633166031511552,negative,7380,test
7381,569633036251340800,neutral,7381,train
7382,569632594221867008,neutral,7382,train
7383,569632519387099137,negative,7383,train
7384,569630310779854848,negative,7384,train
7385,569630240512876546,positive,7385,test
7386,569630160233873411,neutral,7386,train
7387,569629537400696832,negative,7387,train
7388,569628922431873025,negative,7388,validation
7389,569628752231018496,negative,7389,train
7390,569628503550906368,neutral,7390,train
7391,569628172842479616,negative,7391,train
7392,569628159085301760,negative,7392,train
7393,569628053648904195,neutral,7393,train
7394,569627907871502338,negative,7394,test
7395,569627675557384192,neutral,7395,train
7396,569627624617611264,neutral,7396,train
7397,569627374674964480,negative,7397,test
7398,569627273407569920,negative,7398,validation
7399,569626884549578752,negative,7399,train
7400,569626613664653312,negative,7400,train
7401,569625782181617664,negative,7401,train
7402,569625606536732672,neutral,7402,train
7403,569624621047111680,negative,7403,train
7404,569624091646431232,negative,7404,validation
7405,569623948767268864,negative,7405,train
7406,569623368711991296,negative,7406,train
7407,569623248205430785,negative,7407,train
7408,569622819283337218,negative,7408,train
7409,569622618195652608,negative,7409,train
7410,569622447869304832,negative,7410,test
7411,569622389920641024,negative,7411,train
7412,569621991852019713,positive,7412,validation
7413,569621840844464128,negative,7413,train
7414,569621744295682048,negative,7414,train
7415,569621351650209792,negative,7415,validation
7416,569621047353450496,negative,7416,train
7417,569620910019182592,negative,7417,validation
7418,569620873394696192,negative,7418,train
7419,569620598307074048,negative,7419,test
7420,569620168671756288,neutral,7420,test
7421,569619984802054144,neutral,7421,train
7422,569618489788346368,negative,7422,train
7423,569618309357940737,neutral,7423,train
7424,569618014141751298,negative,7424,validation
7425,569617906390052865,negative,7425,train
7426,569617776509378560,neutral,7426,train
7427,569617259548708864,negative,7427,train
7428,569616883734974464,negative,7428,test
7429,569616576481267712,neutral,7429,validation
7430,569615753885970432,negative,7430,train
7431,569615636869062659,negative,7431,train
7432,569614500044918784,positive,7432,test
7433,569612120758878208,neutral,7433,train
7434,569609436714680320,positive,7434,train
7435,569607909501472769,negative,7435,train
7436,569607852236640256,negative,7436,train
7437,569606966772940801,negative,7437,train
7438,569605593159352322,positive,7438,validation
7439,569604507405037569,negative,7439,train
7440,569604469324967938,neutral,7440,train
7441,569604208661409792,negative,7441,train
7442,569604033083789312,negative,7442,train
7443,569603641767792641,positive,7443,test
7444,569603529888788480,negative,7444,validation
7445,569603273033945090,negative,7445,validation
7446,569603039750852608,negative,7446,train
7447,569603002278944768,positive,7447,train
7448,569602974671990784,negative,7448,train
7449,569602897572450305,negative,7449,test
7450,569602645712769025,neutral,7450,train
7451,569601850820976640,negative,7451,validation
7452,569599590355173376,neutral,7452,test
7453,569596394819883008,positive,7453,validation
7454,569594354924425216,negative,7454,train
7455,569592675638382592,negative,7455,train
7456,569590527349252096,neutral,7456,validation
7457,569588667225927680,negative,7457,test
7458,569587048811761664,negative,7458,test
7459,569586611085815808,neutral,7459,train
7460,569586189776371712,positive,7460,train
7461,569585827019399168,neutral,7461,test
7462,569585355319599104,negative,7462,train
7463,569585203666161664,negative,7463,train
7464,569584372820647936,neutral,7464,validation
7465,569582603902128128,negative,7465,validation
7466,569581303785328640,negative,7466,train
7467,569581126215438336,positive,7467,test
7468,569580460843651072,positive,7468,train
7469,569580001672237056,positive,7469,train
7470,569579153604743171,negative,7470,train
7471,569578439797313536,neutral,7471,train
7472,569578296360378369,negative,7472,train
7473,569577794910490624,negative,7473,test
7474,569577434657492992,neutral,7474,validation
7475,569577005278064640,neutral,7475,train
7476,569576321011077121,negative,7476,train
7477,569576214047760385,negative,7477,train
7478,569576099018985472,negative,7478,train
7479,569576074050473984,positive,7479,train
7480,569575699314569216,neutral,7480,test
7481,569574711899922433,positive,7481,train
7482,569574221216661505,positive,7482,train
7483,569573843825790976,positive,7483,train
7484,569573528149716992,negative,7484,validation
7485,569572707299299328,positive,7485,validation
7486,569572180012371968,negative,7486,train
7487,569571938819055617,negative,7487,train
7488,569571829033144320,negative,7488,test
7489,569571763744452608,negative,7489,train
7490,569571731649667072,negative,7490,train
7491,569571492947742720,negative,7491,train
7492,569568878977794048,negative,7492,train
7493,569568357030232066,negative,7493,train
7494,569566880006086656,neutral,7494,validation
7495,569566511184125952,negative,7495,train
7496,569565393502793728,neutral,7496,train
7497,569564824939556864,negative,7497,train
7498,569564666013163520,negative,7498,train
7499,569564016906891264,negative,7499,train
7500,569563087964995584,positive,7500,test
7501,569562990250323968,negative,7501,train
7502,569559833415970816,negative,7502,test
7503,569559370104639488,negative,7503,test
7504,569559136540561408,negative,7504,train
7505,569558286216929280,negative,7505,train
7506,569558235897688064,positive,7506,validation
7507,569558114447560706,negative,7507,train
7508,569558065516822528,negative,7508,train
7509,569557216480665600,negative,7509,train
7510,569556860652675072,negative,7510,train
7511,569554776611901440,neutral,7511,validation
7512,569554727572099072,negative,7512,train
7513,569554300495462400,neutral,7513,train
7514,569552658010210305,negative,7514,train
7515,569552552297041920,negative,7515,test
7516,569550230376423424,neutral,7516,train
7517,569549922569224192,negative,7517,train
7518,569548726265470976,neutral,7518,train
7519,569548188375326721,negative,7519,train
7520,569547458520469505,negative,7520,validation
7521,569547374454050816,negative,7521,train
7522,569546763297796096,negative,7522,train
7523,569545323657494528,negative,7523,validation
7524,569543615862722561,positive,7524,train
7525,569543457452064768,positive,7525,train
7526,569543012914565126,negative,7526,train
7527,569542909533384707,negative,7527,train
7528,569542385627230208,neutral,7528,train
7529,569542242983124992,positive,7529,train
7530,569542052259766272,negative,7530,validation
7531,569541545029804034,negative,7531,train
7532,569541478244089857,negative,7532,train
7533,569541336224927744,negative,7533,train
7534,569541328289165312,negative,7534,train
7535,569540050821763072,positive,7535,train
7536,569539928129818624,negative,7536,train
7537,569539746348675073,negative,7537,train
7538,569539287118692352,negative,7538,test
7539,569539111222190081,neutral,7539,test
7540,569538840735703040,negative,7540,train
7541,569538135916351489,positive,7541,train
7542,569538127016144896,negative,7542,train
7543,569538002025779200,neutral,7543,train
7544,569537388986421249,positive,7544,test
7545,569536910990950401,negative,7545,train
7546,569535821486952448,negative,7546,train
7547,569535647704354816,negative,7547,train
7548,569535236884664320,negative,7548,train
7549,569535203888271361,negative,7549,train
7550,569534889055395841,negative,7550,validation
7551,569533875308916736,negative,7551,validation
7552,569533648367722496,negative,7552,train
7553,569533479362408448,positive,7553,train
7554,569533394025099265,negative,7554,train
7555,569533355248766976,positive,7555,train
7556,569533328396832768,negative,7556,validation
7557,569533098402009088,positive,7557,train
7558,569532566610571265,positive,7558,train
7559,569531924219191296,negative,7559,train
7560,569531651732217857,neutral,7560,train
7561,569530599129501696,positive,7561,validation
7562,569530195306258432,negative,7562,train
7563,569530159247826944,positive,7563,train
7564,569529242893090816,negative,7564,train
7565,569529128585555968,neutral,7565,train
7566,569529020892651521,negative,7566,train
7567,569528694613671936,negative,7567,train
7568,569528451339673600,neutral,7568,test
7569,569528351364292608,negative,7569,train
7570,569528083755237376,negative,7570,test
7571,569527951831666688,negative,7571,train
7572,569527848131637248,positive,7572,train
7573,569527641025306624,positive,7573,validation
7574,569527586960711681,negative,7574,validation
7575,569527183825182720,negative,7575,train
7576,569526960268963840,negative,7576,validation
7577,569526894028197888,negative,7577,validation
7578,569526559012495361,negative,7578,train
7579,569526493023498240,positive,7579,validation
7580,569526458529349632,negative,7580,validation
7581,569526325255364609,positive,7581,train
7582,569525974284558338,neutral,7582,test
7583,569525875860905984,negative,7583,train
7584,569525684864983041,negative,7584,train
7585,569525641759993856,neutral,7585,train
7586,569525452081111041,negative,7586,train
7587,569525270907981825,negative,7587,train
7588,569524310186061824,negative,7588,train
7589,569524116769914882,positive,7589,train
7590,569522879764807680,negative,7590,train
7591,569522767868989440,negative,7591,train
7592,569522690261950464,neutral,7592,test
7593,569521778797744128,positive,7593,test
7594,569520477351383040,negative,7594,train
7595,569519860994203648,negative,7595,train
7596,569519571314589696,neutral,7596,train
7597,569517479296409600,positive,7597,train
7598,569516908195815425,positive,7598,train
7599,569514902748061696,neutral,7599,validation
7600,569514688809181184,positive,7600,train
7601,569514471296774146,negative,7601,train
7602,569514168576974848,neutral,7602,train
7603,569512447717085185,neutral,7603,train
7604,569512252639981568,negative,7604,train
7605,569512239209824256,negative,7605,train
7606,569511892215062528,negative,7606,train
7607,569510849846611968,positive,7607,train
7608,569510667612504065,negative,7608,train
7609,569509408939487232,positive,7609,train
7610,569508802891882497,neutral,7610,train
7611,569508336594505728,negative,7611,train
7612,569506408145784832,negative,7612,train
7613,569506389397282816,positive,7613,train
7614,569506217271427072,negative,7614,test
7615,569504946120298496,positive,7615,train
7616,569504299992141824,negative,7616,train
7617,569503983623999488,negative,7617,train
7618,569503518224211968,positive,7618,train
7619,569502050536587264,negative,7619,train
7620,569501773863493632,neutral,7620,test
7621,569501556275605506,positive,7621,train
7622,569498738856755200,negative,7622,train
7624,569497966660218882,negative,7624,train
7625,569497959932530689,neutral,7625,validation
7626,569497791623512065,negative,7626,train
7627,569496729755652098,neutral,7627,train
7628,569494958006263809,negative,7628,train
7629,569493813884030976,neutral,7629,train
7630,569493046557069313,negative,7630,test
7631,569491537610059776,negative,7631,test
7632,569490427625086976,negative,7632,test
7633,569490072975876097,negative,7633,train
7634,569489114707431424,negative,7634,train
7635,569487598709817344,neutral,7635,train
7636,569485297639149568,negative,7636,train
7637,569484400594952192,negative,7637,train
7638,569483493236969473,neutral,7638,train
7639,569479404428120064,positive,7639,train
7640,569479008708120576,negative,7640,train
7641,569477571726974976,negative,7641,test
7642,569474081202032641,negative,7642,train
7643,569473231498964992,neutral,7643,train
7644,569471837614137344,negative,7644,train
7645,569462004332646400,positive,7645,train
7646,569460591644925952,negative,7646,validation
7647,569447456896917505,positive,7647,test
7648,569439829328408576,positive,7648,train
7649,569439674294337536,positive,7649,test
7650,569436958281183233,negative,7650,test
7651,569435866902302720,positive,7651,train
7652,569423132240556033,neutral,7652,train
7653,569420237189181440,negative,7653,train
7654,569420073707773952,negative,7654,train
7655,569418216935723008,negative,7655,validation
7656,569413676337274880,negative,7656,train
7657,569394918675783681,positive,7657,train
7658,569387453418762241,negative,7658,train
7659,569386956435488768,positive,7659,validation
7660,569386581938860032,negative,7660,validation
7661,569385087424458752,neutral,7661,train
7662,569382239131168769,positive,7662,train
7663,569381811278770176,negative,7663,train
7664,569380376709238784,neutral,7664,validation
7665,569378165610524672,neutral,7665,train
7666,569373511455776768,neutral,7666,train
7667,569369662955261953,negative,7667,validation
7668,569366846547369984,negative,7668,train
7669,569366479008862208,negative,7669,train
7670,569365818229829632,negative,7670,train
7671,569364648576872448,positive,7671,validation
7672,569364383652044800,negative,7672,train
7673,569359788120907776,positive,7673,train
7674,569358956549681152,negative,7674,validation
7675,569357827522699264,negative,7675,train
7676,569355673068118016,neutral,7676,train
7677,569353033915584513,positive,7677,train
7678,569352134774415360,positive,7678,train
7679,569349960228974592,negative,7679,train
7680,569348995136376833,negative,7680,train
7681,569348268154609664,positive,7681,validation
7682,569346870423769088,negative,7682,train
7683,569346433305993216,neutral,7683,train
7685,569346317706768385,neutral,7685,train
7686,569345693770502144,negative,7686,train
7687,569344914485583872,neutral,7687,train
7688,569344744297521152,negative,7688,test
7689,569344334761316354,negative,7689,train
7690,569343882389016577,neutral,7690,train
7691,569343781092401152,negative,7691,train
7692,569343607326547968,negative,7692,validation
7693,569343003476819969,neutral,7693,train
7694,569342641571291136,negative,7694,train
7695,569342393943773184,neutral,7695,validation
7696,569342336158851074,negative,7696,train
7697,569341821505163264,negative,7697,validation
7698,569341641200439296,negative,7698,validation
7699,569341255399964672,negative,7699,train
7700,569341160482856960,negative,7700,train
7701,569339932801703936,negative,7701,train
7702,569339717990400000,negative,7702,test
7703,569333461401481216,neutral,7703,validation
7704,569332001720967168,positive,7704,train
7705,569330782537437184,positive,7705,validation
7706,569330095644659712,positive,7706,train
7707,569330091857219585,positive,7707,train
7708,569329921740427264,negative,7708,test
7709,569328773876871168,negative,7709,test
7710,569327066887401473,negative,7710,test
7711,569322419036356608,neutral,7711,test
7712,569320520728113152,positive,7712,train
7713,569318653792948226,negative,7713,train
7714,569313006406012928,positive,7714,train
7715,569312396097003520,positive,7715,train
7716,569311730540683264,positive,7716,train
7717,569310328862830592,neutral,7717,test
7718,569310202174025729,neutral,7718,test
7719,569310070825226241,positive,7719,train
7720,569308292893290496,positive,7720,train
7721,569307978798645248,neutral,7721,validation
7722,569307917712805889,positive,7722,train
7723,569305802487439360,neutral,7723,test
7724,569305705750114305,negative,7724,test
7725,569305409925873664,positive,7725,train
7726,569304186548047872,positive,7726,train
7727,569303932691984384,negative,7727,train
7728,569301593587208193,neutral,5155,train
7729,569301330306699264,negative,7729,test
7730,569301025280167936,neutral,7730,train
7732,569300264349364224,positive,7732,train
7733,569300193503367168,negative,7733,train
7734,569299428068233217,neutral,7734,test
7735,569297850456109056,positive,7735,train
7736,569296877902041088,positive,7736,train
7737,569296354607935488,positive,7737,test
7738,569294070129930240,positive,7738,test
7739,569294014026903552,neutral,7739,train
7740,569287489883500545,neutral,7740,train
7741,569284887955558401,neutral,7741,train
7742,569284604567228416,neutral,7742,train
7743,569283532167757826,negative,7743,train
7744,569280114296401920,neutral,2292,train
7745,569280107724050432,negative,7745,test
7746,569279670048452608,negative,7746,train
7747,569278644943757312,positive,7747,train
7748,569276518305820672,positive,7748,train
7749,569275935905722368,positive,7749,train
7750,569275580543320064,negative,7750,train
7751,569275554110664705,negative,7751,validation
7752,569275378331717633,neutral,7752,train
7753,569274492607967232,neutral,7753,train
7754,569274123525844994,negative,7754,validation
7755,569274057897730048,neutral,7755,train
7756,569273795850178560,negative,7756,test
7757,569273785553178624,negative,7757,train
7758,569273777999241216,negative,7758,train
7759,569273297491378176,neutral,2296,train
7760,569271994212069376,positive,7760,train
7762,569271020395241472,negative,7762,validation
7763,569268751008436224,negative,7763,train
7764,569268455314219008,positive,7764,train
7765,569267891721375745,negative,7765,train
7766,569266679903080448,neutral,7766,train
7767,569265728408440833,neutral,7767,test
7768,569262534232039427,negative,7768,test
7769,569260955953176578,negative,7769,test
7770,569260189486063616,neutral,7770,train
7771,569259756344487938,neutral,7771,train
7772,569258404742500353,negative,7772,train
7773,569255973958889472,negative,7773,train
7774,569254571622727682,negative,7774,validation
7775,569254216415481856,negative,7775,train
7776,569253874445492225,neutral,7776,train
7777,569253270356664322,negative,7777,train
7778,569252657967341569,negative,7778,train
7779,569251925482475520,negative,7779,validation
7780,569249704543965184,positive,7780,train
7781,569249554236878848,positive,7781,train
7782,569248721139048448,positive,3877,validation
7783,569248084934443010,negative,7783,validation
7784,569247182475407360,negative,7784,train
7785,569245707477131264,negative,7785,train
7786,569245342421491712,negative,7786,train
7787,569244956663148544,positive,7787,train
7788,569244701875769345,neutral,7788,train
7789,569243807331409920,neutral,7789,validation
7790,569243017552375809,negative,7790,train
7791,569242143748964353,positive,7791,validation
7792,569241776617160704,neutral,7792,train
7793,569239947061927938,positive,7793,train
7794,569238749802074113,neutral,7794,train
7795,569238666654195714,positive,7795,train
7796,569238439373234176,neutral,7796,train
7797,569238252676378627,neutral,7797,train
7798,569237160886276096,negative,7798,test
7799,569236960528756737,negative,7799,train
7800,569236645180018689,negative,7800,train
7801,569236124192931840,negative,7801,validation
7802,569235924544045057,positive,6162,validation
7803,569235825680105472,neutral,7803,train
7804,569235773645410304,negative,7804,train
7805,569235531973832704,negative,7805,validation
7806,569235333050576898,negative,7806,train
7807,569235156717989888,neutral,7807,validation
7808,569234639233142784,negative,7808,train
7809,569233861651144704,negative,7809,test
7810,569233554242080768,negative,7810,train
7811,569233440463155201,neutral,7811,train
7812,569233260108124160,negative,7812,train
7813,569232785786998785,negative,7813,test
7814,569231102428250112,neutral,7814,train
7815,569230997650214913,negative,7815,train
7816,569230859896803328,negative,7816,train
7817,569230515833856000,positive,7817,train
7818,569230445654740992,neutral,7818,train
7819,569230193220554753,neutral,7819,train
7820,569229572123680769,positive,7820,train
7821,569229142597771265,negative,7821,train
7822,569229104286986240,neutral,7822,train
7823,569229091657936896,neutral,7823,validation
7824,569228412159721473,neutral,7824,train
7825,569227490046164992,negative,7825,train
7826,569226460281610241,negative,7826,validation
7827,569224171303145473,positive,7827,train
7828,569223830759059458,positive,7828,test
7829,569222694778105857,positive,7829,train
7830,569222108200476672,positive,7830,train
7831,569221909231104000,positive,7831,train
7832,569219656482824192,negative,7832,train
7833,569215076655214592,neutral,7833,train
7834,569213183455563776,positive,7834,train
7835,569211529880576001,neutral,7835,train
7836,569204185318723584,positive,7836,train
7837,569200983173156864,negative,7837,train
7838,569199676282564609,negative,7838,test
7839,569196231546830848,negative,7839,validation
7840,569195394065952768,negative,7840,train
7841,569191875271372801,negative,7841,train
7842,569191191448817664,neutral,7842,test
7843,569191124373520384,negative,7843,validation
7844,569190933297807360,negative,7844,train
7845,569190811113525249,negative,7845,train
7846,569190678758080512,negative,7846,validation
7847,569189652080533504,neutral,7847,train
7848,569188266089381888,positive,7848,train
7849,569187541120724992,neutral,7849,train
7850,569185441171316737,positive,7850,train
7851,569184255399620608,neutral,7851,validation
7852,569179937841815553,neutral,7852,validation
7853,569178210325430272,neutral,7853,train
7854,569177868221202432,positive,7854,validation
7855,569176746735632384,positive,7855,train
7856,569175278255284224,negative,7856,validation
7857,569174723877146625,negative,7857,validation
7858,569168865256546304,negative,7858,validation
7859,569168473194041344,negative,7859,validation
7860,569158629443502081,neutral,7860,test
7861,569157073906176000,positive,7861,train
7862,569156321636847617,negative,7862,test
7863,569154503188070400,positive,7863,train
7864,569153142526332930,neutral,7864,train
7865,569152332765667328,neutral,7865,train
7866,569152074052542464,neutral,7866,train
7867,569150828952444928,neutral,7867,train
7868,569146861082161152,neutral,7868,test
7869,569146084632760320,neutral,7869,validation
7870,569144474359738368,neutral,7870,train
7871,569143699017371649,neutral,7871,validation
7872,569143528397254656,neutral,7872,train
7873,569138202424025088,negative,7873,validation
7874,569132246810144769,neutral,7874,train
7875,569130620963696640,positive,7875,test
7876,569126841354743809,negative,7876,train
7877,569125697530101760,positive,7877,train
7878,569125454684278785,neutral,7878,train
7879,569122341797691392,negative,7879,test
7880,569121160149012480,positive,7880,train
7882,569114409613860864,neutral,7882,train
7883,569113910776881152,positive,7883,train
7885,569109515657826304,positive,7885,test
7886,569103956795904000,positive,7886,train
7887,569102757875077121,positive,7887,train
7888,569096740676222976,positive,7888,train
7889,569091868153253888,neutral,7889,train
7890,569091378438746112,positive,7890,train
7891,569087442092826624,neutral,7891,train
7892,569083604216623104,neutral,7892,train
7893,569083132353204224,neutral,7893,train
7894,569076569983086592,neutral,7894,test
7895,569075196117839872,neutral,2563,train
7896,569068027917922304,neutral,7896,test
7897,569066946433581056,negative,7897,train
7898,569046984369111041,negative,7898,validation
7899,569044397645385728,negative,7899,train
7900,569036471232892929,positive,7900,train
7901,569017837576069120,neutral,2586,validation
7902,569006801192161280,neutral,7902,validation
7903,569005006902468608,negative,7903,train
7904,569003837975089152,negative,7904,train
7905,569003165984534528,negative,7905,train
7906,569002746117902336,negative,7906,train
7907,568996575617409026,negative,7907,train
7908,568995644276383744,negative,7908,train
7909,568993773277069312,neutral,7909,train
7910,568993159419535360,negative,7910,train
7911,568992314296819712,negative,7911,train
7912,568991695917834240,negative,7912,train
7913,568987540155453440,positive,7913,train
7915,568983580585517056,positive,7915,train
7916,568983464172584960,negative,7916,train
7917,568983310438805505,positive,7917,train
7918,568982494676172800,neutral,7918,train
7919,568977430439817216,neutral,7919,train
7921,568974681115459584,neutral,7921,train
7922,568974096161234946,positive,7922,validation
7923,568973348840943616,positive,7923,train
7924,568972783234912257,negative,7924,train
7925,568970344154836993,neutral,7925,test
7926,568969600559226880,negative,7926,train
7927,568968141814046720,neutral,7927,train
7928,568968059517411329,negative,7928,train
7929,568967907042037761,neutral,7929,test
7930,568967902520590337,neutral,7930,test
7931,568965774649520128,negative,7931,train
7933,568964635103076354,neutral,7933,train
7934,568963192489029632,neutral,7934,train
7935,568962000614658048,neutral,7935,train
7936,568961738596462593,negative,7936,validation
7937,568961404067164160,positive,7937,train
7938,568961064651460608,negative,7938,train
7939,568960315888668672,neutral,7939,train
7940,568960217976864769,negative,7940,train
7941,568959170730266624,negative,7941,train
7942,568958770849705984,negative,7942,test
7943,568956535679758337,neutral,7943,train
7944,568955324511563776,negative,7944,train
7945,568955077165260800,positive,7945,train
7946,568944962311626752,neutral,7946,validation
7947,568944928266412032,neutral,7947,train
7948,568944687077199872,neutral,7948,train
7949,568940704451289089,neutral,7949,train
7950,568940291530493952,negative,7950,train
7951,568937402837786625,positive,7951,train
7952,568932998051016704,positive,7952,train
7953,568932129872039936,neutral,7953,train
7954,568931762518110208,neutral,7954,test
7955,568931575980814336,negative,7955,test
7956,568930822952103938,negative,7956,train
7957,568929935273930752,positive,7957,test
7958,568929608566837249,positive,7958,train
7959,568928817651167232,negative,7959,train
7960,568927427847544833,negative,7960,train
7961,568926268772581377,positive,7961,validation
7962,568925181848227840,negative,7962,train
7963,568924781837455360,negative,7963,train
7964,568924327275401218,positive,7964,train
7966,568920810947272704,negative,7966,validation
7967,568920607347384321,negative,7967,validation
7968,568920546043408385,neutral,7968,test
7969,568920244691070976,neutral,7969,train
7970,568919308006395904,negative,7970,train
7971,568919118193291264,negative,7971,train
7972,568917869762904066,negative,7972,train
7973,568916674168135681,negative,7973,train
7974,568914888728449025,negative,7974,train
7975,568912677994696706,negative,7975,train
7976,568911851674836992,negative,7976,train
7977,568911101146091520,neutral,7977,train
7979,568909776635236352,neutral,7979,train
7980,568908255310827520,neutral,7980,train
7981,568907615809503233,neutral,7981,validation
7983,568906503358259200,negative,7983,train
7984,568905816973172736,neutral,7984,test
7985,568905143883849728,positive,7985,test
7986,568904934495629312,negative,7986,validation
7987,568904127834558464,negative,7987,train
7988,568900016636452864,negative,7988,train
7989,568899893206450176,negative,7989,validation
7990,568898792247992320,positive,7990,train
7991,568897720410374145,negative,7991,test
7992,568897013997289472,neutral,7992,validation
7993,568896227917451264,negative,7993,train
7994,568895587900207104,negative,7994,train
7995,568894423507058688,negative,7995,validation
7996,568894248457646080,negative,7996,test
7997,568894231651098624,neutral,7997,test
7998,568894021688434690,neutral,7998,train
7999,568891974687830016,positive,7999,test
8000,568891233386561537,neutral,8000,test
8001,568889828588331009,neutral,8001,test
8002,568888413308391424,positive,8002,train
8003,568888167681695744,positive,8003,train
8004,568885004610240512,positive,8004,train
8005,568884379600224258,neutral,8005,train
8006,568883264791785472,negative,8006,validation
8007,568882606634369024,positive,8007,test
8008,568881791156822017,negative,8008,train
8009,568879791648088065,negative,8009,validation
8010,568877772828880896,positive,8010,train
8011,568876769455054849,neutral,8011,train
8012,568876711300997121,neutral,8012,validation
8014,568875212202078208,positive,8014,train
8015,568872365146251264,positive,8015,validation
8016,568871330495406080,positive,8016,train
8017,568870342443184128,neutral,8017,validation
8018,568864286266814465,positive,3320,test
8019,568862787193081856,neutral,8019,train
8020,568862241497305088,negative,8020,train
8021,568862134966345729,neutral,8021,train
8022,568861835568369664,negative,8022,train
8023,568861309384728577,negative,8023,train
8024,568861149053231104,neutral,8024,train
8025,568861022343307264,negative,8025,validation
8026,568860520796725248,negative,8026,train
8027,568858899438178305,negative,8027,train
8028,568857976733376512,positive,8028,train
8029,568855090930429952,neutral,8029,validation
8030,568854763057475584,positive,8030,train
8031,568853588858023936,negative,8031,train
8032,568853321659736064,neutral,8032,test
8033,568851381769134080,positive,8033,train
8034,568850938796118016,neutral,8034,train
8035,568850770331721728,neutral,8035,test
8036,568849719625158657,positive,8036,train
8037,568848952768000000,neutral,8037,train
8038,568846033997803520,positive,8038,train
8039,568845545986400256,neutral,8039,validation
8040,568843464361713664,neutral,8040,train
8041,568843160224452608,positive,8041,validation
8042,568842695864504320,positive,8042,train
8043,568841355226517504,neutral,8043,train
8044,568840506148573186,positive,8044,train
8045,568839596261249024,neutral,8045,train
8046,568839278681174016,neutral,8046,train
8047,568837638611992576,neutral,8047,train
8048,568837619372593153,positive,8048,validation
8049,568836750598123521,positive,8049,test
8050,568836365309190145,neutral,8050,validation
8051,568835573982633984,neutral,8051,validation
8052,568834558268973056,positive,8052,train
8053,568834182694240256,positive,8053,train
8055,568829891220803584,neutral,8055,train
8056,568828957002493953,positive,8056,train
8057,568827568973066240,positive,8057,test
8058,568827397103099904,negative,8058,train
8059,568826055324098562,positive,8059,train
8060,568825255604699136,positive,8060,validation
8061,568824366928039936,neutral,8061,train
8062,568823603627565056,negative,8062,train
8063,568823136600371200,negative,8063,train
8064,568821070767255552,neutral,8064,test
8065,568819697438871553,neutral,8065,test
8066,568818695562260481,positive,8066,train
8067,568818669024907264,negative,8067,train
8068,568816016622354432,neutral,8068,train
8069,568815117120319488,neutral,8069,train
8070,568812654346653697,neutral,8070,train
8071,568811069575204864,negative,8071,train
8072,568810170383536128,positive,8072,train
8073,568809510644527104,negative,8073,train
8075,568808746689933312,neutral,8075,test
8076,568808318560550912,positive,8076,test
8077,568807823187976193,positive,8077,train
8078,568807083270762497,negative,8078,test
8079,568806985505726464,neutral,8079,validation
8080,568806899275018241,negative,8080,test
8081,568806618097455104,negative,8081,train
8082,568805624164851712,positive,306,validation
8083,568804502645706752,negative,8083,train
8084,568804416662454272,negative,8084,validation
8085,568801701378928641,positive,8085,train
8086,568801400815292416,negative,8086,train
8087,568800846789545984,neutral,8087,train
8088,568800822693380096,negative,8088,train
8089,568799543698935808,positive,8089,train
8090,568799486392143872,positive,8090,train
8091,568798862086836225,negative,8091,validation
8092,568798853656223745,positive,8092,train
8093,568798264943902720,neutral,8093,train
8094,568798045799784448,positive,8094,validation
8095,568797557914148865,positive,8095,train
8096,568797120410619904,negative,8096,test
8097,568796340714639360,positive,8097,test
8098,568796240319639552,neutral,8098,train
8099,568796018348724226,negative,8099,train
8100,568794248654426112,positive,8100,train
8101,568789117426921472,neutral,8101,train
8102,568787185341751296,neutral,8102,train
8103,568786394656722944,positive,8103,train
8104,568785867743105024,neutral,8104,train
8105,568785094430883840,positive,8105,test
8106,568784868257214464,positive,8106,test
8107,568782407698149376,positive,8107,train
8108,568781359331844096,negative,8108,train
8110,568780552964145152,negative,8110,validation
8111,568779615323299840,positive,8111,train
8112,568778730186928128,negative,8112,train
8113,568778553933889536,neutral,8113,train
8114,568778374451220480,negative,8114,train
8115,568775130505207809,negative,8115,validation
8116,568774914452418561,negative,8116,train
8117,568773939754889216,neutral,8117,validation
8118,568769775515635712,negative,8118,train
8119,568768028831289344,negative,8119,train
8120,568766741746225152,negative,8120,train
8121,568766295761682432,positive,8121,train
8122,568763889506082816,neutral,8122,train
8124,568761693997674496,negative,8124,train
8125,568760613792579584,negative,8125,validation
8126,568760299978948608,neutral,8126,train
8127,568760283864416257,negative,8127,train
8128,568760152129720320,negative,8128,train
8129,568758241745719297,neutral,7676,train
8130,568757775205056512,negative,8130,train
8131,568754053083222016,positive,8131,train
8132,568752951164063745,negative,8132,validation
8133,568752793999286273,positive,8133,train
8134,568752061682208768,positive,8134,train
8135,568751647809273856,neutral,8135,train
8136,568749392083206144,neutral,8136,validation
8137,568746335446441984,negative,8137,train
8138,568745705864626176,negative,8138,train
8139,568743141861228544,neutral,8139,train
8140,568737248931397632,neutral,8140,train
8141,568735841771597825,neutral,8141,train
8142,568735475847950336,positive,8142,train
8143,568727789311889409,neutral,8143,train
8144,568724024362037248,neutral,8144,train
8145,568712938019639296,neutral,8145,train
8146,568711179318779904,neutral,8146,train
8147,568706272788262912,neutral,8147,test
8148,568703064691113984,neutral,8148,train
8149,568682740020690945,neutral,8149,train
8150,568679098920206337,negative,8150,test
8151,568677157569826816,negative,8151,train
8152,568676137699651584,negative,8152,train
8153,568672781979619328,neutral,8153,train
8154,568670498646700032,negative,8154,train
8155,568668179158806529,negative,8155,train
8156,568662554047696896,neutral,8156,train
8157,568660340910592000,neutral,8157,train
8158,568652268305666048,positive,8158,train
8159,568649338005487618,neutral,8159,test
8160,568649053711380480,neutral,8160,train
8161,568648777315147777,negative,8161,train
8162,568647808619659264,negative,8162,train
8163,568645379031347200,neutral,8163,train
8164,568644388001337344,neutral,8164,test
8165,568643357108531200,negative,8165,test
8166,568642357379399681,positive,8166,train
8167,568642209823612929,negative,8167,train
8168,568641342869544960,positive,8168,test
8169,568640650129731585,positive,8169,validation
8170,568637437812944896,neutral,8046,train
8171,568636973964898305,negative,8171,train
8172,568636474637357056,negative,8172,train
8173,568636400419151873,neutral,8173,train
8174,568635298759860226,negative,8174,train
8175,568634780264374272,negative,8175,train
8176,568634515884789761,negative,8176,test
8177,568633738567012352,negative,8177,train
8178,568633534627381248,negative,8178,train
8179,568633098474299392,negative,8179,train
8180,568632724078125056,negative,8180,train
8181,568632557836865536,positive,8181,train
8182,568631249989988354,negative,8182,train
8183,568631243228762112,negative,8183,validation
8184,568631189856264192,positive,8184,train
8185,568630308284850176,neutral,8185,validation
8186,568629820306952192,positive,8186,train
8187,568628159618424833,neutral,8187,train
8188,568626612314308608,negative,8188,validation
8189,568626423273017344,negative,8189,train
8190,568625613797511169,negative,8190,train
8191,568625258351063040,negative,8191,train
8192,568623875468226560,positive,8192,validation
8193,568621210986090497,neutral,8193,train
8194,568620542682468352,neutral,8194,train
8195,568620103895367680,neutral,8195,train
8196,568619425886121985,positive,8196,train
8197,568617016917168128,neutral,8197,train
8198,568616851531378688,positive,8198,test
8199,568616034384498688,negative,8199,test
8200,568615445596471296,negative,8200,train
8201,568614009584291840,neutral,8201,validation
8202,568612181480243200,positive,8202,train
8203,568611819864117248,positive,8203,train
8204,568611474416906240,negative,8204,train
8205,568611024837849088,negative,8205,train
8206,568608189089869825,positive,8206,train
8207,568606685230555136,negative,8207,train
8208,568604366690627584,neutral,8208,train
8209,568604311598469121,negative,8209,validation
8210,568603024320434176,negative,8210,train
8211,568602933035601921,positive,8211,train
8212,568602701623218177,negative,8212,train
8213,568602614839033856,neutral,8213,train
8214,568602597197623298,neutral,8214,train
8215,568602015456215040,positive,8215,train
8217,568601459983400960,neutral,8217,test
8218,568601051584196608,positive,8218,test
8219,568600552814174208,positive,8219,train
8220,568599227342852096,neutral,8220,train
8221,568591345801158656,negative,8221,train
8222,568589571929350144,negative,8222,train
8223,568589127290998784,negative,8223,train
8224,568588936852799488,positive,8224,train
8225,568588896218587137,negative,8225,train
8226,568588797182648320,negative,8226,train
8227,568587875702476800,negative,8227,train
8228,568587429830983680,negative,8228,train
8229,568586894776406017,negative,8229,train
8230,568583737417605122,positive,8230,train
8231,568583414519083010,negative,8231,test
8232,568579899243380736,positive,8232,train
8233,568574897988874240,positive,8233,train
8234,568574059652489217,negative,8234,train
8235,568571758627790849,neutral,8235,train
8236,568569739225604096,neutral,8236,validation
8237,568569662717313024,positive,8237,train
8238,568568690381168640,neutral,8238,train
8239,568567970450055170,neutral,8239,train
8240,568566512308523008,negative,8240,train
8241,568562657265131520,negative,8241,train
8242,568561938457690112,neutral,8242,test
8243,568561033641480192,positive,8243,validation
8244,568560914779078656,positive,8244,train
8245,568560786756366336,neutral,8245,validation
8246,568560685568937985,neutral,8246,train
8247,568559580717805568,neutral,8247,train
8248,568558979841810432,negative,8248,validation
8249,568558887290441728,negative,8249,test
8250,568558562810544129,positive,8250,validation
8251,568558484653883392,negative,8251,train
8252,568556148368019456,positive,8252,train
8253,568554719934844928,positive,8253,test
8254,568554542897307648,positive,8254,train
8255,568554411078889473,negative,8255,train
8256,568554107952177152,neutral,8256,train
8257,568552775325364224,negative,8257,train
8258,568552263641210881,negative,8258,train
8259,568551504505802752,negative,8259,test
8260,568551350025330691,negative,8260,train
8261,568548980122103808,negative,8261,test
8262,568548307200393217,negative,8262,train
8263,568547839636332544,positive,8263,train
8264,568547201208565760,positive,6474,test
8265,568546837231042560,neutral,8265,test
8266,568545534056787968,negative,8266,train
8267,568545438976102400,positive,8267,train
8268,568544491596083200,negative,8268,train
8269,568544467944407040,negative,8269,validation
8270,568542819788451841,neutral,8270,train
8271,568542766860541952,positive,8271,test
8272,568542018760286209,neutral,8272,validation
8273,568541219711819776,positive,8273,train
8274,568540097639030784,neutral,8274,train
8275,568540063216197632,positive,8275,test
8276,568539689176530944,positive,8276,train
8277,568538242380742656,neutral,8277,train
8278,568537606503280640,neutral,8278,train
8279,568535586325303296,negative,8279,train
8280,568535405361913857,neutral,8280,train
8281,568535276546449409,negative,8281,train
8282,568533876873633793,neutral,8282,train
8283,568533099908182016,negative,8283,train
8284,568531409209421826,neutral,8284,train
8285,568531076915662848,positive,8285,train
8286,568530694353190912,neutral,8286,test
8287,568529886920335360,negative,8287,train
8288,568528982439669761,positive,8288,train
8289,568528082841112576,negative,8289,train
8290,568527922576777216,neutral,8290,test
8291,568527764812374016,neutral,8291,train
8292,568526521910079488,negative,8292,train
8293,568525820764897280,negative,8293,train
8294,568524724256444416,positive,8294,test
8295,568523834980057088,neutral,8295,train
8296,568521960088449025,neutral,8296,train
8297,568521376245501956,negative,8297,train
8298,568510973469855745,positive,8298,test
8300,568509433229099009,neutral,8300,train
8301,568509343047352322,neutral,8301,validation
8302,568509302505377792,positive,8302,train
8303,568503966687993856,negative,8303,train
8304,568502766747971585,positive,8304,train
8305,568502279193681921,negative,8305,validation
8306,568502226597101568,negative,8306,train
8308,568501157452230656,positive,8308,train
8309,568499629043687426,neutral,8309,train
8310,568498446216400896,neutral,8310,train
8311,568498114300153856,negative,8311,train
8312,568495595440234496,positive,8312,train
8313,568492016587436033,neutral,8313,train
8314,568491668858662914,negative,8314,train
8315,568491434397073408,negative,8315,validation
8316,568490310524936192,negative,8316,train
8318,568489782298476544,positive,8318,train
8319,568489700232695808,neutral,8319,train
8320,568489124098924546,negative,8320,train
8321,568488247514554369,negative,8321,test
8322,568487688510287873,negative,8322,train
8323,568487677114363904,positive,8323,test
8324,568487439062441984,negative,8324,train
8325,568487293100691457,neutral,8325,train
8326,568487040234459138,negative,8326,train
8327,568486660410908674,neutral,8327,train
8328,568485564112117760,negative,8328,train
8329,568484039499378690,negative,8329,validation
8330,568483098310152193,neutral,8330,train
8331,568482785389899776,negative,8331,train
8332,568480654347935745,negative,8332,train
8333,568475439460515840,positive,8333,test
8334,568475010798637056,negative,8334,test
8335,568474960097878016,negative,8335,train
8336,568474423742738432,positive,8336,train
8337,568474096058507264,neutral,8337,train
8338,568473686178717696,neutral,8338,train
8339,568473361388572672,negative,8339,validation
8340,568472330097332225,positive,8340,validation
8341,568470507433168896,neutral,8341,train
8342,568467286333513728,negative,8342,validation
8343,568464487931613185,positive,8343,train
8344,568460351873937408,negative,8344,train
8345,568456085536935936,negative,8345,train
8346,568454161962049536,negative,8346,train
8347,568451040397422593,negative,8347,train
8348,568450407204139008,positive,8348,validation
8350,568448023845572608,neutral,8350,test
8351,568444650903748609,positive,8351,validation
8352,568444359391252480,negative,8352,validation
8353,568443892569235457,positive,8353,train
8354,568442989258911745,negative,8354,train
8355,568442965661761536,positive,8355,validation
8356,568442328794464256,positive,8356,train
8357,568442077400436736,neutral,8357,train
8358,568441576206286848,positive,8358,validation
8359,568440681531875328,negative,8359,test
8360,568440372206182400,negative,8360,train
8361,568440180769746946,neutral,8361,train
8362,568439661590396928,negative,8362,train
8363,568438528666959872,negative,8363,train
8364,568438162369822720,negative,8364,train
8365,568437285605257216,negative,8365,test
8366,568437189694111744,negative,8366,train
8367,568436943131951104,neutral,3442,validation
8368,568436613384155136,negative,8368,train
8369,568435926503976960,negative,8369,train
8370,568435750485819392,negative,8370,train
8371,568435677190336512,negative,8371,train
8372,568435364349808640,positive,8372,train
8373,568434959226179585,positive,8373,validation
8374,568434729684307970,negative,8374,train
8375,568434307989159936,negative,8375,train
8376,568434301496381441,negative,8376,train
8377,568433716206436353,negative,8377,train
8378,568433301880479746,negative,8378,train
8379,568433145437138944,negative,8379,train
8380,568433045805465600,negative,8380,train
8381,568432677789011968,negative,8381,train
8382,568432609866457088,negative,8382,validation
8383,568432405482229760,positive,8383,train
8384,568432328902610944,negative,8384,validation
8385,568431356037996545,negative,8385,train
8386,568431120032915457,negative,8386,train
8387,568430874049581058,negative,8387,train
8388,568430681367453696,negative,8388,train
8389,568430087298801666,negative,8389,train
8390,568429798604857344,negative,8390,train
8391,568427942382071810,negative,8391,train
8392,568427870055305216,positive,8392,test
8393,568427853265571840,positive,8393,train
8394,568426494554480640,positive,8394,train
8395,568426489055719425,negative,8395,train
8396,568425693828132864,positive,8396,train
8397,568425272304934912,negative,8397,train
8398,568424902287446016,negative,8398,train
8399,568424725929701376,positive,8399,train
8400,568424704597467137,positive,8400,train
8401,568423886762569728,positive,8401,train
8402,568423284401836032,negative,8402,train
8404,568422658494185472,negative,8404,train
8405,568420497563598848,negative,8405,train
8406,568419991030087681,positive,8406,validation
8407,568417260668379136,negative,8407,train
8408,568416873211015168,neutral,8408,train
8409,568416305101070336,negative,8409,train
8410,568413198518329344,positive,8410,train
8411,568412747324485632,neutral,8411,test
8412,568411980542775296,positive,8412,train
8413,568403649753448448,negative,8413,validation
8414,568401416982806528,neutral,8414,train
8415,568400398748266496,negative,8415,train
8416,568400096586395649,negative,8416,train
8417,568397325820956672,positive,8417,train
8418,568395094232932352,negative,8418,train
8419,568394474243665920,neutral,8419,train
8420,568394078817267712,positive,8420,train
8421,568393752596717568,neutral,8421,train
8422,568391878871285760,negative,8422,train
8423,568387402810728448,neutral,8423,train
8424,568387362239205376,negative,8424,validation
8426,568382780251480064,neutral,8426,train
8427,568380876855353344,negative,8427,test
8428,568380749495164929,neutral,8428,train
8429,568379591569629185,positive,8429,train
8430,568378598043852800,positive,8430,train
8432,568335451741749248,positive,8432,test
8433,568290152151269377,neutral,8433,train
8434,568282853240209408,neutral,8434,train
8435,568279415370735618,positive,8435,train
8436,568278516309090304,neutral,8436,validation
8437,568273152456810496,neutral,8437,train
8438,568270768989081600,positive,8438,test
8439,568269372151734273,negative,8439,train
8440,568260165759307776,positive,8440,train
8441,568256684642213888,negative,8441,train
8442,568255102567518208,negative,8442,train
8443,568254137676242945,negative,8443,validation
8444,568253469129187328,positive,8444,train
8445,568253266456395776,negative,8445,train
8446,568251373189349376,positive,8446,test
8447,568250993776803840,negative,8447,train
8448,568246340246999041,positive,8448,test
8449,568244687477161984,negative,8449,validation
8450,568244401308184576,neutral,8450,train
8451,568244170848137217,negative,8451,train
8452,568244071770296320,neutral,8452,train
8453,568243600196296704,positive,8453,train
8454,568243175074242560,neutral,8454,train
8455,568242480518434816,neutral,8455,train
8456,568241499831287808,negative,8456,train
8457,568241460279181312,negative,8457,test
8458,568241382776635392,negative,8458,validation
8459,568241156347305984,positive,8459,train
8460,568240338164252672,negative,8460,validation
8461,568240100934426624,neutral,8461,train
8462,568240048384151554,positive,3320,test
8463,568239330168315905,negative,8463,train
8464,568239189055176704,negative,8464,train
8465,568237879337422848,positive,8465,train
8466,568232942612447232,positive,8466,test
8467,568231725970505728,positive,8467,validation
8468,568228052485812225,neutral,8468,train
8469,568221088750161920,negative,8469,train
8470,568220169803325440,negative,8470,train
8471,568220131819720705,negative,8471,train
8472,568219452929662976,positive,8472,train
8473,568218559278661632,neutral,8473,train
8475,568216861550239744,neutral,8475,train
8476,568216703055876096,negative,8476,train
8477,568215628890411009,neutral,8477,validation
8478,568215093596573696,negative,8478,train
8479,568214651336396801,neutral,8479,train
8480,568214398474432512,positive,8480,test
8481,568214147025870848,positive,8481,validation
8482,568214091229224960,neutral,8482,train
8483,568213769098108928,positive,8483,test
8484,568213658117005314,positive,8484,train
8485,568212538778906624,negative,8485,train
8486,568211991757770752,negative,8486,train
8487,568210310663835648,neutral,8487,train
8488,568210186755813376,positive,8488,train
8489,568209287517835265,positive,8489,train
8490,568209150410248192,neutral,8490,train
8491,568208831030943744,negative,8491,train
8492,568208666035417088,neutral,8492,validation
8493,568207527067783168,negative,8493,validation
8494,568207228412542976,negative,8494,train
8495,568207206023360512,neutral,8495,train
8496,568206634758983681,negative,8496,train
8497,568206455251144704,neutral,8497,train
8498,568205359208230912,positive,8498,validation
8499,568205181990637568,neutral,8499,train
8500,568204705861652480,negative,8500,train
8501,568204616594165760,negative,8501,validation
8502,568203709802532864,negative,8502,train
8503,568203438099529728,negative,8503,train
8504,568203327965696002,neutral,8504,train
8505,568203124760055808,negative,8505,train
8506,568202590032236544,negative,8506,train
8507,568202482746335232,neutral,8507,validation
8508,568202287216234496,negative,8508,test
8509,568201002731622400,negative,8509,train
8510,568200934507057152,neutral,8510,train
8511,568199579201605632,negative,8511,validation
8512,568199550084591616,neutral,8512,train
8513,568199101981937665,negative,8513,validation
8514,568198666613338112,negative,8514,train
8515,568198336651649027,positive,8515,train
8516,568198057155641344,negative,8516,train
8517,568197789655515136,neutral,8517,train
8518,568196466503770112,negative,8518,train
8519,568196150718824448,neutral,8519,train
8520,568196117147463680,negative,8520,train
8521,568195569350549504,negative,8521,train
8522,568193698284118016,negative,8522,train
8523,568192942088843264,positive,8523,train
8524,568192660923666433,negative,8524,train
8525,568192252792541184,neutral,8525,train
8526,568191343769620480,neutral,8526,train
8527,568190857263915008,neutral,8527,train
8528,568189945308786688,neutral,8528,train
8529,568189029478481920,neutral,8529,test
8530,568188639412400128,neutral,8530,train
8531,568187334111289344,positive,8531,validation
8532,568186350219821057,neutral,8532,train
8533,568186002759671808,negative,8533,validation
8534,568184134666981376,negative,8534,train
8535,568183785558310914,positive,8535,train
8536,568182544124014592,negative,8536,test
8537,568181761114546176,negative,8537,train
8538,568179392293281792,neutral,8538,validation
8539,568178422175948801,positive,8539,test
8540,568177882620661760,negative,8540,train
8541,568177152924860416,neutral,8541,train
8542,568177098038349825,positive,8542,test
8543,568176390325075968,negative,8543,train
8544,568176138574372864,neutral,8544,train
8545,568175537258156033,negative,8545,train
8546,568174545854726144,positive,8546,train
8547,568173938292985858,positive,8547,train
8548,568173792406740994,negative,8548,train
8549,568173309747048448,positive,8549,validation
8550,568172923531481088,positive,8550,test
8551,568172843520950272,neutral,8551,train
8552,568172398161354752,neutral,8552,test
8553,568172386903851008,positive,8553,validation
8554,568171002208886784,positive,8554,train
8555,568169348721848322,neutral,8555,train
8556,568168505998229505,negative,8556,train
8557,568167917004718080,negative,8557,validation
8558,568166479327313920,neutral,8558,test
8559,568165395279929344,negative,8559,train
8560,568164652821184512,neutral,8560,validation
8561,568162505597566976,neutral,8561,train
8562,568162054206435328,neutral,8562,train
8563,568161493981794304,neutral,8563,train
8564,568161102254616576,neutral,8564,train
8565,568160197367242752,negative,8565,train
8566,568159714737049601,neutral,8566,validation
8567,568159336104636417,positive,8567,train
8568,568158732930191360,neutral,8568,test
8569,568157857151102976,positive,8569,train
8570,568157634999783424,neutral,8570,train
8571,568157491927896064,negative,8571,test
8572,568156758025187329,positive,8572,train
8573,568156672365092864,negative,8573,train
8574,568155933832044544,positive,8574,train
8575,568155066668060672,negative,8575,train
8576,568154777739259907,neutral,8576,train
8577,568153823581216768,neutral,8577,train
8578,568152817656930305,neutral,8578,validation
8579,568152534507855872,positive,8579,train
8580,568152035767554048,neutral,8580,train
8581,568149912665198592,positive,8581,test
8582,568146952635854848,neutral,8582,test
8583,568146088416448513,negative,8583,validation
8584,568145983931969536,neutral,8584,train
8585,568145883679875072,negative,8585,test
8586,568142966570807296,negative,8586,train
8587,568140724618686464,neutral,8587,train
8588,568140722240512001,negative,8588,train
8589,568140717198938112,negative,8589,train
8590,568140329821577217,neutral,8590,test
8591,568139150710296577,neutral,8591,train
8592,568137238732771328,neutral,8592,train
8593,568134036239097856,neutral,8593,train
8594,568132912761208832,neutral,8594,train
8595,568132703738077185,negative,8595,test
8597,568130484934459392,neutral,8597,validation
8598,568128390487789568,positive,8598,validation
8599,568127434173878272,neutral,8599,train
8600,568127068287963136,negative,8600,train
8601,568126722903814144,negative,8601,validation
8602,568126461477068800,negative,8602,train
8603,568125723594133504,neutral,8603,test
8604,568124733851443200,positive,8604,test
8605,568124691673686016,negative,8605,validation
8606,568123089344733184,neutral,8606,validation
8609,568116088631791616,positive,8609,test
8610,568115928044404736,positive,8610,train
8611,568115829616861184,neutral,8611,train
8612,568115571788808192,negative,8612,train
8613,568115075266973696,positive,8613,validation
8614,568109390026448896,negative,8614,train
8615,568108968867819520,neutral,8143,train
8616,568107822275305472,positive,8616,train
8617,568107816923340800,negative,8617,test
8618,568107407647207424,negative,8618,train
8619,568106969812189184,negative,8619,validation
8620,568105765442945024,negative,8620,validation
8621,568104907384832000,neutral,8621,train
8623,568101669809946624,positive,8623,train
8624,568101513605681152,negative,8624,validation
8625,568101162672500736,negative,8625,train
8626,568100786657316864,positive,8626,train
8627,568100774204600320,neutral,8627,train
8628,568098794031714304,positive,8628,train
8629,568098769847218177,positive,8629,train
8630,568098677618683904,negative,8630,train
8631,568096875435282432,negative,8631,test
8632,568095961408507904,positive,8632,train
8633,568095014435229696,positive,8633,train
8634,568094760151486464,negative,8634,train
8635,568094681256497152,negative,8635,test
8636,568094548141977600,positive,8636,train
8637,568094199586938880,negative,8637,test
8638,568094177394888705,negative,8638,test
8639,568093784417951744,neutral,8639,train
8640,568091845848231937,positive,8640,train
8641,568091027774545920,neutral,8641,train
8642,568090890549374976,positive,8642,validation
8643,568090417641746432,positive,8643,train
8644,568087713972236289,positive,8644,train
8645,568086568059027456,neutral,8645,train
8646,568086156899966976,positive,8646,train
8647,568084948948684800,positive,8647,train
8648,568083588308197376,negative,8648,validation
8649,568081068278075394,neutral,8649,train
8650,568080730150076416,negative,8650,train
8651,568080542345895937,negative,8651,test
8652,568079126462128129,negative,8652,train
8653,568078149231067136,positive,8653,test
8654,568076919146557440,negative,8654,test
8656,568071468312981504,neutral,8656,test
8657,568069392422051841,negative,8657,train
8658,568068967098658816,negative,8658,train
8659,568068942771695616,positive,8659,train
8660,568066927723212800,positive,8660,test
8661,568066161922977792,negative,8661,train
8662,568064382627921920,negative,8662,validation
8663,568064005048152065,positive,8663,train
8664,568059376474439680,negative,8664,train
8665,568056665821413376,positive,8665,train
8666,568052101504372737,positive,8666,test
8667,568051199565533184,negative,8667,train
8668,568045949999661058,positive,8668,train
8669,568045766280933377,positive,8669,train
8670,568045665185452032,neutral,8670,train
8671,568045397408661504,neutral,8671,test
8672,568044610955681793,negative,8672,train
8673,568042975856619520,negative,8673,train
8674,568041225174953985,positive,8674,train
8675,568041161652342784,negative,8675,test
8676,568041051182616576,positive,8676,test
8677,568039128001937408,positive,8677,train
8678,568036279989858304,positive,8678,validation
8679,568034012930936832,negative,8679,train
8680,568031723004555264,negative,8680,test
8681,568029763438186496,neutral,8681,test
8682,568028497001590784,neutral,8682,train
8683,568027668026937344,negative,8683,train
8684,568027443052720130,positive,8684,train
8685,568025019068108800,negative,8685,train
8686,568023553548922880,negative,8686,train
8687,568020304510869504,positive,8687,validation
8688,568018490331930625,negative,8688,test
8689,568017916161085441,negative,8689,train
8690,568016314457047040,negative,8690,train
8691,568014845062332416,negative,8691,train
8692,568014723926626304,negative,8692,train
8693,568011010029838336,neutral,8693,train
8694,568008802865274880,positive,8694,train
8695,568005720026660864,positive,8695,train
8696,567995970232795136,neutral,8696,train
8697,567992830943223808,neutral,8697,test
8698,567980868997763072,neutral,8698,train
8699,567973066929614848,neutral,8699,train
8701,567950666578030594,neutral,8701,train
8702,567947508208377858,positive,8702,test
8703,567935527481188352,neutral,8703,validation
8704,567930900731854848,negative,8704,validation
8705,567919283419742210,neutral,8705,train
8706,567918931148685312,negative,8706,train
8707,567918283866898432,negative,8707,validation
8708,567918173992910848,negative,8708,train
8709,567917894144770049,negative,8709,validation
8710,567916937679884288,negative,8710,train
8711,567915499868131328,positive,8711,train
8712,567912664996786177,neutral,8712,train
8713,567911142955311104,positive,8713,train
8714,567910969856229377,positive,8714,test
8715,567907212154118145,positive,8715,test
8716,567906937423073280,neutral,8716,validation
8717,567906374870528001,positive,8717,train
8718,567905540761870336,neutral,8718,train
8719,567905220828606466,neutral,8719,train
8720,567905158346207233,positive,8720,validation
8721,567904873246781440,negative,8721,test
8722,567903883047088128,negative,8722,train
8723,567903653933101056,negative,8723,validation
8724,567902218059264000,negative,8724,train
8725,567899906150703104,positive,8725,train
8726,567897563065511936,neutral,7739,train
8727,567897030934269952,neutral,8727,test
8728,567896250013601792,neutral,8728,train
8729,567895874598215680,neutral,8729,train
8730,567895664769785856,negative,8730,validation
8731,567894002286096384,positive,8731,train
8732,567893822585327616,negative,8732,train
8733,567892715603652608,positive,8733,train
8734,567892508987908096,negative,8734,validation
8735,567891805867483136,positive,8735,validation
8736,567890265416945664,neutral,8736,train
8737,567887437826908160,negative,8737,train
8738,567887326350811137,negative,8738,train
8739,567885370064506880,negative,8739,validation
8740,567880900358311936,positive,8740,test
8741,567879331810246656,negative,8741,train
8742,567878078782898176,positive,8742,train
8743,567876244722814976,neutral,3681,validation
8744,567875974869680128,positive,8744,train
8745,567875922906456064,neutral,8745,train
8746,567874970463780864,positive,8746,validation
8747,567874858815733761,negative,8747,train
8748,567874505881845760,neutral,8748,train
8749,567873801653997569,negative,8749,test
8750,567873229055991808,negative,8750,test
8751,567873087108161536,neutral,8751,train
8752,567873006501888000,negative,8752,train
8753,567872392116191233,negative,8753,train
8754,567872361304821760,negative,8754,validation
8755,567872267910262784,negative,8755,test
8756,567872077899763712,negative,8756,train
8757,567872044030918657,negative,8757,train
8758,567871911960645632,negative,8758,train
8759,567871783107452930,negative,8759,test
8760,567869962800472064,negative,8760,test
8761,567868027376517121,neutral,8761,train
8762,567867483622748160,negative,8762,train
8763,567864793404555264,negative,8763,train
8764,567864588521381888,negative,8764,train
8765,567864058742845440,negative,8765,train
8766,567862754557759488,positive,8766,test
8767,567862628460158976,positive,8767,train
8768,567861067088596993,neutral,8768,train
8769,567860450676903936,negative,8769,train
8770,567860067602558977,neutral,8770,train
8771,567857135066963968,negative,8771,train
8772,567856962521661440,positive,8772,train
8773,567856400522563584,negative,8773,train
8774,567856127246999552,negative,8774,validation
8775,567855566590255105,negative,8775,train
8776,567853709100720128,negative,8776,test
8777,567853054348754944,negative,8777,train
8778,567853001534210049,negative,8778,train
8779,567852550512181248,negative,8779,train
8780,567852264099999744,neutral,8780,train
8781,567851942627577856,negative,8781,test
8782,567851561474383873,negative,8782,train
8783,567849376925618176,positive,8783,train
8784,567848716738011136,negative,8784,train
8785,567848437992984576,neutral,8785,train
8786,567848171155496960,negative,8786,test
8787,567848084572532736,negative,8787,train
8788,567847163465764864,negative,8788,train
8789,567846268090740737,positive,8789,train
8790,567846026507390976,negative,8790,train
8791,567845998166339584,negative,8791,train
8792,567845382102859777,negative,8792,train
8793,567845089508233217,negative,8793,test
8794,567843889748418560,negative,8794,train
8795,567843811990376449,negative,8795,test
8796,567842726861021184,negative,8796,train
8797,567842661463240704,negative,8797,train
8798,567842593440145408,neutral,8798,train
8799,567841828411551744,positive,8799,validation
8800,567837218628362241,neutral,8800,train
8801,567837023014273024,neutral,8801,train
8802,567836728100200449,positive,8802,validation
8803,567836310775324672,negative,8803,test
8804,567836118181277696,negative,8804,train
8805,567831806944223232,neutral,8805,train
8806,567831434838159360,positive,8806,test
8807,567831392526036992,negative,8807,validation
8808,567830303121870848,neutral,8808,validation
8809,567829349727211521,positive,8809,validation
8810,567829088380919809,positive,8810,train
8811,567828425278283777,neutral,8811,train
8812,567827488736419840,negative,8812,train
8813,567827091409092608,negative,8813,train
8814,567826599270416385,neutral,8814,train
8815,567825891209912320,positive,8815,train
8816,567824260207738880,positive,8816,train
8817,567821839784939520,positive,8817,validation
8818,567821528424845312,positive,8818,train
8819,567818543569317888,negative,8819,validation
8820,567818156607074304,negative,8820,test
8821,567817897893982208,negative,8821,train
8822,567817476144242688,neutral,8822,validation
8823,567816742300356608,negative,8823,test
8825,567814010914222080,negative,8825,train
8826,567813515353804801,neutral,8826,train
8827,567813437003411456,negative,8827,train
8828,567812799767003136,negative,8828,train
8829,567811776566542336,positive,8829,train
8830,567810786576576512,neutral,8830,train
8831,567810683485753344,positive,8831,validation
8832,567810661372424193,negative,8832,train
8833,567810573002620928,neutral,8833,train
8834,567808748711051264,neutral,8834,train
8835,567808067237326848,negative,8835,train
8836,567808014725464064,neutral,8836,train
8837,567807844687577089,neutral,8837,validation
8838,567807693534031872,positive,8838,train
8839,567807375667912704,negative,8839,train
8840,567807333498355713,neutral,8840,train
8841,567807269707206657,negative,8841,train
8842,567807014388154368,negative,8842,train
8843,567806964832460800,neutral,8843,test
8844,567805458053099520,neutral,8844,train
8846,567803109687443456,neutral,8846,train
8847,567802194155565056,positive,8847,test
8848,567801642633162753,negative,8848,validation
8849,567801569157324800,neutral,8849,train
8850,567801567630618624,neutral,8850,validation
8851,567801343861092352,neutral,8851,train
8852,567799665061576704,neutral,8852,train
8853,567799518448848897,neutral,8853,validation
8854,567798973008994304,positive,8854,train
8855,567797436652199936,negative,8855,train
8856,567796079446745088,neutral,8856,train
8858,567795784876589057,neutral,8858,train
8859,567795026307325952,positive,8859,train
8860,567794802394406912,positive,8860,train
8861,567794198095872001,positive,8861,test
8862,567793799590854656,negative,8862,train
8863,567792966690168832,negative,8863,train
8864,567792296654299137,negative,8864,train
8865,567790133224681472,neutral,8865,validation
8866,567789001374183424,neutral,8866,validation
8867,567785752751505412,neutral,8867,train
8868,567784566614540289,neutral,8868,train
8869,567783892711526400,neutral,8869,train
8870,567783456420012032,positive,8870,train
8871,567781694183186432,positive,8871,test
8872,567781607797305345,neutral,8872,train
8873,567780486978609152,neutral,8873,train
8874,567779535307800576,neutral,8874,train
8875,567778921812389888,neutral,8875,validation
8876,567778149132664833,positive,8876,train
8877,567777885277405184,neutral,8877,test
8878,567776761510907904,neutral,8878,test
8879,567776348828360707,positive,8879,test
8880,567775864679456768,neutral,8880,validation
8881,567774038680801281,negative,8881,validation
8882,567773326631821312,positive,8882,train
8883,567773176031145984,negative,8883,test
8884,567772770604298240,positive,8884,train
8885,567772568833503233,negative,8885,test
8886,567772565956222976,negative,8886,train
8887,567772012735922176,negative,8887,train
8888,567771662167179264,negative,8888,train
8889,567771077359570944,neutral,8889,test
8890,567770698111852544,negative,8890,train
8891,567769879759962112,positive,8891,validation
8892,567769468278988800,neutral,8892,train
8893,567769131663884290,neutral,8893,train
8894,567768878613536769,neutral,8894,train
8895,567768330624372736,positive,8895,train
8896,567768306799882241,neutral,8896,train
8897,567766755797389312,negative,8897,train
8898,567766410169954304,negative,8898,test
8899,567766269810581505,positive,8899,validation
8900,567765664459669504,negative,8900,train
8901,567763818257063937,negative,8901,train
8902,567761644802293760,positive,8902,train
8903,567760693643214848,negative,8903,train
8904,567760260598104064,neutral,8904,train
8905,567759774016868352,neutral,8905,train
8906,567758927111401474,positive,8906,validation
8907,567758699574226944,positive,8907,validation
8908,567758248481415170,neutral,8908,train
8909,567758065320361985,positive,8909,train
8910,567758020239966208,neutral,8910,test
8911,567758007912906752,positive,8911,train
8912,567756085583302656,positive,8912,train
8913,567755768037130241,negative,8913,train
8914,567754559762612225,neutral,8914,validation
8915,567754367860633600,neutral,8915,test
8916,567752625647394816,negative,8916,train
8918,567749860611211265,neutral,8918,train
8919,567749243658858496,neutral,8919,train
8920,567747668512735232,negative,8920,train
8921,567746576626356225,neutral,8921,validation
8922,567743028215836672,positive,8922,test
8923,567742238562975745,negative,8923,train
8924,567740211384168448,positive,8924,test
8925,567740053967736832,positive,8925,train
8926,567739036425805824,positive,8926,train
8927,567738388980068352,negative,8927,train
8928,567738171215994880,negative,8928,test
8929,567737909072367616,positive,8929,train
8930,567737803060940800,negative,8930,train
8932,567735239456194560,neutral,8932,train
8933,567734644515536896,negative,8933,train
8934,567734573464027136,neutral,8934,train
8935,567733946717196288,negative,8935,train
8936,567733847132229632,neutral,8936,test
8937,567733834964156417,negative,8937,validation
8938,567733251620356096,negative,8938,test
8939,567732811772080129,positive,8939,train
8940,567731944151322626,positive,8940,train
8941,567731794498174978,neutral,8941,train
8942,567730696656273408,positive,8942,train
8943,567729368110096385,negative,8943,train
8944,567728800864010242,negative,8944,validation
8945,567728357555437568,neutral,8945,test
8946,567727883993358336,negative,8946,train
8947,567727701620822016,neutral,7739,train
8948,567727526777073664,positive,8948,train
8949,567727490567639041,neutral,8949,test
8951,567726912186118144,neutral,8951,train
8952,567725676958998528,neutral,8952,train
8953,567724950556258304,negative,8953,train
8954,567724178317402112,positive,8954,train
8955,567719957686136832,negative,8955,train
8956,567718292530688000,neutral,8956,train
8957,567716378681933825,neutral,8957,train
8958,567696188602712064,negative,8958,train
8959,567695310860730369,negative,8959,train
8960,567690417265975296,neutral,8960,test
8961,567680108002291712,positive,8961,validation
8962,567671602280923136,positive,8962,train
8963,567667301067915264,neutral,8957,train
8964,567590027375702016,negative,8964,train
8965,567588278875213824,neutral,8965,train
8966,570310600460525568,negative,8966,validation
8967,570310144459972608,negative,8967,train
8968,570309340952993796,neutral,8968,train
8969,570309000279023616,neutral,8969,train
8970,570308799950692353,negative,8970,train
8971,570308156699611137,neutral,8971,train
8972,570307605631012864,negative,8972,train
8973,570307109218340865,negative,8973,validation
8974,570307011981783040,positive,8974,test
8975,570306867135696897,neutral,8975,test
8976,570306715880706049,negative,8976,train
8977,570304779412508673,negative,8977,validation
8978,570304740279640064,neutral,8978,test
8979,570304445336178688,negative,8979,train
8980,570304440017788929,negative,8980,train
8981,570304244001193984,negative,8981,train
8982,570304059384713218,neutral,8982,train
8983,570303720308809728,negative,8983,train
8984,570302717085790209,negative,8984,train
8985,570302023968694272,positive,8985,train
8986,570300325917270018,negative,8986,train
8987,570298036938772483,negative,8987,train
8988,570297185704812545,neutral,8988,train
8989,570296537433186305,negative,8989,validation
8990,570296516314845185,negative,8990,train
8991,570296273611448320,negative,8991,train
8992,570296212336865283,negative,8992,validation
8993,570295658185408512,positive,8993,test
8994,570295637708816384,negative,8994,train
8995,570295405818335236,neutral,8995,train
8996,570295290063925249,neutral,8996,train
8997,570295202616889345,neutral,8997,train
8998,570294237348143104,neutral,10,train
8999,570293289045364736,positive,8999,train
9000,570292371340062720,negative,9000,train
9001,570291091204919297,neutral,9001,test
9002,570290730796777473,negative,9002,train
9004,570289532953874432,neutral,9004,train
9005,570289473898082305,negative,9005,train
9006,570288981847502850,negative,9006,train
9007,570288667790594048,negative,9007,train
9008,570288445156941824,neutral,9008,validation
9009,570288039454486529,negative,9009,test
9010,570287589216751616,neutral,9010,train
9011,570287318264905729,neutral,9011,train
9012,570286925556424705,negative,9012,train
9013,570286345454800896,negative,9013,train
9014,570286290203070465,negative,9014,train
9015,570286035118071808,negative,9015,validation
9016,570285320085880832,negative,9016,test
9017,570285070184898561,negative,9017,train
9018,570284855163883520,negative,9018,test
9019,570281232287731712,negative,9019,train
9020,570280852791422976,neutral,9020,train
9021,570280737951375360,negative,9021,validation
9022,570280653389996034,negative,9022,train
9023,570280436796166144,negative,9023,train
9024,570279106090274817,positive,9024,train
9026,570278902959988736,neutral,9026,train
9027,570278432417972224,negative,9027,test
9028,570278202897276928,negative,9028,train
9029,570277612389412864,negative,9029,train
9030,570276878788861953,negative,9030,train
9031,570276806512779264,neutral,9031,train
9032,570276681551732736,negative,9032,test
9033,570276439829774336,negative,9033,train
9034,570275106724782080,negative,9034,train
9035,570274750821486592,positive,6815,train
9036,570274417546113025,neutral,9036,train
9037,570274302118858752,negative,9037,train
9038,570274057729519617,neutral,9038,train
9039,570273880486629377,negative,9039,train
9040,570273188485197825,negative,9040,train
9041,570272465299083264,negative,9041,validation
9042,570272309434564608,negative,9042,train
9043,570272154635374592,negative,9043,train
9045,570271209822294016,neutral,9045,train
9046,570271160363057154,neutral,9046,validation
9047,570270772746461186,negative,9047,train
9048,570270630660218881,neutral,9048,test
9049,570269976042573824,negative,9049,train
9050,570269272502607873,negative,9050,train
9051,570267781859557377,negative,9051,train
9052,570266871586553856,neutral,9052,train
9053,570265780186710017,neutral,9053,train
9054,570265699215675392,negative,9054,train
9055,570265609122029568,neutral,9055,train
9056,570264306350227456,negative,9056,train
9057,570262977947013120,neutral,9057,train
9058,570262676481421312,negative,9058,train
9059,570259388872695808,neutral,9059,validation
9060,570259268844314625,neutral,9060,train
9061,570258946860171264,neutral,9061,train
9062,570258435448688641,negative,9062,train
9063,570258209534922752,negative,9063,train
9064,570257918798516224,neutral,9064,train
9065,570257107737571329,positive,9065,train
9066,570256300556165122,negative,9066,train
9067,570255224155348992,neutral,9067,train
9068,570253865066602497,negative,9068,train
9069,570252052099678208,negative,9069,validation
9070,570251909447192577,negative,9070,train
9071,570250989305004033,negative,9071,train
9072,570250443034640384,positive,9072,test
9073,570249204767055872,negative,9073,train
9074,570248954572619776,negative,9074,train
9075,570248242853773312,positive,9075,train
9076,570247763704868864,negative,9076,test
9077,570245576815546368,negative,9077,train
9078,570243874062503936,negative,9078,train
9079,570242474750423040,negative,9079,train
9080,570242452092813312,negative,9080,train
9081,570242191685234688,negative,9081,test
9082,570241590758920192,negative,9082,train
9083,570240576144211968,positive,9083,train
9084,570239546673238017,negative,9084,train
9085,570237453229019137,negative,9085,train
9086,570236495367315456,negative,9086,train
9087,570236313393373186,negative,9087,train
9088,570235676916117504,negative,9088,test
9089,570235609933078529,negative,9089,train
9090,570232671353376769,negative,9090,train
9091,570231786824994816,negative,9091,train
9092,570231607757381632,negative,9092,train
9093,570230527032229889,negative,9093,train
9094,570229647713148928,negative,9094,train
9095,570229176621510659,negative,9095,train
9096,570226365410230272,negative,9096,train
9097,570226104839090176,negative,9097,train
9098,570225817873227776,negative,9098,train
9099,570224746652160000,negative,9099,train
9100,570223944260849664,negative,9100,train
9101,570223851570909185,negative,9101,validation
9102,570223460632403969,negative,9102,train
9103,570222748615598081,neutral,657,test
9104,570222481618948096,negative,9104,test
9105,570220968435716097,positive,9105,train
9106,570219953741279232,neutral,9106,validation
9107,570219138125324288,neutral,9107,train
9108,570217639584395264,positive,9108,train
9109,570217450874146818,negative,9109,test
9110,570215793511825408,neutral,9110,train
9111,570215234088116224,negative,9111,train
9112,570214488739225601,negative,9112,validation
9113,570213946348560388,negative,9113,train
9114,570213783085432832,negative,9114,train
9115,570212087223287809,positive,9115,train
9116,570208640520622080,negative,9116,train
9117,570208313163550721,negative,9117,train
9118,570208172289474560,negative,9118,train
9119,570206113783795713,negative,9119,train
9120,570205604314255360,negative,9120,train
9121,570205370649604096,negative,9121,train
9122,570204219191504896,negative,9122,test
9123,570203789963218944,negative,9123,train
9124,570203037823836160,negative,9124,train
9125,570199481943261184,negative,9125,train
9126,570197883716300800,negative,9126,test
9127,570197868813918208,negative,9127,train
9128,570196428364111873,negative,9128,train
9129,570195970610348032,negative,9129,train
9130,570192366272970752,neutral,9130,train
9131,570190931321757696,negative,9131,test
9132,570185347453329409,neutral,9132,train
9133,570184073139912704,negative,9133,test
9134,570181464773562368,negative,9134,validation
9135,570177698166923267,negative,9135,train
9136,570157409458642944,negative,9136,train
9137,570157210183069696,negative,9137,validation
9138,570156989541687296,negative,9138,train
9139,570156777297350656,negative,9139,train
9140,570151995472027649,negative,9140,train
9141,570151703410053120,negative,9141,train
9142,570133607223840768,positive,9142,train
9143,570125976195219456,negative,9143,train
9144,570120432453615617,negative,9144,train
9145,570119853312311296,positive,9145,validation
9146,570114300888678401,negative,9146,validation
9147,570114273021534209,negative,9147,train
9148,570110504254857217,negative,9148,train
9149,570110280635588608,positive,9149,validation
9150,570109961511895040,negative,9150,validation
9151,570109219078152193,negative,9151,train
9152,570108987284197376,negative,9152,test
9153,570108377029685248,negative,9153,validation
9154,570106579879645185,negative,9154,train
9155,570105696219308033,negative,9155,train
9156,570104704241307649,negative,9156,train
9157,570104544622981122,negative,9157,validation
9158,570101746590093312,negative,9158,train
9159,570098159076171776,positive,9159,train
9160,570097596913623040,negative,9160,train
9161,570091270334509056,negative,9161,train
9162,570085837821632512,negative,9162,train
9163,570085644015419393,negative,9163,test
9164,570085487261700096,negative,9164,test
9165,570085423801888768,negative,9165,train
9166,570085229576265728,negative,9166,train
9167,570085132251598850,negative,9167,train
9168,570084871101661184,neutral,9168,test
9169,570084707548958720,neutral,9169,train
9170,570084406204997632,negative,9170,test
9171,570084337099673600,negative,9171,validation
9172,570084217301962752,negative,9172,test
9173,570084200235335680,negative,9173,train
9174,570083998380232704,negative,9174,validation
9175,570083761582428160,negative,9175,validation
9176,570083548364992512,negative,9176,test
9177,570083458925490176,negative,9177,train
9178,570083021099032576,negative,9178,train
9179,570082431304392704,negative,9179,train
9180,570082420936052737,negative,9180,train
9181,570081545211375616,negative,9181,validation
9182,570081206412431360,negative,9182,train
9183,570079855821389824,negative,9183,train
9184,570079508797243392,negative,9184,train
9185,570078379421990912,negative,9185,validation
9186,570078355770339328,negative,9186,train
9187,570078280591781888,negative,9187,train
9188,570078102551834624,negative,9188,validation
9189,570078049779081216,positive,9189,validation
9190,570077991436484609,negative,9190,train
9191,570076827135246336,negative,9191,train
9192,570075916430397440,negative,9192,validation
9193,570075866748694528,neutral,9193,train
9194,570075456302649344,negative,9194,validation
9195,570074662086045696,negative,9195,train
9196,570074077383102464,negative,9196,train
9197,570073507465469952,negative,9197,train
9198,570073473952968705,negative,9198,test
9199,570072227942674432,negative,9199,train
9200,570071350133579776,negative,9200,train
9201,570071071220609024,negative,9201,train
9202,570070928425676800,neutral,9202,test
9203,570070449406812160,negative,9203,train
9204,570069362310324224,negative,9204,train
9206,570067865946234883,negative,9206,test
9207,570064017022181376,negative,9207,test
9208,570063683256242177,negative,9208,train
9209,570061827100422144,negative,9209,train
9210,570061033253023744,negative,9210,train
9211,570060873328414721,negative,9211,train
9212,570060752926728192,negative,9212,train
9213,570060273798631424,negative,9213,validation
9214,570060272049778688,negative,9214,train
9215,570058295689523200,negative,9215,validation
9216,570058065480962048,neutral,9216,train
9217,570057520162721792,negative,9217,train
9218,570056984986300418,negative,9218,test
9219,570056859698270208,negative,9219,train
9220,570056533356224512,negative,9220,train
9221,570054495943720960,neutral,9221,train
9222,570054266267811840,positive,9222,validation
9223,570054257577041921,neutral,9223,test
9224,570052124010278912,negative,9224,train
9225,570051488875020288,negative,9225,train
9226,570050881879568384,negative,9226,train
9227,570048851295383552,negative,9227,train
9228,570048275367079937,negative,9228,train
9229,570048188830216192,negative,9229,validation
9230,570047737347088384,negative,9230,test
9231,570047733236695040,negative,9231,test
9232,570045890750230529,negative,9232,train
9233,570045818205384704,negative,9233,train
9234,570044019897556994,negative,9234,validation
9235,570043607954137090,negative,9235,train
9236,570043569605648385,negative,9236,train
9237,570043114058076160,negative,9237,validation
9238,570042796624777216,negative,9238,train
9239,570038112166002688,negative,9239,train
9240,570037369841135616,positive,9240,train
9241,570033719609827328,negative,9241,train
9242,570033554492690432,negative,9242,train
9243,570030761539182592,negative,9243,train
9244,570030590466121728,positive,9244,train
9245,570030173300658176,negative,9245,train
9246,570030083093729280,negative,9246,train
9247,570024409630515202,neutral,9247,train
9248,570024174162485251,negative,9248,test
9249,570023602793238528,negative,9249,train
9250,570023318251642883,negative,9250,train
9251,570022626724220928,negative,9251,train
9252,570021943899877377,negative,9252,train
9253,570021485466685440,negative,9253,train
9254,570021301223604224,neutral,9254,train
9255,570020147827752961,negative,9255,train
9256,570020023630057472,neutral,9256,validation
9257,570019741806538752,neutral,9257,train
9258,570019623078383616,neutral,9258,test
9259,570019459244691456,negative,9259,train
9260,570019234505474049,negative,9260,test
9261,570018892031991808,negative,9261,train
9262,570018836239364096,negative,9262,train
9263,570017568964132865,negative,9263,test
9264,570017458742030336,negative,9264,train
9265,570015794387685376,negative,9265,train
9266,570015715530395648,negative,9266,train
9267,570015470570639360,negative,9267,train
9268,570015373447159808,negative,9268,train
9269,570015223408668672,positive,9269,train
9270,570013961808187393,negative,9270,train
9271,570013535696232449,negative,9271,train
9272,570013472093642752,negative,9272,train
9273,570012789479055360,negative,9273,train
9274,570012549631975424,negative,9274,train
9275,570012421345005568,neutral,9275,test
9276,570012047917907969,negative,9276,test
9277,570011533205336064,negative,9277,train
9278,570011088508604416,neutral,9278,train
9279,570010979074834432,neutral,9279,validation
9280,570010973047795713,neutral,9280,train
9281,570009630786453505,neutral,9281,test
9282,570009129579900928,negative,9282,train
9283,570008684413104128,neutral,9283,validation
9284,570007761355980800,negative,9284,validation
9285,570007297927221249,negative,9285,train
9286,570005034340974592,positive,9286,train
9287,570005004012138496,neutral,9287,train
9288,570004421352001536,negative,9288,validation
9289,570003343222964224,negative,9289,test
9290,570001983408635904,neutral,9290,test
9291,570001283907768320,negative,9291,validation
9292,570001064424026112,negative,9292,train
9293,570000760035024896,negative,9293,test
9294,570000520083075072,negative,9294,validation
9295,570000158454353920,negative,9295,test
9296,569999956796444674,neutral,9296,train
9297,569997350493663233,negative,9297,train
9298,569996446348517376,negative,9298,train
9299,569993444342534144,negative,9299,train
9300,569993393767460864,neutral,9300,test
9301,569992662779961344,negative,9301,train
9302,569992620744708096,negative,9302,test
9303,569992532123258881,negative,9303,test
9304,569992414653362176,negative,9304,train
9305,569992362728005632,positive,9305,train
9306,569992234801737728,negative,9306,test
9307,569991295776595968,neutral,9307,train
9308,569990010067423233,neutral,9308,validation
9309,569989999963213824,neutral,4595,train
9310,569989745503297536,negative,9310,train
9311,569989322641936385,neutral,9311,train
9312,569989043456380928,negative,9312,train
9313,569988987420434432,negative,9313,train
9314,569987511830904832,positive,9314,train
9315,569987452334690305,negative,9315,train
9316,569987227075239936,neutral,9316,train
9317,569986794797842433,negative,9317,train
9318,569986344484794369,negative,9318,train
9319,569985838689456128,negative,9319,train
9320,569985813712392194,negative,9320,train
9321,569985760482365440,negative,9321,train
9322,569985288992264192,negative,9322,train
9323,569985270415818752,negative,9323,train
9324,569985084348104704,neutral,9324,test
9325,569984789798899712,positive,9325,train
9326,569984789673078785,negative,9326,test
9328,569984162377003008,negative,9328,train
9329,569983587572789248,negative,9329,validation
9330,569982742198251520,negative,9330,train
9331,569981026598043648,neutral,9331,validation
9332,569981015378112512,negative,9332,test
9333,569980923179094016,positive,9333,train
9334,569980771424976896,negative,9334,test
9335,569980561344897024,negative,9335,train
9336,569978187465166848,positive,9336,test
9337,569977263191662595,negative,9337,train
9338,569976848786034688,negative,9338,train
9339,569976124278640640,negative,9339,train
9340,569975515974656000,positive,9340,train
9341,569975508756267008,negative,9341,train
9342,569973204263034880,negative,9342,train
9343,569972804822704128,negative,9343,train
9344,569972558218440704,neutral,9344,train
9345,569972447329574912,neutral,9345,train
9346,569972250385862656,negative,9346,train
9347,569971550008573953,negative,9347,test
9348,569971542538346496,negative,9348,test
9349,569971374820884481,negative,9349,train
9350,569971233351213056,negative,9350,train
9351,569970977368645632,negative,9351,train
9352,569970853334650880,neutral,9352,train
9353,569970659297792000,positive,9353,train
9354,569970626057801728,neutral,9354,train
9355,569970608693493760,negative,9355,validation
9356,569970518381744128,negative,9356,train
9357,569970287493705728,negative,9357,train
9358,569970186431959040,negative,9358,train
9359,569970117154484224,negative,9359,train
9360,569969714245431296,negative,9360,train
9361,569969506740674560,neutral,9361,train
9362,569969386062266368,positive,9362,validation
9363,569969218306904067,negative,9363,train
9364,569969062228439040,negative,9364,train
9365,569969045946175490,negative,9365,train
9366,569968886227050496,negative,9366,train
9367,569968799576924160,neutral,9367,train
9368,569968609440563201,negative,9368,test
9369,569967974284713984,negative,9369,test
9370,569967965346664448,neutral,1005,train
9371,569967808446009345,negative,9371,train
9372,569967469135142914,negative,9372,train
9373,569966745982791680,negative,9373,train
9374,569966073304522752,neutral,9374,train
9375,569964627305603073,neutral,9375,train
9376,569964389660540928,negative,9376,validation
9377,569963395652280320,positive,9377,train
9378,569962709057298432,positive,9378,train
9379,569961481455976449,neutral,9379,train
9380,569961117235191809,negative,9380,validation
9381,569961070519050240,negative,9381,train
9382,569960904852312064,negative,9382,validation
9383,569960704717008896,negative,9383,train
9384,569960575792504833,neutral,9384,train
9385,569960024455454721,negative,9385,train
9386,569959975566467072,negative,9386,test
9387,569959415433965569,negative,9387,train
9388,569959393917149189,negative,9388,train
9389,569959365236690945,negative,9389,train
9390,569958552493793280,negative,9390,train
9391,569958301443739650,negative,9391,train
9392,569957315568394242,negative,9392,test
9393,569956170393194496,negative,9393,train
9394,569956147433574401,positive,9394,validation
9395,569952376473300992,positive,9395,train
9396,569951958552805376,negative,9396,train
9397,569951021398683650,negative,9397,validation
9398,569950785859145728,neutral,9398,validation
9399,569950482665308160,positive,9399,train
9400,569950215513497601,negative,9400,train
9401,569949968750010370,negative,9401,train
9402,569949405136232449,negative,9402,train
9403,569949007465844736,negative,9403,test
9404,569948356933332992,negative,9404,train
9405,569948119712063489,negative,9405,validation
9406,569947283846004737,neutral,9406,test
9407,569947048574758912,negative,9407,train
9408,569947033857069057,neutral,9408,test
9409,569947001456070656,negative,9409,train
9410,569946740855582722,negative,9410,train
9411,569946472751476737,negative,9411,train
9412,569945501166133248,neutral,9412,train
9413,569945237025648640,negative,9413,train
9414,569945085158264832,negative,9414,train
9415,569944996616351746,negative,9415,train
9416,569944514137362432,negative,9416,train
9417,569944182011379712,negative,9417,train
9418,569943857418399746,negative,9418,train
9419,569943774253621248,negative,9419,train
9420,569943434536091649,negative,9420,train
9421,569943345000280064,negative,9421,train
9422,569943328701095937,negative,9422,train
9423,569943090766721024,neutral,9423,train
9424,569942656522047490,negative,9424,train
9425,569942569951600640,negative,9425,train
9426,569941616649244673,negative,9426,test
9427,569941050002972672,negative,9427,test
9428,569940989403635712,negative,9428,train
9429,569940889591795712,negative,9429,train
9430,569940462678749186,negative,9430,train
9431,569939368598753280,negative,9431,test
9432,569939301301153792,negative,9432,train
9433,569939286935674880,negative,9433,train
9434,569938945871626240,negative,9434,train
9435,569938939122991104,negative,9435,train
9436,569938672935546880,negative,9436,train
9437,569938487920566272,negative,9437,train
9438,569938470589718528,negative,9438,validation
9439,569938119060955136,negative,9439,train
9440,569937457837273088,negative,9440,validation
9441,569936893325897728,negative,9441,test
9442,569936213760716801,negative,9442,validation
9443,569935818783125504,negative,9443,train
9444,569935639539425280,negative,9444,validation
9445,569935531213086721,negative,9445,train
9446,569935522497478656,negative,9446,test
9447,569934782643224576,negative,9447,train
9448,569933275436707840,negative,9448,validation
9449,569932287380467712,negative,9449,validation
9450,569932207311048705,negative,9450,validation
9451,569930403106172928,negative,9451,train
9452,569930292024221696,negative,9452,validation
9453,569930199036497920,positive,9453,validation
9454,569929945331449856,negative,9454,test
9455,569929134639611904,negative,9455,train
9456,569928540004753409,negative,9456,train
9457,569926843853185024,negative,9457,test
9458,569926412234326016,neutral,9458,test
9459,569926031542345728,negative,9459,train
9460,569925709025509376,negative,9460,train
9461,569923242015764480,positive,9461,validation
9462,569923163259318274,negative,9462,train
9463,569922365322338304,positive,9463,train
9464,569921842204565504,negative,9464,train
9465,569921840904327168,negative,9465,train
9466,569921757647212544,negative,9466,test
9467,569921646057926656,negative,9467,train
9468,569921267601580032,negative,9468,train
9469,569920484856475649,negative,9469,train
9470,569920436466794496,negative,9470,validation
9471,569919319821434880,neutral,9471,train
9472,569918035097731072,positive,9472,train
9473,569917765676601344,negative,9473,train
9474,569917692758630400,negative,9474,train
9475,569917431059099648,negative,9475,train
9476,569916586682945536,negative,9476,validation
9477,569914295854739456,negative,9477,validation
9478,569914076496850945,negative,9478,train
9479,569913838746742784,neutral,9479,train
9480,569912963273879552,negative,9480,train
9481,569911231705944064,negative,9481,train
9482,569911064105754624,negative,9482,train
9483,569910971222892545,negative,9483,train
9484,569910571686088704,negative,9484,validation
9485,569910441423417345,neutral,9485,train
9486,569910410343804928,neutral,9486,test
9487,569910335353851904,neutral,9487,train
9488,569909641129402368,negative,9488,train
9489,569909232696483842,negative,9489,train
9490,569909058250997760,positive,9490,train
9491,569908805724712961,negative,9491,train
9492,569908781720702976,negative,9492,validation
9493,569907782108839938,negative,9493,train
9494,569907323650633728,neutral,9494,train
9495,569906167947898880,negative,9495,train
9496,569905936980185088,negative,9148,train
9497,569905899650883585,negative,9497,train
9498,569905773276307457,negative,9498,validation
9499,569905559652012032,negative,9499,train
9500,569904589010575360,positive,9500,train
9501,569903725449322496,neutral,9501,test
9502,569903376583913472,positive,9502,train
9503,569902284710084608,positive,9503,validation
9504,569900620095856640,negative,9504,train
9505,569899859995693056,negative,9505,train
9506,569899859161026560,negative,9506,train
9507,569899709734752256,negative,9507,train
9508,569899203339657217,neutral,9508,train
9509,569899102198206464,negative,9509,train
9510,569898346036404224,negative,9510,train
9511,569897798692286465,negative,9511,validation
9512,569897573294743552,positive,9512,train
9513,569896616322334720,negative,9513,validation
9514,569896241196339201,negative,9514,train
9515,569895538910498817,negative,9515,train
9516,569895100526039040,negative,9516,validation
9517,569894983265710081,neutral,9517,train
9518,569894449922252800,negative,9518,train
9519,569894295953645568,negative,9519,validation
9520,569894100649947136,negative,9520,train
9521,569894035797753856,negative,9521,train
9522,569893878536527872,negative,9522,train
9523,569893554753040386,negative,9523,test
9524,569892553690124288,positive,9524,train
9525,569892413235294208,negative,9525,train
9526,569891350302367745,negative,9526,train
9527,569891260405665792,negative,9527,test
9528,569890430893993986,negative,9528,train
9529,569890311608111105,negative,9529,train
9530,569890309624082432,negative,9530,train
9531,569890152832749568,negative,9531,train
9532,569889475658178560,negative,9532,train
9533,569888762982850560,neutral,9533,validation
9534,569888646633017344,negative,9534,train
9535,569887957810864129,negative,9535,train
9536,569887533267611648,negative,9536,train
9537,569886919833874432,negative,9537,train
9538,569886537128632320,negative,9538,train
9539,569885003020181504,neutral,9539,train
9540,569884559380238336,negative,9540,train
9541,569884071758835712,negative,9541,test
9542,569884052758659072,negative,9542,train
9543,569883910735159297,negative,9543,train
9544,569883672679215104,negative,9544,test
9545,569883558749335552,negative,9545,train
9546,569883376041250816,negative,9546,validation
9547,569883285989531649,negative,9547,test
9548,569882980992335872,negative,9548,train
9549,569882442129133568,negative,9549,train
9550,569882324713783296,negative,9550,train
9551,569881123741937664,negative,9551,train
9552,569881062169567232,negative,9552,train
9553,569880207911460864,negative,9553,train
9554,569880100218544128,negative,9554,test
9555,569879818063507457,negative,9555,train
9556,569879601784041472,negative,9556,train
9557,569879100971753472,negative,9557,test
9558,569878754551599104,negative,9558,train
9559,569878117583622145,positive,9559,train
9560,569876325588197377,neutral,9560,train
9561,569874973021622272,positive,9561,train
9562,569874944282234880,negative,9562,train
9563,569874553175810050,negative,9563,train
9564,569873968175259650,negative,9564,validation
9565,569873190190600192,neutral,9565,train
9566,569873091763032065,negative,9566,train
9567,569871932251729920,neutral,9567,train
9568,569870924410970112,negative,9568,train
9569,569870657246404608,negative,9569,test
9570,569870445710671872,negative,9570,train
9571,569870442388983808,negative,9571,test
9572,569870374638235649,neutral,9572,validation
9573,569870248779902976,negative,9573,validation
9574,569870128915083264,negative,9574,train
9575,569870036992593920,negative,9575,train
9576,569870007368331264,negative,9576,train
9577,569869978217914368,negative,9577,train
9579,569867947130421249,neutral,9579,train
9580,569866875452203010,negative,9580,train
9581,569866461172387841,negative,9581,validation
9582,569866081164111873,neutral,9582,train
9583,569865823415902208,neutral,9583,validation
9584,569865637666930688,negative,9584,train
9585,569864720305553409,negative,9585,test
9586,569863183961165826,neutral,9586,train
9587,569862572540878848,positive,9587,train
9589,569860355746213893,negative,9589,train
9590,569857037477158912,negative,9590,train
9591,569856874604048385,negative,9591,train
9592,569854370726064132,negative,9592,train
9593,569852380327612416,negative,9593,validation
9594,569850182784966656,positive,9594,test
9595,569849295786127360,negative,9595,train
9596,569849281533874176,neutral,9596,train
9597,569848398129565696,negative,9597,test
9598,569846619996360704,neutral,9598,validation
9599,569844919617101824,neutral,9599,train
9600,569844782702338048,negative,9600,train
9601,569844191938908160,neutral,9601,test
9602,569843749230133248,negative,9602,train
9603,569843142830071808,neutral,9603,train
9604,569842257588846592,negative,9604,train
9605,569841949185839104,negative,9605,train
9606,569837569392967680,positive,9606,test
9607,569833680316829696,negative,9607,test
9608,569832968954499072,neutral,9608,train
9609,569827255653941248,negative,9609,train
9610,569827206928715776,neutral,9610,train
9611,569825936788598786,negative,9611,test
9612,569825133705216001,negative,9612,train
9613,569824422279950336,negative,9613,train
9614,569822645065093121,negative,9614,train
9615,569821862873726976,negative,9615,train
9616,569820790905970688,negative,9616,validation
9617,569817859406352384,negative,9617,test
9618,569817051482726400,negative,9618,train
9619,569815690531758082,negative,9619,test
9620,569815061440679937,negative,9620,validation
9621,569810990189191168,negative,9621,train
9622,569810057795391488,negative,9622,train
9623,569802676914909184,negative,9623,train
9624,569783738210525184,negative,9624,train
9625,569777311475765248,positive,9625,train
9626,569776946365620224,negative,9626,test
9627,569775147919372288,neutral,9627,train
9628,569772867774230528,negative,9628,train
9629,569771711408644096,positive,9629,train
9630,569771270839013376,negative,9630,train
9631,569764668366938112,negative,9631,train
9632,569763137819267072,negative,9632,train
9633,569762394169221121,negative,9633,train
9634,569760267485122560,negative,9634,test
9635,569760231846072321,negative,9635,train
9636,569760128343220224,negative,9636,test
9637,569759999083171840,negative,9637,train
9638,569759558777892864,negative,9638,test
9639,569759459632750592,negative,9639,train
9640,569759330662109185,negative,9640,train
9641,569759291839803392,negative,9641,validation
9642,569759259480600577,negative,9642,test
9643,569759131143262208,negative,9643,train
9644,569758956941234176,negative,9644,test
9645,569758821310017536,negative,9645,train
9646,569758649112854529,negative,9646,train
9647,569758482989084674,negative,9647,validation
9648,569758349354340352,negative,9648,test
9649,569758145020428288,negative,9649,test
9650,569757977785184256,negative,9650,validation
9651,569757907048202240,negative,9651,train
9652,569757773937770496,negative,9652,validation
9653,569757651539660801,negative,9653,train
9654,569757363797757952,negative,9654,validation
9655,569757234260942848,negative,9655,train
9656,569757094166994944,negative,9656,train
9657,569754180883247104,neutral,9657,train
9658,569752107730890752,positive,9658,train
9659,569747533641199617,negative,9659,train
9660,569747390758047745,negative,9660,train
9661,569747046338588672,negative,9661,train
9662,569746612433629184,negative,9662,train
9663,569746398519955456,negative,9663,train
9664,569745728693784576,negative,9664,validation
9665,569735732060753921,negative,9665,train
9666,569734884396302338,negative,9666,train
9667,569734868344684544,negative,9667,train
9668,569734821091487744,negative,9668,train
9669,569731306092961792,negative,9669,test
9670,569729663351832576,positive,9670,train
9671,569729072697352192,negative,9671,train
9672,569727223357427712,negative,9672,train
9673,569726849988878336,negative,9673,train
9674,569726350380150784,negative,9674,validation
9675,569725021951791104,negative,9675,train
9676,569724225466073088,negative,9676,train
9677,569722436935151616,negative,9677,test
9678,569721813220995072,negative,9678,train
9679,569721779645767680,positive,9679,train
9680,569721604315312129,negative,9680,test
9681,569720701197750272,negative,9681,train
9682,569719964023853056,negative,9682,validation
9683,569719741906075648,negative,9683,train
9684,569719242427396096,negative,9684,test
9685,569718807939428354,negative,9685,train
9686,569718492108230657,neutral,9686,train
9687,569718474047664129,negative,9687,train
9688,569717336959160323,negative,9688,train
9689,569717188468334593,negative,9689,train
9690,569716908787933184,negative,9690,test
9691,569716670689902592,neutral,9691,train
9692,569716646165778432,negative,9692,train
9693,569716449704587265,negative,9693,train
9694,569715656632999936,negative,9694,train
9695,569715361660207105,negative,9695,test
9696,569713111537717248,negative,9696,train
9697,569710305707601920,negative,9697,train
9698,569709901737406464,negative,9698,train
9699,569709870729068544,negative,9699,train
9700,569709195936735232,negative,9700,validation
9701,569709103188197376,negative,9701,train
9702,569708507961950209,negative,9702,test
9703,569708139517480960,negative,9703,train
9704,569706908002578432,negative,9704,train
9705,569706041673322498,neutral,9705,train
9706,569704108095111168,negative,9706,train
9707,569704066760232960,negative,9707,train
9708,569703596914282496,negative,9708,train
9709,569703468736376832,negative,9709,train
9710,569702495926267905,negative,9710,train
9711,569702009751916544,negative,9711,train
9712,569701230479413249,negative,9712,test
9713,569701192449654784,negative,9713,train
9714,569700068476866560,positive,9714,validation
9715,569699694454001664,negative,9715,train
9716,569699616750489600,negative,9716,train
9717,569699279566016512,negative,9717,validation
9718,569698944084680704,negative,9718,validation
9719,569698937281470464,negative,9719,train
9720,569698882797641728,negative,9720,train
9721,569698150757244928,positive,9721,train
9722,569697267856187392,negative,9722,train
9723,569696666611261440,negative,9723,train
9724,569696521425281024,negative,9724,train
9725,569695412740714496,negative,9725,train
9726,569694350831161344,negative,9726,train
9727,569693042040418304,negative,9727,validation
9728,569692835907129345,negative,9728,train
9729,569692108367400960,neutral,9729,validation
9730,569691438784647168,neutral,9730,test
9731,569690010531680256,negative,9731,train
9732,569689743061069824,negative,9732,train
9733,569689324595376128,negative,9733,train
9734,569688335788036096,negative,9734,test
9735,569687410969321472,negative,9735,train
9736,569687262444720128,negative,9736,validation
9737,569686624721707009,negative,9737,train
9738,569686602940858368,negative,9738,train
9739,569686000240345090,negative,9739,train
9740,569685606202093570,negative,9740,validation
9741,569685186495057920,negative,9741,train
9742,569684917145223170,negative,9742,train
9743,569684686160719872,neutral,9743,train
9744,569684138304741377,negative,9744,train
9745,569684101197910016,negative,9745,validation
9746,569683278715883523,negative,9746,test
9747,569683111404908544,negative,9747,test
9748,569682877300023296,negative,9748,train
9749,569682751063924736,negative,9749,train
9750,569682545375354880,negative,9750,validation
9751,569682454757257216,negative,9751,train
9752,569682228269068288,negative,9752,test
9753,569682194236641282,negative,9753,test
9754,569682192332234752,negative,9754,validation
9755,569682149277900800,positive,9755,train
9756,569680829481406464,negative,9756,train
9757,569680782622633984,negative,9757,test
9758,569679976053805056,positive,9758,validation
9759,569679450750750720,negative,9759,train
9760,569678919307280384,neutral,9760,train
9761,569678632567881728,negative,9761,train
9762,569678568692719616,negative,9762,validation
9763,569677827068579840,positive,9763,train
9764,569677776384598017,negative,9764,train
9765,569676612851134464,neutral,9765,train
9766,569676387113672704,negative,9766,train
9767,569673913892003840,negative,9767,train
9768,569673622505328640,neutral,9768,train
9769,569672763536842752,negative,9769,train
9770,569672330261106688,neutral,9770,validation
9771,569672234949742592,negative,9771,train
9772,569672202037170177,positive,3877,validation
9773,569671871634935809,negative,9773,train
9774,569671712830308352,negative,9774,train
9775,569671624921915392,positive,9775,test
9776,569671485930876928,negative,9776,train
9777,569671413671591937,negative,9777,train
9778,569671332092252160,negative,9778,train
9779,569670882207129601,negative,9779,train
9780,569670708818780161,neutral,9780,train
9781,569669921258409985,negative,9781,test
9782,569669815205560320,negative,9782,test
9783,569669786810114048,negative,9783,train
9784,569669547210309632,negative,9784,train
9785,569668704524308480,negative,9785,train
9786,569668310637404163,negative,9786,validation
9787,569668179758350336,negative,9787,train
9788,569668051764969474,negative,9788,test
9789,569666926294798338,negative,9789,test
9790,569666826352898048,negative,9790,validation
9791,569666501504073728,negative,9791,train
9792,569665202616020992,negative,9792,train
9793,569663875836219392,neutral,9793,test
9794,569663278298890241,negative,9794,train
9795,569662906842750976,positive,9795,train
9796,569662030984056834,negative,9796,train
9797,569661154638872576,negative,9797,train
9798,569661113593425920,negative,9798,test
9799,569660306298945537,negative,9799,train
9800,569659952681361408,negative,9800,train
9801,569659646916440065,positive,9801,train
9802,569659137581326336,negative,9802,test
9803,569659027073867777,negative,9803,train
9804,569658553381883905,negative,9804,train
9805,569658168097292288,negative,9805,train
9806,569657895522054145,neutral,9806,train
9807,569657128866095104,negative,9807,test
9808,569656884262793216,neutral,9808,train
9809,569656088817233921,negative,9809,train
9810,569655603783708673,negative,9810,train
9811,569655302871580673,neutral,9811,train
9812,569654471342600193,negative,9812,test
9813,569654319391354880,negative,9813,train
9814,569653977714962433,negative,9814,train
9815,569653415317413888,negative,9815,validation
9816,569653219229630464,negative,9816,train
9817,569652631938985984,negative,9817,train
9818,569652266006941698,negative,9818,train
9819,569651499422375936,neutral,9819,validation
9820,569651459152859137,negative,9820,validation
9821,569651165396373504,neutral,9821,train
9822,569651085348110336,negative,9822,train
9823,569650819894652928,negative,9823,train
9824,569650751598944256,negative,9824,train
9825,569650547562811393,negative,9825,test
9826,569649975342333952,negative,9826,train
9827,569649590632374273,negative,9827,train
9828,569649433635368961,negative,9828,train
9829,569649297731399682,negative,9829,test
9830,569649203753791488,negative,9830,train
9831,569649125525983233,neutral,9831,train
9832,569648671870099456,negative,9832,train
9833,569648534569361408,negative,9833,train
9834,569647597666889728,negative,9834,validation
9835,569647318535786496,negative,9835,train
9836,569647082870415361,negative,9836,train
9837,569646886610702337,negative,9837,train
9838,569646309159927808,negative,9838,train
9839,569646045656948737,negative,9839,train
9840,569645836109418496,negative,9840,train
9841,569645701291843584,negative,9841,train
9842,569644766779936768,negative,9842,train
9843,569644694759714816,neutral,9843,validation
9844,569644249337110528,negative,9844,train
9845,569643648910028801,negative,9845,train
9846,569642526065471488,negative,9846,train
9847,569642419307864064,negative,9847,validation
9848,569641916855402496,negative,9848,train
9849,569641343254970368,negative,9849,test
9850,569640733466103808,negative,9850,test
9851,569640574971715584,negative,9851,train
9852,569639784819372032,negative,9852,train
9853,569639305016152066,negative,9853,validation
9854,569638835539349504,neutral,9854,test
9855,569638678194040832,negative,9855,train
9856,569638479157723136,neutral,9856,train
9857,569638381375909889,negative,9857,train
9858,569637822929317890,negative,9858,test
9859,569635479383085056,negative,9859,validation
9860,569635391965405184,negative,9860,train
9861,569634364780351488,positive,9861,train
9862,569633357451153408,negative,9862,train
9863,569633323997212672,negative,9863,train
9864,569633287204773888,negative,9864,train
9865,569633285288157184,negative,9865,validation
9866,569633099174322177,negative,9866,train
9867,569632828478136320,negative,9867,train
9868,569632685318115329,negative,9868,train
9869,569632379326869504,negative,9869,train
9870,569632283046469634,negative,9870,validation
9871,569630712233627648,negative,9871,train
9872,569630148468670464,neutral,9872,validation
9873,569629882323496961,negative,9873,train
9874,569629631814508544,negative,9874,train
9875,569629346777968640,negative,9875,test
9876,569628521666117632,negative,9876,train
9877,569628242044428288,negative,9877,train
9878,569628145030004736,negative,9878,train
9879,569627574336421888,neutral,9879,train
9880,569627477200535552,negative,9880,test
9881,569627346166284288,negative,9881,validation
9882,569627079458865153,negative,9882,train
9883,569627069463842816,negative,9883,train
9884,569626882053787649,negative,9884,train
9885,569626841046224896,negative,9885,train
9886,569626683139104768,negative,9886,train
9887,569625848334000128,negative,9887,train
9888,569625599570014209,negative,9888,train
9889,569625053916061696,positive,9889,train
9890,569625014179377152,negative,9890,train
9891,569624406437306370,negative,9891,train
9892,569624021605740545,negative,9892,test
9893,569624009354170369,negative,9893,test
9894,569623606684209154,negative,9894,validation
9895,569623415767871489,negative,9895,validation
9896,569623396729917440,negative,9896,train
9897,569623359304003584,negative,9897,train
9898,569623211324735488,negative,9898,train
9899,569623190730887168,negative,9899,train
9900,569623164105433088,negative,9900,train
9901,569623156337586177,negative,9901,train
9902,569622857120137216,negative,9902,train
9903,569621714046455808,neutral,9903,train
9904,569621698905022464,negative,9904,train
9905,569621548446957568,neutral,9905,validation
9906,569621412325023744,negative,9906,test
9907,569621365634015232,negative,9907,train
9908,569621238152368128,negative,9908,train
9909,569621210746789888,negative,9909,train
9910,569620355783925760,negative,9910,test
9911,569619861879590912,negative,9911,train
9912,569619668060807169,neutral,9912,train
9913,569619075246235648,negative,9913,train
9914,569618838767181825,neutral,9914,train
9915,569618750946873344,negative,9915,train
9916,569618538924789760,negative,9916,test
9917,569617777075625986,neutral,9917,train
9918,569617704644165632,negative,9918,train
9919,569617332907212800,negative,9919,train
9920,569616551239917569,neutral,9920,train
9921,569614672061575168,negative,9921,train
9922,569614422496444417,negative,9922,train
9923,569614361574158336,negative,9923,train
9924,569613897516380160,negative,9924,train
9925,569612804350717953,positive,9925,train
9926,569612379811676161,negative,9926,train
9927,569611341394264064,negative,9927,test
9928,569610893052518400,negative,9928,train
9929,569610759795314688,negative,9929,train
9930,569610542723309568,negative,9930,train
9931,569609828831780865,neutral,1769,train
9932,569609621834301440,negative,9932,train
9933,569608831816351745,negative,9933,train
9934,569608141689753600,negative,9934,train
9935,569607757784952832,negative,9935,validation
9936,569607719713288192,negative,9936,test
9937,569607287867883520,negative,9937,train
9938,569606281998299137,negative,9938,test
9939,569605710314668035,negative,9939,train
9940,569605690471288832,negative,9940,test
9941,569605604416888832,negative,9941,train
9942,569605521050898433,negative,9942,train
9943,569605258621661184,positive,9943,test
9944,569604286369431552,negative,9944,train
9945,569604198771363840,negative,9945,test
9947,569603833804038144,negative,9947,train
9948,569603523954016256,negative,9948,train
9949,569603357406576641,negative,9949,train
9950,569602860020850688,negative,9950,validation
9951,569602817633222656,negative,9951,test
9952,569602407417692162,negative,9952,train
9953,569601913832022016,negative,9953,train
9954,569601628279480320,negative,9954,train
9955,569601275672829952,negative,9955,train
9956,569601264679559168,neutral,9956,test
9957,569600990430806017,negative,9957,train
9958,569600989055086592,neutral,9958,train
9959,569600757516914688,negative,9959,train
9960,569600720254541824,negative,9960,train
9961,569600023597428736,negative,9961,train
9962,569600009097904128,negative,9962,test
9963,569599725240000513,negative,9963,train
9964,569599532268449792,negative,9964,train
9965,569599260288819201,negative,9965,train
9966,569598915722518528,negative,9966,train
9967,569598852912668672,neutral,9967,train
9968,569598323621023745,negative,9968,test
9969,569597857013084160,negative,9969,train
9970,569597711789502464,negative,9970,train
9971,569597328522387456,negative,9971,validation
9972,569596783011217408,negative,9972,train
9973,569596364197199873,negative,9973,train
9974,569596357381644289,negative,9974,validation
9975,569596034059358208,negative,9975,train
9976,569595745126494208,negative,9976,test
9977,569595534916202496,neutral,9977,train
9978,569595123799101440,negative,9978,test
9979,569595015518793730,negative,9979,train
9980,569594973949206529,negative,9980,train
9981,569592443542343680,negative,9981,train
9982,569592390211801089,negative,9982,train
9983,569592368518660096,negative,9983,test
9984,569592120954236928,negative,9984,train
9985,569591310589431808,negative,9985,test
9986,569589123218079745,neutral,9986,train
9987,569589028590391298,negative,9987,train
9988,569588578159697920,negative,9988,train
9989,569588465593143297,neutral,9989,train
9990,569588073438121984,negative,9990,train
9991,569587844693536768,negative,9991,train
9992,569587663692554242,negative,9992,train
9993,569586372866150400,negative,9993,train
9994,569585968610615296,negative,9994,train
9995,569585747503611905,negative,9995,test
9996,569584885108748290,negative,9996,train
9997,569584719089836032,positive,9997,train
9998,569584207011434497,negative,9998,train
9999,569584057270575105,neutral,9999,train
10000,569583725408870401,negative,10000,test
10001,569583698640818176,negative,10001,train
10002,569581828258078721,negative,10002,train
10003,569581400850096128,negative,10003,train
10004,569580275182772225,negative,10004,train
10005,569579478168547328,negative,10005,validation
10006,569578297945919488,negative,10006,train
10007,569578016843669504,negative,10007,validation
10008,569577771292237824,negative,10008,train
10009,569577696793006080,negative,10009,train
10010,569576236541825024,negative,10010,train
10011,569575780864241664,negative,10011,train
10012,569575176322424832,negative,10012,test
10013,569574737929576448,negative,10013,train
10014,569572536834498560,negative,10014,validation
10015,569572184768835585,positive,10015,train
10016,569572095794917376,negative,10016,validation
10017,569571654998888448,negative,10017,train
10018,569569120951390209,negative,10018,train
10019,569568612215865344,negative,10019,train
10020,569567629083430912,negative,10020,train
10021,569567252363812864,negative,10021,validation
10022,569567084721655808,negative,10022,train
10023,569566712397471746,negative,10023,validation
10024,569566514132717568,negative,10024,train
10025,569566323912671232,neutral,10025,test
10026,569565598772043776,negative,10026,train
10027,569565468937232384,neutral,10027,train
10028,569565125344141312,negative,10028,train
10029,569564566272811008,negative,10029,train
10030,569563297164480513,negative,10030,test
10031,569563148472225794,negative,10031,test
10032,569562731356901376,negative,10032,train
10033,569562007671853056,negative,10033,train
10034,569561389121060864,negative,10034,test
10035,569561225488678913,neutral,10035,train
10036,569561062749700097,negative,10036,validation
10037,569560386548006912,neutral,10037,test
10038,569560151100821504,negative,10038,train
10039,569559847131164672,negative,10039,test
10040,569559311095095296,negative,10040,train
10041,569559149933142016,neutral,10041,train
10042,569558986665537537,negative,10042,train
10043,569558791433416704,negative,10043,test
10044,569558377178603520,negative,10044,train
10045,569558156512088064,negative,10045,train
10046,569558153202774016,negative,10046,train
10047,569558096613380098,negative,10047,train
10048,569557964991930368,negative,10048,train
10049,569557662997852160,negative,10049,test
10050,569557167411478528,negative,10050,test
10051,569556807703764992,negative,10051,train
10052,569556697603280897,negative,10052,test
10053,569556500928188416,negative,10053,train
10054,569556399585402880,negative,10054,train
10055,569555930028748800,negative,10055,train
10056,569555929798217730,negative,10056,train
10057,569555517502300160,negative,10057,validation
10058,569555455963471872,negative,10058,test
10059,569555413450027011,negative,10059,train
10060,569555411998613505,negative,10060,train
10061,569555072067051520,negative,10061,train
10062,569553488885243904,negative,10062,test
10063,569552947903754240,negative,10063,test
10064,569552945324273665,negative,10064,train
10065,569552426698723330,negative,10065,train
10066,569551994949648385,negative,10066,validation
10067,569551779752386560,negative,10067,validation
10068,569551374867939328,negative,10068,train
10069,569549401364029440,negative,10069,train
10070,569548800169283586,negative,10070,train
10071,569548355489148928,negative,10071,train
10072,569547921189933056,negative,10072,test
10073,569547782039728129,negative,10073,train
10074,569546858122616833,neutral,10074,train
10075,569546689943482368,negative,10075,train
10076,569546406442209280,negative,10076,train
10077,569545779079094272,negative,10077,train
10078,569544955800264704,negative,10078,train
10079,569544528299995137,negative,10079,train
10080,569544271017037824,positive,10080,train
10081,569544122098446337,negative,10081,train
10082,569543665221136384,negative,10082,train
10083,569542699222573056,negative,10083,train
10084,569542427758866433,negative,10084,train
10085,569541879441858560,negative,10085,train
10086,569541291467522048,negative,10086,train
10087,569540826231152640,negative,10087,train
10088,569540668403662849,negative,10088,train
10089,569540659209596928,negative,10089,train
10090,569540652935069696,negative,10090,test
10091,569540460810620928,negative,10091,train
10092,569540173408698369,neutral,10092,train
10093,569539560910282752,negative,10093,train
10094,569539074106789889,negative,10094,train
10095,569538992980566017,negative,10095,train
10096,569538857328353280,negative,10096,train
10097,569538649110548480,negative,10097,test
10098,569537708202307584,negative,10098,train
10099,569537485761433600,positive,10099,train
10100,569537042201194496,neutral,10100,train
10101,569536791830798336,negative,10101,train
10102,569536168301211649,negative,10102,train
10103,569535962604310529,negative,10103,train
10104,569535820270583809,neutral,10104,train
10105,569535527227150336,negative,10105,train
10106,569535230996045825,negative,10106,train
10107,569534372954681344,negative,10107,train
10108,569533663211356161,negative,10108,train
10109,569533202835984385,negative,10109,train
10110,569533159475277825,negative,10110,train
10111,569533103359660033,negative,10111,test
10112,569532924036407297,negative,10112,train
10113,569532793530785792,negative,10113,train
10114,569532711787892736,neutral,10114,train
10115,569532667869335554,negative,10115,train
10116,569532394455359488,negative,10116,train
10117,569531768321269760,negative,10117,train
10118,569531387629318144,negative,10118,train
10119,569529813121290240,negative,10119,train
10120,569529416155402240,negative,10120,train
10121,569529412196167682,negative,10121,validation
10122,569528768148041728,negative,10122,test
10123,569528550589464576,negative,10123,test
10124,569528410684461057,negative,10124,train
10125,569528409723969537,negative,10125,train
10126,569528105557053442,negative,10126,train
10127,569527721916796929,negative,10127,validation
10128,569527440499978240,negative,10128,test
10129,569527205291802624,positive,10129,test
10130,569526583473483776,negative,10130,train
10131,569526164575924225,positive,10131,train
10132,569526029859094528,negative,10132,train
10133,569525811704934401,negative,10133,train
10134,569525690615205888,neutral,10134,train
10135,569525679823425536,negative,10135,validation
10136,569525636575793152,negative,10136,train
10137,569525480178769920,negative,10137,train
10138,569525150263214080,negative,10138,train
10139,569525116725567491,negative,10139,validation
10140,569524522291892226,neutral,10140,train
10141,569524497377861632,positive,10141,train
10142,569524026294571008,negative,10142,train
10143,569523635171405824,neutral,10143,train
10144,569523377842606080,negative,10144,test
10145,569523293356630016,negative,10145,train
10146,569523240252661760,neutral,10146,train
10147,569522820725788674,negative,10147,validation
10148,569522534724403201,negative,10148,train
10149,569522479049400320,negative,10149,train
10150,569521573268480002,negative,10150,train
10151,569519918833643521,negative,10151,train
10152,569519156502106112,negative,10152,validation
10153,569519040504287232,negative,10153,validation
10154,569519007965061121,negative,10154,train
10155,569518608797323265,negative,10155,train
10156,569518382883704832,negative,10156,test
10157,569518200410546176,negative,10157,train
10158,569516370506993664,negative,10158,train
10159,569514501730643968,negative,10159,train
10160,569514031695962112,negative,10160,train
10161,569513151517073408,positive,10161,validation
10162,569513103970455552,negative,10162,test
10163,569512656274468864,negative,10163,test
10164,569512408420622336,negative,10164,train
10165,569512132494159872,negative,10165,train
10166,569510808847196160,negative,10166,train
10167,569509671213662208,negative,10167,test
10168,569509520034156544,negative,10168,validation
10169,569509505022746624,negative,10169,train
10170,569508277026983937,negative,10170,train
10171,569507677501595649,neutral,10171,train
10172,569507632509267968,negative,10172,test
10173,569507522412986368,negative,10173,train
10174,569507349548957696,negative,10174,validation
10175,569506974930481153,negative,10175,train
10176,569506361266085888,negative,10176,train
10177,569506137013420032,negative,10177,train
10178,569505992163135490,negative,10178,validation
10179,569504928810414080,negative,10179,test
10180,569504866260930560,negative,10180,train
10181,569504813915832321,negative,10181,train
10182,569504566380797952,negative,10182,train
10183,569500867159699456,negative,10183,train
10184,569500787849728001,negative,10184,validation
10185,569500607637262336,negative,10185,train
10186,569499262855331840,neutral,10186,train
10187,569497632361594880,negative,10187,train
10188,569496193249767424,negative,10188,train
10189,569496169652428800,neutral,10189,train
10190,569496068255195137,neutral,10190,train
10191,569496017210462208,negative,10191,train
10192,569495664729726976,negative,10192,train
10193,569495613173309441,negative,10193,validation
10194,569495604944089088,positive,10194,train
10195,569494421345046528,negative,10195,train
10196,569494270966685696,negative,10196,test
10197,569493923451834369,negative,10197,train
10198,569493018081947649,negative,10198,validation
10199,569492838448300032,negative,10199,train
10200,569492459258056704,negative,10200,validation
10201,569492269000204288,negative,10201,train
10202,569492208203776000,neutral,10202,validation
10203,569492106923806720,negative,10203,validation
10204,569491590105980929,positive,10204,train
10205,569491240481382400,negative,10205,test
10206,569490688569679872,negative,10206,validation
10207,569489753332191232,negative,10207,train
10208,569489006955769856,negative,10208,train
10209,569488962324172801,negative,10209,train
10210,569488002361249792,negative,10210,train
10211,569487757741051904,negative,10211,train
10212,569487317917958144,negative,10212,train
10213,569487075797565440,negative,10213,train
10214,569485322431696896,negative,10214,train
10215,569485181633089536,negative,10215,train
10216,569484935557484544,negative,10216,train
10217,569484900828491776,negative,10217,train
10218,569484781668458496,negative,10218,train
10219,569484638219071488,negative,10219,train
10220,569484458744807425,negative,10220,train
10221,569484387055734784,positive,10221,test
10222,569483987564961792,negative,10222,train
10223,569483885404413952,negative,10223,train
10224,569483303067131905,negative,10224,train
10225,569482278646124544,negative,10225,validation
10226,569481844300898304,negative,10226,train
10227,569480594419281920,negative,10227,test
10228,569479822226952192,negative,10228,train
10229,569478023839416320,negative,10229,train
10230,569477458023616512,negative,10230,train
10231,569475215832387584,negative,10231,test
10232,569472446954389504,negative,10232,train
10233,569472029717610496,negative,10233,validation
10234,569470776576880640,negative,10234,train
10235,569470441573609473,negative,10235,validation
10236,569470268474683393,negative,10236,train
10237,569469169927720960,negative,10237,train
10238,569468659648872448,negative,10238,validation
10239,569467550100267008,negative,10239,train
10240,569466525297590272,negative,10240,train
10241,569465622301552641,negative,10241,train
10242,569465299495358466,negative,10242,train
10243,569464902164856832,negative,10243,test
10244,569464183374385152,negative,10244,train
10245,569463954155700224,negative,10245,validation
10246,569463202817417216,negative,10246,validation
10247,569459836389335040,negative,10247,train
10248,569459455273897984,negative,10248,train
10249,569459269394956288,negative,10249,train
10250,569457108355289088,negative,10250,validation
10251,569456923663151104,negative,10251,train
10252,569456828511326208,negative,10252,train
10253,569454891644674049,negative,10253,train
10254,569451523878420480,negative,10254,train
10255,569450700532535296,negative,10255,test
10256,569443675194966016,negative,10256,train
10257,569438126806052864,negative,10257,train
10258,569437674257276930,negative,10258,train
10259,569436595746684929,negative,10259,test
10260,569436161032073218,neutral,10260,validation
10261,569435327544369153,negative,10261,train
10262,569434598825992192,negative,10262,validation
10263,569432100652384256,negative,10263,train
10264,569431884217909248,negative,10264,test
10265,569429468781150208,negative,10265,train
10266,569421478460063745,negative,10266,train
10267,569421367243878400,negative,10267,train
10268,569419928173989889,negative,10268,train
10269,569419080479875072,negative,10269,test
10270,569418962108162048,negative,10270,test
10271,569418351295926273,negative,10271,test
10272,569417702764363776,negative,10272,train
10273,569416670340636672,negative,10273,test
10274,569416236171456513,negative,10274,validation
10275,569414739694104576,negative,10275,train
10276,569408340616351744,negative,10276,train
10277,569407067007496192,negative,10277,train
10278,569406451980091392,neutral,10278,train
10279,569400188491730945,negative,10279,train
10280,569399153253429248,negative,10280,train
10281,569398722884280320,negative,10281,train
10282,569395278731747329,negative,10282,train
10283,569394015055040512,positive,10283,train
10284,569393942296432640,negative,10284,validation
10285,569392880911036416,negative,10285,train
10286,569392511732588544,negative,10286,train
10287,569392471966388224,negative,10287,train
10288,569391350879137792,negative,10288,train
10289,569388260633542657,negative,10289,test
10290,569388156031799297,negative,10290,train
10291,569387765957308416,neutral,10291,train
10292,569387570364198913,negative,10292,train
10293,569387211025727488,negative,10293,train
10294,569387005131546624,negative,10294,train
10295,569386555107733505,negative,10295,test
10296,569386397683073024,negative,10296,train
10297,569385862489776128,negative,10297,train
10298,569382407847211008,negative,10298,test
10299,569382354529030144,negative,10299,train
10300,569381601374638081,negative,10300,validation
10301,569381443257958401,neutral,2078,train
10302,569380739285786625,negative,10302,train
10303,569380098119499776,negative,10303,train
10304,569380081254027265,negative,10304,validation
10305,569379997175177216,negative,10305,validation
10306,569379979055796224,negative,10306,train
10307,569378015429447680,negative,10307,validation
10308,569377633894445056,negative,10308,validation
10309,569377149045444608,negative,10309,train
10310,569376311824621568,negative,10310,train
10311,569375244751745025,negative,10311,train
10312,569374561197789184,negative,10312,train
10313,569374560505737216,negative,10313,test
10314,569373650647945216,negative,10314,train
10315,569373631999926272,negative,10315,train
10316,569373375988150272,negative,10316,train
10317,569373336922230784,negative,10317,test
10318,569372837854756864,negative,10318,train
10319,569372595067490304,negative,10319,validation
10320,569372422509453313,negative,10320,test
10321,569372340309651457,negative,10321,train
10322,569372015980707840,negative,10322,train
10323,569371693602476032,negative,10323,train
10324,569371393294344192,negative,10324,test
10325,569370553963786241,neutral,10325,test
10326,569369390178799616,negative,10326,test
10327,569369008580874240,negative,10327,train
10328,569368532242145280,negative,10328,test
10329,569368352868556800,positive,10329,train
10330,569367829188886528,negative,10330,train
10331,569366960871333889,negative,10331,train
10332,569366383458275329,negative,10332,train
10333,569365604832047104,negative,10333,test
10334,569364758681559042,negative,10334,train
10335,569364610572259328,negative,10335,test
10336,569364189753544705,neutral,10336,train
10337,569363263588339712,negative,10337,train
10338,569362336991092736,negative,10338,train
10339,569362149400838144,negative,10339,validation
10340,569361961487478785,negative,10340,train
10341,569361898581467136,negative,10341,train
10342,569361887659294720,negative,10342,train
10343,569361587032748032,negative,10343,train
10344,569360552272769024,negative,10344,validation
10345,569360352594546688,negative,10345,train
10346,569359793800024064,negative,10346,train
10347,569359025655181312,negative,10347,train
10348,569358953567670272,negative,10348,train
10349,569357810867138560,negative,10349,train
10350,569357691715493888,neutral,10350,test
10351,569357122527469568,neutral,10351,train
10352,569357079716229121,negative,10352,train
10353,569356553977012225,negative,10353,test
10354,569356513061556225,negative,10354,train
10355,569355923396780032,negative,10355,train
10356,569354882370572289,neutral,10356,train
10357,569353641615687680,negative,10357,train
10358,569353501123280896,negative,10358,train
10359,569353454914662400,negative,10359,train
10360,569353354545008640,negative,10360,train
10361,569353230007664640,negative,10361,train
10362,569352847898386432,negative,10362,train
10363,569352324700708864,negative,10363,train
10364,569351289026568192,negative,10364,train
10365,569351224274718720,negative,10365,train
10366,569350289729458177,negative,10366,train
10367,569347552484728832,negative,10367,validation
10368,569347372595212289,negative,10368,train
10369,569346960181870592,negative,10369,train
10370,569346721173655552,negative,10370,validation
10371,569345780244312067,negative,10371,train
10372,569345132866220032,negative,10372,validation
10373,569345076406693888,negative,10373,validation
10374,569343970360348672,negative,10374,train
10375,569343738331275264,negative,10375,train
10376,569343563244425216,negative,10376,train
10377,569343160062742528,negative,10377,validation
10378,569343070849740801,negative,10378,validation
10379,569342681551400960,negative,10379,train
10380,569342508553121795,negative,10380,train
10381,569341439148236800,neutral,10381,train
10382,569340402786025472,negative,10382,train
10383,569339928678522880,negative,10383,train
10384,569338966857687040,negative,10384,train
10385,569338658295193600,negative,10385,test
10386,569338605057015808,negative,10386,validation
10387,569338492515278848,negative,10387,train
10388,569337645878390784,negative,10388,train
10389,569337605223006209,negative,10389,train
10390,569337274707660800,positive,10390,train
10391,569337230935724032,negative,10391,test
10392,569337064484962304,negative,10392,validation
10393,569336493224955904,negative,10393,test
10394,569335998083174400,negative,10394,validation
10395,569333934670139392,positive,10395,test
10396,569332399471001600,negative,10396,train
10397,569332237138841600,positive,10397,train
10398,569332044909678592,negative,10398,validation
10399,569330686135537664,negative,10399,train
10400,569330337735696385,negative,10400,train
10401,569330030074990592,negative,10401,test
10402,569329707084353536,negative,10402,validation
10403,569329041544749056,neutral,10403,train
10404,569328931905642496,negative,10404,validation
10405,569328854948573187,positive,10405,test
10406,569328005677494272,negative,10406,test
10407,569327664919498752,negative,10407,test
10408,569326785353129984,negative,10408,train
10409,569326191213219841,negative,10409,train
10410,569325844931448832,negative,10410,train
10411,569325511635308544,negative,10411,train
10412,569325005823217664,negative,10412,train
10413,569324647906480128,negative,10413,train
10414,569323273172832256,negative,10414,train
10415,569322901691707392,neutral,10415,validation
10416,569322478847135744,neutral,10416,train
10417,569322175175352322,neutral,10417,train
10418,569322078819766272,negative,10418,train
10419,569321800359927808,negative,10419,train
10420,569319723889876993,negative,10420,test
10421,569319324810235904,neutral,10421,train
10422,569317626687717376,negative,10422,train
10423,569317490276360193,negative,10423,train
10424,569317426975760384,neutral,10424,train
10425,569316516321202176,negative,10425,train
10426,569316342769291264,negative,10426,train
10427,569314734752854017,negative,10427,train
10429,569313126342123520,negative,10429,validation
10430,569313112089886720,negative,10430,train
10431,569312745306382336,negative,10431,train
10432,569312530620817408,negative,10432,train
10433,569312129456545792,negative,10433,train
10434,569310913079214080,negative,10434,train
10435,569309864759050240,negative,10435,train
10436,569308130464698368,negative,10436,train
10437,569307561083703296,negative,10437,train
10438,569306871242366977,negative,10438,validation
10439,569305239834136576,negative,10439,test
10440,569304295444774912,negative,10440,train
10441,569303779822190593,positive,10441,train
10442,569301606891712512,neutral,10442,train
10443,569300435091251200,negative,10443,train
10444,569298163632373761,negative,10444,train
10445,569297324285022209,neutral,10445,train
10446,569295822006960128,positive,10446,train
10447,569294599614803968,negative,10447,test
10448,569294079835705346,negative,10448,train
10449,569290509883187202,positive,10449,test
10450,569289836995190784,positive,10450,test
10451,569289545058947072,negative,10451,train
10452,569289254616076288,negative,10452,validation
10453,569289098944507904,positive,10453,train
10454,569288052725694464,neutral,10454,train
10455,569287724471066625,positive,10455,train
10456,569284223590232064,negative,10456,validation
10457,569281170996891649,negative,10457,train
10458,569280553574277120,neutral,10458,train
10459,569279106086522880,negative,10459,train
10460,569278421743878144,negative,10460,train
10461,569278418606559233,negative,10461,train
10462,569278041165324290,negative,10462,train
10463,569277895224516608,negative,10463,train
10464,569277477652172800,negative,10464,train
10465,569274195332325377,negative,10465,train
10466,569274088289660928,negative,10466,train
10467,569273247252008961,negative,10467,test
10468,569273176775114752,neutral,2296,train
10469,569272209887404032,neutral,10469,train
10470,569270187725160449,negative,10470,train
10471,569269757293293568,negative,10471,train
10472,569269594386526209,positive,10472,train
10473,569268918566719488,negative,10473,train
10474,569268155383717889,negative,10474,test
10475,569267207324246019,neutral,10475,train
10476,569263908973903872,negative,10476,train
10477,569263732280451072,positive,10477,validation
10478,569263677234388993,neutral,10478,train
10479,569263496560422912,positive,10479,test
10480,569263373092823040,negative,10480,train
10481,569262702301876224,negative,10481,train
10482,569261236094967808,neutral,10482,train
10483,569260276626956288,neutral,10483,train
10484,569259449115942913,positive,10484,train
10485,569258945254191104,positive,10485,test
10486,569258934864781312,neutral,10486,train
10487,569258544714911746,positive,10487,train
10488,569256468198924288,positive,10488,train
10489,569256374011428866,negative,10489,train
10490,569255036796215297,negative,10490,train
10491,569253430100946944,positive,10491,validation
10492,569252439548952576,negative,10492,train
10493,569252020474896385,negative,10493,train
10494,569250990291062786,neutral,10494,train
10496,569248875825008640,negative,10496,train
10497,569248700947689474,negative,10497,train
10498,569248672606597121,negative,10498,test
10499,569248250424918021,negative,10499,train
10500,569246373020717057,negative,10500,test
10501,569246231500685314,negative,10501,train
10502,569245856680914944,negative,10502,validation
10503,569245155837882368,negative,10503,train
10504,569245152406953984,negative,10504,train
10505,569244957698969602,negative,10505,train
10506,569243185832169472,negative,10506,validation
10507,569242425530712064,negative,10507,train
10508,569242046621491200,positive,10508,train
10509,569241970662645762,negative,10509,train
10510,569241834670698496,negative,10510,train
10511,569241701434449920,positive,10511,test
10512,569241467916566530,negative,10512,train
10513,569241158196400130,negative,10513,train
10514,569239087493857281,negative,10514,train
10515,569238450794209280,negative,10515,train
10516,569237783715422208,neutral,10516,validation
10517,569236665950203904,negative,10517,train
10518,569234806543929344,negative,10518,train
10519,569234264153174017,negative,10519,train
10520,569230567759327233,negative,10520,validation
10521,569229557468827648,negative,10521,test
10522,569229441739522048,negative,10522,validation
10523,569229135752642560,negative,10523,validation
10524,569226857272516608,positive,10524,train
10525,569226044118581248,negative,10525,train
10526,569225958495952897,negative,10526,train
10527,569223653952323584,negative,10527,train
10528,569223536507809792,negative,10528,test
10529,569223492987723778,negative,10529,train
10530,569223482791366656,negative,10530,train
10531,569220920218296320,negative,10531,train
10532,569220438397751299,positive,10532,train
10533,569220243123544065,positive,10533,train
10534,569219405852377090,negative,10534,train
10535,569217929541238784,negative,10535,train
10536,569217342380445696,negative,10536,train
10537,569212558952960000,neutral,10537,train
10538,569212376421158912,negative,10538,test
10539,569211350985134081,negative,10539,train
10540,569210743133831168,negative,10540,train
10541,569209605198376961,negative,10541,train
10542,569206566035042305,negative,10542,train
10543,569202715571703808,negative,10543,train
10544,569198999904886784,negative,10544,train
10545,569198593158086656,negative,10545,train
10546,569198480226439168,negative,10546,train
10547,569196701401128961,negative,10547,train
10548,569194567603499008,negative,10548,train
10549,569192350607671297,negative,10549,validation
10550,569191845219209217,negative,10550,train
10551,569191270654070784,negative,10551,train
10552,569190606276333568,negative,10552,train
10553,569190357344358400,negative,10553,test
10554,569189803746574337,negative,10554,train
10555,569189550570016768,negative,10555,train
10556,569188782492266496,negative,10556,train
10557,569188447157661696,negative,10557,train
10558,569184069734395906,neutral,10558,train
10559,569183862493810690,neutral,10559,train
10560,569182303034974208,negative,10560,train
10561,569182050219126785,negative,10561,train
10562,569181501830656000,neutral,10562,train
10563,569180856423567361,negative,10563,train
10564,569180231782801408,negative,10564,train
10565,569178197499256832,neutral,10565,train
10566,569176543236399104,negative,10566,train
10567,569176528338202624,positive,10567,train
10568,569174847374233600,negative,10568,test
10569,569174820308590592,negative,10569,train
10570,569171651381702657,negative,10570,train
10571,569171167174627328,negative,10571,train
10572,569170176165478401,negative,10572,train
10573,569169690997751808,negative,10573,train
10574,569169274109100032,negative,10574,test
10575,569168696083656705,neutral,10575,train
10576,569167658698067970,negative,10576,test
10577,569167514300784640,negative,10577,test
10578,569166368781635584,negative,10578,train
10579,569165517614944256,negative,10579,train
10580,569164415322492928,negative,10580,test
10581,569164183473762304,negative,10581,train
10582,569163241781403648,negative,10582,test
10583,569163008309657600,negative,10583,test
10584,569162593819955203,negative,10584,train
10585,569162211748245504,negative,10585,test
10586,569161513056935936,negative,10586,train
10587,569159165626716160,negative,10587,train
10588,569158030404800513,negative,10588,test
10589,569156425626329089,neutral,10589,train
10590,569154174929244162,negative,10590,train
10591,569153841083625473,negative,10591,train
10592,569153207148150785,negative,10592,train
10593,569152792314687488,negative,10593,validation
10594,569151367702401025,negative,10594,train
10595,569147067559485440,neutral,10595,train
10596,569145957721505792,negative,10596,train
10597,569144026084962305,negative,10597,train
10598,569143915405651968,negative,10598,train
10599,569143704109215745,negative,10599,train
10600,569143443512897536,negative,10600,train
10601,569139808804605953,negative,10601,train
10602,569136628301729792,negative,10602,train
10603,569136050951622656,positive,10603,train
10604,569135312175280128,negative,10604,test
10605,569135148660342784,negative,10605,train
10606,569135011322064897,negative,10606,train
10607,569134333166002177,negative,10607,test
10608,569129625592274944,negative,10608,train
10609,569128660101427200,neutral,10609,test
10610,569126921096859648,negative,10610,validation
10611,569126397161054208,negative,10611,train
10612,569125267270017024,negative,10612,train
10613,569124893477842944,negative,10613,validation
10614,569124496990466051,negative,10614,train
10615,569124024426618881,neutral,10615,train
10616,569123565984997376,negative,10616,train
10617,569120836264853505,negative,10617,validation
10618,569120452586700800,negative,10618,train
10619,569119050682339329,positive,7714,train
10620,569118675070005248,negative,10620,train
10621,569117839308800001,negative,10621,train
10622,569117360965193728,negative,10622,test
10623,569116333998256129,negative,10623,train
10624,569115483313582080,negative,10624,train
10625,569114772211437568,negative,10625,validation
10626,569114030268424192,negative,10626,train
10627,569108474233270273,negative,10627,train
10628,569108069893992448,negative,10628,train
10629,569108027644645376,negative,10629,validation
10630,569107706302357504,negative,10630,train
10631,569103591966793728,negative,10631,validation
10632,569103475709054976,negative,10632,train
10633,569102942088900608,negative,10633,train
10634,569088825420607488,positive,7875,test
10635,569083218554519552,negative,10635,validation
10636,569079956912758784,neutral,10636,train
10637,569072664997801984,negative,10637,train
10638,569064161747083266,negative,10638,validation
10639,569040346262282241,neutral,10639,validation
10640,569039105775939584,neutral,10640,test
10641,569033300662218752,negative,10641,test
10642,569031663520489472,negative,10642,train
10643,569021593852239872,positive,10643,train
10644,569016660927123456,negative,10644,train
10645,569016588411789312,negative,10645,test
10646,569016065600008193,negative,10646,test
10647,569015470025793536,negative,10647,train
10648,569015379021795328,negative,10648,train
10649,569015346624991232,positive,10649,train
10650,569013921660731393,negative,10650,train
10651,569009996668624896,negative,10651,validation
10652,569007993897013249,neutral,10652,train
10653,569007890029129728,negative,10653,validation
10654,569007852607680512,negative,10654,validation
10655,569006176186183680,negative,10655,test
10656,569002703558475777,negative,10656,train
10657,569000361735761920,negative,10657,train
10658,568999879176949760,negative,10658,test
10659,568999631956393984,negative,10659,train
10660,568997394345533440,negative,10660,train
10661,568997237176569856,neutral,10661,train
10662,568997136643309568,negative,10662,train
10663,568997044406374400,negative,10663,test
10664,568996855566245889,positive,10664,train
10665,568996669167181824,negative,10665,test
10666,568996536555851776,negative,10666,train
10667,568996205910466560,negative,10667,validation
10668,568995608238772224,neutral,10668,train
10669,568995277580996609,negative,10669,train
10670,568995213529759745,negative,10670,train
10671,568994886336307200,negative,10671,train
10672,568994755268513793,negative,10672,train
10673,568994696980238336,negative,10673,train
10674,568994622866915328,negative,10674,train
10675,568994507074772992,negative,10675,train
10676,568992757169065984,negative,10676,validation
10677,568992118309462016,negative,10677,train
10678,568991327389671425,negative,10678,train
10679,568990617394647040,negative,10679,test
10680,568985734163664896,negative,10680,train
10681,568983517037772800,negative,10681,train
10682,568982821454245888,negative,10682,train
10683,568981931599237120,negative,10683,test
10684,568981079278751744,negative,10684,train
10685,568979232786939904,positive,10685,train
10686,568977167410802688,negative,10686,train
10687,568977086922297345,negative,10687,train
10688,568974120030875648,negative,10688,train
10689,568973830086995968,neutral,10689,train
10690,568971304914853889,negative,10690,train
10691,568970274303045634,positive,10691,train
10692,568969970513653762,negative,10692,train
10693,568969667106045952,negative,10693,validation
10694,568969274410168321,negative,10694,train
10695,568969040133165056,negative,10695,train
10696,568968393765711874,negative,10696,train
10697,568966649728114688,positive,10697,train
10698,568966330315091968,negative,10698,validation
10699,568966274887389185,neutral,10699,train
10700,568964227366387713,positive,10700,train
10701,568964010101514240,negative,10701,train
10702,568963705439789056,negative,10702,train
10703,568963494390820864,neutral,10703,train
10704,568962249177436160,negative,10704,train
10705,568961160357285889,negative,10705,validation
10706,568959916498509824,negative,10706,train
10707,568959870445031424,negative,10707,train
10708,568959665360384000,negative,10708,train
10709,568959416524886016,negative,10709,train
10710,568958322306650113,negative,10710,train
10711,568957769858060290,negative,10711,train
10712,568957173692108800,negative,10712,validation
10713,568954558589702144,negative,10713,train
10714,568949250152734720,negative,10714,test
10715,568948462030467072,negative,10715,train
10716,568948170060746752,negative,10716,train
10717,568947860424642560,negative,10717,train
10718,568947623626846208,negative,10718,train
10719,568947358349701120,negative,10719,train
10720,568941140415803393,negative,10720,train
10721,568940264020004864,negative,10721,train
10722,568940215190085633,negative,10722,train
10723,568937741037088768,negative,10723,validation
10724,568937707994419200,negative,10724,train
10725,568937604328108032,neutral,10725,train
10726,568935917341286400,negative,10726,train
10727,568935636318552064,positive,10727,train
10728,568935494375108608,negative,10728,test
10729,568933672033910784,positive,10729,train
10730,568932061882552320,negative,10730,train
10731,568930740127326209,negative,10731,train
10732,568930588868141056,negative,10732,validation
10733,568929851379478529,negative,10733,train
10734,568929010966765568,negative,10734,train
10735,568924897575088130,negative,10735,train
10736,568923795228139521,negative,10736,train
10737,568922138348019712,negative,10737,train
10738,568919673548337152,negative,10738,train
10739,568917054004334592,negative,10739,train
10740,568916807815438336,negative,10740,test
10741,568914516546850816,negative,10741,validation
10742,568914125549649920,negative,10742,test
10743,568913819881205761,negative,10743,train
10744,568913418092224512,negative,10744,validation
10745,568912730742255616,negative,10745,train
10746,568912678917271552,negative,10746,train
10747,568912588748292097,negative,10747,validation
10748,568911270566608896,negative,10748,train
10749,568911225167474688,neutral,10749,test
10750,568910988361244672,negative,10750,test
10751,568909605499215872,neutral,10751,train
10752,568909200832618496,negative,10752,train
10753,568908978001993729,negative,10753,train
10754,568905470502670336,negative,10754,train
10756,568903820283158528,negative,10756,train
10757,568903208015433728,negative,10757,train
10758,568902736462262272,negative,10758,train
10759,568902419972694016,negative,10759,train
10760,568902192364548097,negative,10760,train
10761,568901905910521856,negative,10761,test
10762,568899726273323008,neutral,10762,validation
10763,568898634923843586,negative,10763,train
10764,568897700315435008,neutral,10764,validation
10765,568896751102533632,neutral,10765,test
10766,568895534825639936,negative,10766,validation
10767,568895061284364288,negative,10767,train
10768,568895050601508865,negative,10768,train
10769,568894795294363648,negative,10769,train
10770,568894101766012929,negative,10770,train
10771,568891505869344770,negative,10771,train
10772,568890203923980288,neutral,10772,test
10773,568889054286053377,negative,10773,train
10774,568887349481861120,negative,10774,train
10775,568885966523527168,neutral,10775,train
10776,568885645927686144,negative,10776,train
10777,568883826333777920,negative,10777,test
10778,568883598281076738,neutral,10778,train
10779,568882629409411072,positive,10779,train
10780,568881975177515009,negative,10780,train
10781,568881442438176769,negative,10781,train
10782,568881148325007360,neutral,10782,validation
10783,568878979576410112,negative,10783,train
10784,568877748967444480,negative,10784,train
10785,568877690821877760,negative,10785,train
10786,568877353478299648,negative,10786,validation
10787,568875591308611584,positive,10787,train
10788,568875453773168640,negative,10788,train
10789,568874399652306944,neutral,10789,test
10790,568874175693242369,neutral,10790,train
10791,568873459901702145,negative,10791,validation
10792,568873199250706433,neutral,10792,train
10793,568870841120731138,neutral,10793,validation
10794,568870473934761985,neutral,10794,train
10795,568870279906234368,neutral,6639,test
10796,568869609622904832,positive,10796,train
10797,568868928732028928,neutral,10797,train
10798,568867930127114240,negative,10798,train
10799,568864981917110272,negative,10799,validation
10800,568863902106320896,negative,10800,train
10801,568863640721477632,negative,10801,train
10802,568862839340961792,neutral,10802,validation
10803,568862320442662912,negative,10803,train
10804,568862015575461889,negative,10804,train
10805,568861899435016192,positive,10805,train
10806,568861573479059456,negative,10806,test
10807,568861255731154944,neutral,10807,test
10808,568858974281314304,negative,10808,train
10809,568858696198938624,negative,10809,validation
10810,568857663171366912,negative,10810,train
10811,568857278721478656,negative,10811,validation
10812,568854976119898112,negative,10812,train
10813,568854243097976832,positive,10813,train
10814,568853412617560064,neutral,10814,train
10815,568853290513010688,negative,10815,train
10816,568852572188098561,neutral,10816,test
10817,568852319762313216,negative,10817,train
10818,568852246462631936,negative,10818,train
10819,568849460450725890,negative,10819,validation
10820,568847612503334912,neutral,10820,train
10821,568846754701058048,neutral,10821,train
10822,568846188725841920,negative,10822,train
10823,568845552114405376,negative,10823,train
10824,568845421390344192,negative,10824,train
10826,568843696105496577,negative,10826,train
10827,568842945530441728,negative,10827,train
10828,568841635049533440,negative,10828,train
10829,568841068348878848,negative,10829,train
10830,568840215089041409,negative,10830,train
10831,568839036007260162,negative,10831,train
10832,568838743030956032,positive,10832,train
10833,568838717303074816,negative,10833,test
10834,568836390991101952,negative,10834,test
10835,568834902365503488,positive,10835,test
10836,568834884942336000,neutral,10836,train
10837,568834834040164352,positive,10837,train
10838,568834249303785472,neutral,10838,test
10839,568834026317832193,negative,10839,train
10840,568833970143698944,negative,10840,train
10841,568833409138745344,negative,10841,test
10842,568829465788350464,negative,10842,train
10843,568826425538519041,negative,10843,train
10844,568826247809273856,neutral,10844,train
10845,568826070897717250,negative,10845,train
10846,568826004891832321,negative,10846,train
10847,568825686472953856,neutral,10847,train
10848,568825563126865922,neutral,10848,train
10849,568825140898873344,positive,10849,train
10850,568824821531996162,negative,10850,test
10851,568824786337574912,neutral,10851,train
10852,568824193380425731,neutral,10852,train
10853,568823990321598465,negative,10853,train
10854,568823897967034368,positive,10854,train
10855,568823817679847425,negative,10855,validation
10856,568823143789416449,negative,10856,train
10857,568822571875098624,negative,10857,train
10858,568822419823169536,negative,10858,train
10859,568821402389893120,negative,10859,train
10860,568818512191471616,positive,10860,train
10861,568818328132841472,negative,10861,validation
10862,568817526823456768,positive,10862,train
10863,568815766474244096,positive,10863,train
10864,568814284680994816,negative,10864,train
10865,568814251311288320,neutral,10865,train
10866,568813649336381440,negative,10866,train
10867,568812675175591936,negative,10867,train
10868,568812584469528576,negative,10868,train
10870,568811022049349633,negative,10870,train
10871,568810681279111168,neutral,10871,train
10872,568809407120855041,negative,10872,train
10873,568809369678315521,negative,10873,train
10874,568809327298883584,negative,10874,test
10875,568808528426741760,negative,10875,train
10876,568808397660774401,negative,10876,test
10877,568807947423375360,negative,10877,validation
10878,568807901608828928,negative,10878,train
10880,568806740227166208,negative,10880,train
10881,568806267940048896,positive,10881,train
10882,568805605432958976,negative,10882,train
10883,568804625257791488,negative,10883,test
10884,568804534845345792,neutral,10884,train
10885,568803508784275457,negative,10885,train
10886,568803073835077632,neutral,10886,train
10887,568802225058926592,negative,10887,train
10888,568800165886210048,negative,10888,train
10889,568799336097656836,negative,10889,train
10890,568796551394549760,negative,10890,train
10891,568796449863028736,negative,10891,test
10892,568796187299606528,negative,10892,train
10893,568795549211738113,negative,10893,validation
10894,568795462125428736,negative,10894,train
10895,568794464749264896,positive,10895,validation
10896,568793575300796417,neutral,10896,train
10897,568793221809250304,negative,10897,test
10898,568792664931508225,neutral,10898,test
10899,568791745925918721,negative,10899,train
10900,568791243800473600,negative,10900,train
10901,568790903776636928,negative,10901,train
10902,568790795253186560,negative,10902,train
10903,568790707470790656,negative,10903,train
10905,568790282839433216,neutral,10905,train
10906,568790015142178816,negative,10906,validation
10907,568789565483454464,negative,10907,train
10908,568789267180331008,negative,10908,test
10909,568789020890812416,neutral,10909,train
10910,568788849440063489,negative,10910,train
10911,568788652995833856,negative,10911,train
10912,568788141236199424,negative,10912,train
10913,568787831436345344,negative,10913,train
10914,568787210188812289,negative,10914,validation
10915,568786315820470272,positive,10915,train
10916,568785504004497408,positive,10916,train
10917,568785393358905345,negative,10917,train
10918,568783658150191104,negative,10918,validation
10919,568783455338819584,negative,10919,train
10920,568782732358258689,negative,10920,validation
10921,568782673587658752,negative,10921,train
10922,568781642946490368,negative,10922,validation
10923,568781427636092928,negative,10923,train
10924,568780964677201920,negative,10924,train
10925,568780741909319680,negative,10925,validation
10926,568780675672907776,negative,10926,test
10927,568780228648144896,negative,10927,train
10928,568779311261622272,negative,10928,test
10929,568779110710964224,negative,10929,test
10930,568778215671664640,negative,10930,train
10931,568777504368005120,positive,10931,train
10932,568776950665371648,negative,10932,train
10933,568776831006064640,negative,10933,train
10934,568775800599801856,negative,10934,train
10935,568775493727551488,negative,10935,train
10936,568775413192921088,negative,10936,train
10937,568775265406611456,negative,10937,train
10938,568775146703589376,negative,10938,train
10939,568774932844261376,neutral,10939,train
10940,568774385965932545,negative,10940,validation
10941,568774317410009088,negative,10941,train
10942,568773869512761345,positive,10942,train
10943,568773776638406656,negative,10943,test
10944,568773342053969920,negative,10944,train
10945,568772824523001856,negative,10945,train
10946,568770442292551680,negative,10946,train
10947,568770125114929152,negative,10947,train
10948,568769725175435264,negative,10948,train
10949,568769373122342912,negative,10949,validation
10950,568769216662282240,negative,10950,train
10951,568769111561527297,negative,10951,train
10952,568768864793681921,negative,10952,test
10953,568764059732058112,negative,10953,train
10954,568762393083449345,negative,10954,train
10955,568761600359993344,negative,10955,train
10956,568760999194591232,neutral,10956,train
10957,568760866088337409,negative,10957,train
10958,568760648135544832,negative,10958,train
10959,568759575807184896,negative,10959,train
10960,568759027775225856,negative,10960,test
10961,568753556498604032,neutral,10961,train
10962,568751669892268032,negative,10962,train
10963,568751082547089408,neutral,10963,train
10964,568750153315676160,negative,10964,train
10965,568749045528842240,positive,10965,train
10966,568748360599019520,negative,10966,validation
10967,568748242109927424,positive,10967,test
10968,568725291247525888,negative,10968,validation
10969,568724832898162688,negative,10969,train
10970,568715209944244224,negative,10970,validation
10971,568706442850660352,negative,10971,train
10972,568678961229762560,negative,10972,train
10973,568652138915766272,negative,10973,train
10974,568650058780041216,negative,10974,train
10975,568646628795666432,neutral,10975,train
10976,568644931792687104,positive,10976,train
10977,568644286306242561,neutral,5625,validation
10978,568644053522391041,negative,10978,train
10979,568643981258723328,negative,10979,train
10980,568641157724549120,negative,10980,train
10981,568640966866935808,negative,10981,train
10982,568639824145584128,negative,10982,train
10983,568638903097421824,negative,10983,validation
10984,568638610385158145,positive,10984,train
10985,568637273945866240,neutral,10985,validation
10986,568637070207422464,negative,10986,test
10987,568635173216133120,positive,10987,train
10988,568634603885502464,negative,10988,test
10989,568634467587264512,negative,10989,train
10990,568634185155358720,positive,10990,test
10991,568633911959363586,neutral,10991,test
10992,568633802433507329,negative,10992,validation
10993,568633680605945856,negative,10993,train
10994,568632534117908480,negative,10994,test
10995,568631538541326336,negative,10995,train
10996,568627373027020800,negative,10996,train
10997,568627064062009344,negative,10997,test
10998,568626974278733826,negative,10998,train
10999,568626969983750145,negative,10999,train
11000,568626857576407041,negative,11000,train
11001,568626368373780481,negative,11001,train
11002,568624462863720448,negative,11002,train
11003,568623037962039297,negative,11003,train
11004,568622478081306624,negative,11004,train
11005,568620917531623424,negative,11005,test
11006,568620349027323905,negative,11006,train
11007,568619699212140544,negative,11007,train
11008,568619609101721601,negative,11008,train
11009,568619178363478018,negative,11009,train
11010,568618649751171072,negative,11010,train
11011,568617305757728768,negative,11011,test
11012,568616488766029824,negative,11012,train
11013,568616463407255552,negative,11013,test
11014,568616190609764354,negative,11014,train
11015,568615362960293888,negative,11015,train
11016,568609999200477185,negative,11016,train
11017,568609430754865152,negative,11017,train
11018,568608665072246784,negative,11018,validation
11019,568608132731154432,negative,11019,train
11020,568607755042484224,negative,11020,train
11021,568607425047240704,negative,11021,test
11022,568607094426996738,negative,11022,train
11023,568606704566439936,neutral,11023,train
11024,568606238428270594,negative,11024,test
11025,568606066155634688,positive,11025,train
11026,568605590735294464,negative,11026,train
11027,568605539866976256,positive,11027,train
11028,568605001666449408,positive,11028,train
11029,568604735772741632,negative,11029,train
11030,568602309703249921,negative,11030,train
11031,568602156988657664,negative,11031,train
11032,568601527591440386,negative,11032,train
11033,568598882613133314,positive,11033,train
11034,568598334643916800,negative,11034,train
11035,568595632140775424,negative,11035,train
11036,568594726317887488,negative,11036,train
11037,568594646168948736,negative,11037,train
11038,568593538520231936,negative,11038,test
11039,568592695699976192,negative,11039,train
11040,568591324737200128,negative,11040,test
11041,568588273137754112,negative,11041,test
11042,568583191260483584,negative,11042,train
11043,568583014176960513,negative,11043,train
11044,568576810474201088,positive,11044,test
11045,568576058645188608,negative,11045,train
11046,568574989688901632,negative,11046,train
11047,568569972529745920,negative,11047,train
11048,568569906201038848,negative,11048,train
11049,568569646389067776,negative,11049,train
11050,568569324245532672,neutral,11050,validation
11051,568564623156211712,negative,11051,validation
11052,568564342150598656,negative,11052,train
11053,568561924985782272,positive,11053,train
11054,568561877699182592,neutral,11054,train
11055,568560130117251072,neutral,11055,train
11056,568556953640820736,negative,11056,validation
11057,568553063935557632,negative,11057,train
11058,568552167122055168,negative,11058,validation
11059,568552050797068290,negative,11059,train
11060,568550060461408257,negative,11060,validation
11061,568549003626811392,positive,11061,train
11062,568548629432004609,positive,11062,train
11063,568544549536198656,neutral,11063,train
11064,568544211370418176,negative,11064,train
11065,568544199072735232,negative,11065,train
11066,568542052205666305,negative,11066,train
11067,568541965060427776,positive,11067,train
11068,568541894076026881,neutral,11068,validation
11069,568541043106435072,neutral,11069,train
11070,568540062306181120,negative,11070,train
11071,568538553862340608,negative,11071,train
11072,568538064487735296,neutral,11072,train
11073,568535163690287104,neutral,11073,validation
11074,568534114527113216,positive,11074,validation
11075,568533394402861056,neutral,11075,train
11076,568531781835571200,neutral,11076,validation
11077,568529856977199104,positive,11077,train
11078,568527941723774976,negative,11078,train
11079,568527605063757824,negative,11079,validation
11080,568527545097805824,negative,11080,train
11081,568526809387544576,negative,11081,train
11082,568526216958857216,negative,11082,test
11083,568524186185961473,negative,11083,train
11084,568523003778084864,negative,11084,test
11085,568522861205266432,negative,11085,train
11086,568522744356212738,neutral,11086,validation
11087,568521303956656128,negative,11087,test
11088,568517827482685440,positive,11088,test
11089,568517386795507712,positive,11089,train
11090,568516267440631808,negative,11090,test
11091,568514794287796224,negative,11091,train
11092,568514293441757184,negative,11092,test
11093,568512284202438656,negative,11093,train
11094,568511208011071488,negative,11094,train
11095,568510886324744193,negative,11095,train
11096,568509738763169792,neutral,11096,train
11097,568507131902726144,negative,11097,train
11098,568506804096917504,negative,11098,train
11099,568505918540750848,negative,11099,train
11100,568505037833396224,negative,11100,train
11101,568505005633880064,negative,11101,train
11102,568502112457510912,neutral,11102,train
11103,568501367754661888,negative,11103,train
11104,568501293079248896,negative,11104,train
11105,568501242248499201,neutral,11105,train
11106,568500854082420737,negative,11106,train
11107,568499953041080321,negative,11107,train
11108,568499798099304449,neutral,11108,validation
11109,568499384704479233,positive,11109,validation
11110,568497723109974016,negative,11110,train
11111,568496915211538436,negative,11111,train
11112,568496861797076992,negative,11112,train
11113,568496811662581760,neutral,11113,train
11114,568496664677363712,negative,11114,validation
11115,568494962880475137,neutral,11115,train
11116,568494910405517312,neutral,11116,train
11117,568494466929188864,positive,11117,validation
11118,568494200163074048,positive,11118,test
11119,568492653987418112,neutral,11119,train
11120,568492370821562368,negative,11120,train
11121,568492323824381952,negative,11121,train
11122,568492240273874944,negative,11122,test
11123,568491905903939584,negative,11123,train
11124,568491813528576000,negative,11124,test
11125,568491593512198144,neutral,11125,test
11126,568491460250742784,negative,11126,train
11127,568491224946098176,neutral,11127,validation
11128,568491035564879872,negative,11128,train
11129,568490964173627393,negative,11129,validation
11130,568490899396829186,negative,11130,validation
11131,568490860901478400,negative,11131,test
11132,568490780203065347,negative,11132,train
11133,568490703476682752,neutral,11133,train
11134,568487367536996354,negative,11134,train
11135,568486436355346432,negative,11135,train
11136,568483559532568576,negative,11136,train
11137,568483338257895424,neutral,11137,validation
11138,568482925177651201,neutral,11138,train
11139,568482893913333762,negative,11139,train
11140,568482672789622784,negative,11140,train
11141,568482472880697345,negative,11141,test
11142,568482412990218241,negative,11142,train
11143,568482168021917697,neutral,11143,test
11144,568481998257430530,negative,11144,validation
11145,568481836290220033,negative,11145,test
11146,568481515899908096,neutral,11146,train
11147,568481179646758913,negative,11147,validation
11148,568480476803035137,negative,11148,train
11149,568480213123919874,negative,11149,train
11150,568479680229208064,negative,11150,train
11151,568475947617411072,neutral,11151,train
11152,568475305675001857,negative,11152,train
11153,568474825989054464,neutral,11153,train
11154,568474546275287040,negative,11154,train
11155,568474189818146816,negative,11155,train
11157,568472920466411520,neutral,11157,train
11158,568472783354773504,negative,11158,train
11159,568472775729516544,neutral,11159,train
11160,568472259020648448,neutral,11160,test
11161,568472185993629696,negative,11161,train
11162,568471991889612800,negative,11162,validation
11163,568471539433275393,neutral,11163,validation
11164,568469645843279872,positive,11164,train
11166,568465174702772226,positive,11166,train
11167,568464356687679488,neutral,11167,train
11168,568463569458741248,negative,11168,train
11169,568462805235597312,neutral,11169,train
11170,568460100970668032,negative,11170,validation
11171,568459150444769281,positive,11171,train
11172,568458157703499776,negative,11172,test
11173,568457955223453696,negative,11173,train
11174,568457722909368320,positive,11174,test
11175,568457663123746816,negative,11175,train
11176,568456310972424192,neutral,11176,validation
11177,568455524599132160,neutral,11177,train
11178,568454321219596289,negative,11178,validation
11179,568454157478326272,negative,11179,train
11180,568454051144339456,negative,11180,train
11181,568451849054851072,positive,11181,train
11182,568451219477250048,negative,11182,test
11183,568451138221166592,negative,11183,test
11184,568450712314753024,neutral,11184,train
11185,568449649951907840,neutral,11185,test
11186,568449520645906432,positive,11186,train
11187,568449323895275520,negative,11187,train
11188,568449223730925571,negative,11188,validation
11189,568447513759522816,positive,11189,train
11190,568447062976524288,negative,11190,test
11191,568444203883204608,negative,11191,train
11192,568444091836604416,negative,11192,train
11193,568444029257584640,negative,11193,train
11195,568443870570278912,negative,11195,train
11196,568442952176918528,negative,11196,train
11197,568442492569456640,neutral,11197,test
11198,568440682584477696,negative,11198,train
11199,568440431454736384,negative,11199,train
11200,568440004281823233,negative,11200,train
11201,568438860390244353,negative,11201,train
11202,568438645591384064,negative,11202,train
11203,568438142673555457,negative,11203,train
11204,568436081303158784,positive,11204,train
11205,568436010817712128,negative,11205,train
11206,568434509017960449,negative,11206,train
11207,568432364717633536,negative,11207,train
11208,568431753272168448,negative,11208,train
11209,568428263762214913,negative,11209,validation
11210,568423848732991488,negative,11210,train
11211,568423588077936640,positive,11211,train
11212,568422454609219584,negative,11212,train
11213,568422177571258368,negative,11213,validation
11214,568417913914441728,negative,11214,train
11215,568417751854931968,positive,11215,train
11216,568416602728890370,negative,11216,train
11217,568414700326797312,negative,11217,train
11218,568411114448523264,negative,11218,test
11219,568410282298621952,negative,11219,test
11220,568409651466899457,neutral,11220,train
11221,568408074161160192,negative,11221,train
11222,568405950958333952,negative,11222,validation
11223,568402562107498497,neutral,11223,test
11224,568398620686467072,neutral,11224,train
11225,568397140977979392,negative,11225,train
11226,568396913726382080,negative,11226,validation
11227,568394432900431872,negative,11227,test
11228,568388846125223936,negative,11228,train
11229,568388625689235456,neutral,11229,train
11230,568388037484220416,neutral,11230,train
11231,568387549867036672,negative,11231,validation
11232,568387111931527168,negative,11232,train
11233,568386094875738113,negative,11233,train
11234,568386017037672448,neutral,11234,train
11235,568384147464568834,negative,11235,test
11236,568384143379156993,negative,11236,train
11237,568383500530769920,negative,11237,validation
11238,568382790506389504,negative,11238,train
11239,568382196081229824,negative,11239,train
11240,568378076955938816,negative,11240,train
11241,568374422136070144,negative,11241,train
11242,568373807414714369,negative,11242,train
11243,568373623737556992,neutral,11243,validation
11244,568372767810125825,negative,11244,train
11245,568364074427420672,negative,11245,train
11246,568361346464497664,negative,11246,test
11247,568360334609612801,negative,11247,train
11248,568356849189150721,neutral,11248,train
11249,568354818344923136,neutral,11249,train
11250,568341364951388160,negative,11250,test
11251,568298773941755904,negative,11251,train
11252,568289529561518080,negative,11252,train
11253,568284538914385920,negative,11253,train
11254,568282478076669952,negative,11254,train
11255,568276831134191618,negative,11255,train
11256,568274949275824128,negative,11256,train
11258,568272139075387392,negative,11258,test
11259,568265355115814913,positive,11259,train
11260,568265016253628416,negative,11260,test
11262,568258726668443648,negative,11262,validation
11263,568258333649604608,positive,11263,train
11264,568258093051727873,neutral,11264,train
11265,568258075431477248,negative,11265,train
11266,568257392195936259,neutral,11266,train
11267,568256282668302337,neutral,11267,train
11268,568255924130983936,negative,11268,train
11269,568255867751165952,negative,11269,validation
11270,568255534941544448,neutral,11270,train
11271,568252192592769025,negative,11271,validation
11272,568251315220041728,negative,11272,test
11273,568250311455981570,negative,11273,train
11274,568248151368269824,neutral,11274,test
11275,568248102018285570,negative,11275,train
11276,568247480023961600,negative,11276,train
11277,568246970126438400,neutral,11277,train
11278,568246736222879744,negative,11278,train
11279,568245800788221953,negative,11279,train
11280,568245558919503872,negative,11280,train
11281,568245429491654656,negative,11281,train
11283,568244413031448577,negative,11283,train
11284,568244094583107585,negative,11284,train
11285,568243079003529216,negative,11285,validation
11286,568242359928037377,negative,11286,train
11287,568241989453393920,negative,11287,train
11288,568239978276360192,positive,11288,train
11289,568238605036064768,negative,11289,train
11290,568236763128463361,negative,11290,train
11291,568235890205532160,neutral,11291,validation
11292,568234992557527040,positive,11292,validation
11293,568234162638999552,positive,11293,train
11294,568232802749161472,negative,11294,validation
11295,568231913040814080,negative,11295,train
11296,568230023251042304,negative,11296,train
11297,568229427286405121,positive,11297,train
11298,568229143860658176,negative,11298,train
11299,568228746697814016,negative,11299,train
11300,568228614275260416,negative,11300,train
11301,568226977070632960,negative,11301,train
11302,568225166527991808,negative,11302,train
11303,568224769872502784,negative,11303,train
11304,568223950926446593,negative,11304,test
11305,568223612802637824,negative,11305,train
11306,568223380375076864,positive,11306,train
11307,568222090769379328,neutral,11307,validation
11308,568221761898209280,positive,11308,validation
11309,568220625648672768,negative,11309,train
11310,568220033299542016,negative,11310,train
11311,568219901359460353,negative,11311,validation
11312,568218884060241920,negative,11312,test
11313,568218389619077121,positive,11313,validation
11314,568217681838641152,positive,11314,train
11315,568216602866376704,negative,11315,train
11316,568216411404808192,negative,11316,test
11317,568216196132302848,negative,11317,train
11318,568215917894737920,neutral,11318,test
11319,568215307170521088,negative,11319,train
11320,568214100578324480,negative,11320,validation
11321,568213843618299904,negative,11321,train
11322,568213769798578176,negative,11322,train
11323,568211517398786048,negative,11323,train
11324,568211263303639040,negative,11324,validation
11325,568211021497638912,negative,11325,validation
11326,568210928484913152,neutral,11326,train
11327,568210743390117888,negative,11327,validation
11328,568210512405790720,negative,11328,train
11329,568208488335331329,negative,11329,train
11330,568208413286477825,negative,11330,train
11331,568208027775569920,negative,11331,train
11332,568202255205335041,negative,11332,test
11333,568200350697717760,negative,11333,validation
11334,568199988255330304,negative,11334,train
11335,568199678896037890,negative,11335,train
11336,568196165780578304,negative,11336,validation
11337,568194520497713152,negative,11337,train
11338,568194475077570560,neutral,11338,train
11339,568194427904069632,negative,11339,train
11340,568194265022648320,negative,11340,train
11341,568192271453188096,negative,11341,train
11342,568189372362674176,negative,11342,train
11343,568188243713372161,negative,11343,validation
11344,568187959276646401,negative,11344,train
11345,568185352441212929,negative,11345,train
11346,568185092163678208,negative,11346,train
11347,568181747357229057,negative,11347,train
11348,568180869120135169,negative,11348,train
11349,568178085415092226,negative,11349,validation
11350,568175505314336768,negative,11350,train
11351,568175323470290944,positive,11351,train
11352,568175282919739392,negative,11352,test
11353,568174975028465664,negative,11353,train
11354,568174847450329088,negative,11354,train
11355,568174802059464705,negative,11355,train
11356,568173724974878720,negative,11356,train
11357,568173388663013377,negative,11357,test
11358,568173151798108161,negative,11358,train
11359,568172839758630912,negative,11359,train
11360,568171538324840449,positive,11360,validation
11361,568171144504872961,negative,11361,validation
11362,568170794670551040,negative,11362,test
11363,568170119664443393,negative,11363,train
11364,568169732895051777,neutral,11364,test
11365,568167414493532161,negative,11365,test
11366,568166478572204032,negative,11366,train
11367,568166390873653248,negative,11367,test
11368,568166268546748416,positive,11368,test
11369,568165058229997569,negative,11369,train
11370,568164721406418945,negative,11370,train
11371,568163907325599745,neutral,11371,train
11372,568163524314144768,negative,11372,train
11373,568163426343784448,positive,11373,validation
11374,568162673981943808,negative,11374,train
11375,568162091175182336,negative,11375,validation
11376,568162061278011392,negative,11376,train
11377,568161997935607808,negative,11377,train
11378,568161284249796608,positive,11378,train
11379,568160713170149376,positive,11379,train
11380,568159483786084352,negative,11380,train
11381,568158427664527360,negative,11381,train
11383,568156002941415425,negative,11383,train
11384,568155954484797442,positive,11384,test
11385,568155779225788416,neutral,11385,train
11386,568154816414789632,negative,11386,validation
11387,568153752533733376,negative,11387,train
11388,568153430776287233,negative,11388,train
11389,568152863962238976,positive,11389,train
11390,568151138421207040,negative,11390,train
11391,568150866890522628,negative,11391,train
11392,568150818572144640,negative,11392,train
11393,568148808993013761,negative,11393,test
11394,568144060248170496,negative,11394,train
11395,568143054856712192,negative,11395,validation
11396,568142922031501312,negative,11396,validation
11397,568141720556322816,negative,11397,train
11398,568141479132200960,negative,11398,train
11399,568140468854198272,negative,11399,train
11400,568140221994250240,negative,11400,train
11401,568139693574848513,negative,11401,train
11402,568139479237525505,negative,11402,train
11403,568139253194067968,negative,11403,train
11404,568139144515313664,negative,11404,train
11405,568138996112445440,negative,11405,test
11406,568138663864852481,negative,11406,train
11407,568138172133183488,negative,11407,train
11408,568137336095170560,negative,11408,train
11409,568136286109888512,negative,11409,train
11410,568135839814807552,negative,11410,train
11411,568135421445545984,negative,11411,train
11412,568135319876468736,negative,11412,train
11413,568134930137550848,negative,11413,train
11414,568134534857764864,negative,11414,test
11415,568134273628155904,negative,11415,train
11416,568134058242400256,positive,11416,train
11417,568133754142793728,negative,11417,train
11418,568132101729443841,negative,11418,train
11419,568129940371214336,negative,11419,validation
11420,568128904260685824,negative,11420,train
11421,568128753223794688,negative,11421,train
11422,568128665801900032,negative,11422,train
11423,568128399035772928,negative,11423,train
11424,568127477555441664,negative,11424,train
11425,568126621611372545,negative,11425,train
11427,568123193577177089,negative,11427,validation
11428,568123010638483456,negative,11428,train
11429,568121535233458176,positive,11429,train
11430,568119831519739904,negative,11430,train
11431,568118361701265408,negative,11431,train
11432,568117268254568448,neutral,11432,train
11433,568116895305617409,negative,11433,train
11434,568116768868159488,negative,11434,train
11435,568116602186502144,negative,11435,validation
11436,568116534855503872,positive,11436,train
11437,568115611814858752,negative,11437,train
11438,568114056034324480,negative,11438,train
11439,568113981866446848,negative,11439,train
11440,568113601480757248,negative,11440,validation
11441,568112409841238016,negative,11441,train
11442,568112232208293889,negative,11442,train
11443,568112076549451776,negative,11443,train
11444,568111402084401152,negative,11444,validation
11445,568111178708336640,negative,11445,validation
11446,568111010856480768,negative,11446,train
11447,568110197966643201,negative,11447,train
11448,568108522313015296,negative,11448,test
11449,568107310117212161,negative,11449,test
11450,568106916897034241,negative,11450,validation
11451,568106783241211904,negative,11451,train
11452,568106054283882496,negative,11452,train
11453,568105570215055360,negative,11453,train
11454,568105051622756352,negative,11454,validation
11455,568104985935753216,negative,11455,train
11456,568104744025268224,negative,11456,train
11457,568104590387884032,negative,11457,train
11458,568103967185444866,positive,11458,train
11459,568102228587884545,negative,11459,test
11460,568100935769006080,negative,11460,test
11461,568100712309256192,positive,11461,train
11462,568100371794665472,negative,11462,validation
11463,568095863731433473,positive,11463,train
11464,568094172508336128,positive,11464,train
11465,568089253424594944,neutral,11465,test
11466,568088650430468096,negative,11466,train
11467,568088090620919808,negative,11467,validation
11468,568087789004300288,negative,11468,train
11469,568087284483928064,negative,11469,train
11470,568084495078785024,negative,11470,test
11471,568084209656573952,neutral,11471,train
11472,568083251866152960,negative,11472,train
11473,568083224146149376,negative,11473,train
11474,568081558625759233,negative,11474,train
11475,568081401053974528,negative,11475,train
11476,568080349286301697,negative,11476,train
11477,568080078875324416,negative,11477,validation
11478,568079676612087808,negative,11478,validation
11479,568079633998086144,negative,11479,train
11480,568079446592385025,negative,11480,train
11481,568079024943194112,negative,11481,train
11482,568078627687890946,negative,11482,train
11483,568077746481586176,neutral,11483,train
11484,568077686507229184,neutral,11484,train
11485,568077470085341184,negative,11485,test
11486,568077090656002048,negative,11486,train
11487,568076483664568320,negative,11487,train
11488,568075934609346560,negative,11488,train
11489,568075902493593600,negative,11489,train
11490,568074163270905856,positive,11490,train
11491,568073860911927296,negative,11491,train
11492,568073698877554689,negative,11492,train
11493,568073191068794880,negative,11493,validation
11495,568070522908442625,negative,11495,train
11496,568070439945306112,neutral,11496,train
11497,568070386627305472,negative,11497,train
11498,568069549591035904,positive,11498,validation
11499,568069363280035840,negative,11499,test
11500,568066292114001921,negative,11500,train
11501,568064972086906880,negative,11501,test
11502,568064947214782464,negative,11502,train
11503,568064178478571520,negative,11503,test
11504,568064027437301760,negative,11504,train
11506,568063225859739648,neutral,11506,train
11507,568063182230724608,neutral,11507,train
11508,568063122755485696,negative,11508,train
11509,568062007108190210,neutral,11509,train
11510,568061470933540864,negative,11510,train
11511,568061283200839681,negative,11511,train
11512,568061166871846912,negative,11512,train
11513,568059390135304193,positive,11436,train
11514,568058820376854528,negative,11514,train
11515,568057241435303936,negative,11515,train
11516,568057232392380416,negative,11516,train
11517,568055678201438208,negative,11517,train
11518,568055631065653250,negative,11518,train
11519,568055537952284672,negative,11519,train
11520,568053919575875584,neutral,11520,train
11521,568053728944791552,negative,11521,train
11522,568053507179163648,neutral,11522,train
11523,568053414682361856,negative,11523,test
11524,568053242426470401,negative,11524,test
11525,568050773910622209,negative,11525,validation
11526,568046797475553280,negative,11526,train
11527,568045111189372928,negative,11527,validation
11528,568044626654806016,negative,11528,train
11529,568040818059190273,neutral,11529,train
11530,568039715699609600,neutral,11530,train
11531,568039648964026368,neutral,11531,test
11532,568039498015223808,negative,11532,validation
11533,568037876761546753,positive,11533,train
11534,568036804542275584,neutral,11534,train
11535,568035844088590336,negative,11535,validation
11536,568034808598810625,negative,11536,train
11537,568034537411895296,negative,11537,train
11538,568033591973847040,negative,11538,train
11539,568032561462689793,neutral,11539,train
11540,568032524749942784,negative,11540,test
11541,568031706944540672,negative,11541,validation
11542,568030511530172416,negative,11542,train
11543,568029718173356033,negative,11543,train
11544,568029682626650112,positive,11544,train
11545,568029222574407680,positive,11545,train
11546,568027698452426752,positive,11546,train
11547,568026425535516674,negative,11547,train
11548,568024213753364480,negative,11548,train
11549,568022599843893248,negative,11549,train
11550,568022411783888896,negative,11550,validation
11551,568018287302447104,positive,11551,test
11552,568016802191683586,negative,11552,train
11553,568015003883859969,positive,11436,train
11554,568013199599120384,negative,11554,test
11555,568010412798509056,negative,11555,validation
11556,568008391773196288,negative,11556,test
11557,568006455317667840,negative,11557,validation
11558,568006084360863745,negative,11558,train
11559,568004984937287680,negative,11559,train
11560,568004004183203840,negative,11560,train
11561,568003851145461760,positive,11561,train
11562,568002085888897025,negative,11562,test
11563,567997512310767616,neutral,11563,train
11564,567988647263252480,negative,11564,train
11565,567979842882428928,negative,11565,test
11566,567970771718578176,negative,11566,train
11567,567969619849265153,negative,11567,train
11568,567929116969684993,negative,11568,train
11569,567928302725263360,negative,11569,validation
11570,567926839630557184,negative,11570,validation
11571,567925957090238464,negative,11571,test
11572,567923361256460288,negative,11572,train
11573,567923103080275968,negative,10677,train
11574,567921295473512448,negative,11574,train
11575,567919849088770048,negative,11575,train
11577,567918161540046848,negative,11577,train
11578,567916726668644352,negative,11578,test
11579,567915852260978688,negative,11579,train
11580,567910107163541504,negative,11580,train
11581,567909745211879424,negative,11581,validation
11582,567909106553483264,negative,11582,validation
11583,567908831545544706,negative,11583,train
11584,567908764650774529,negative,11584,train
11585,567908702088376320,neutral,11585,train
11586,567908391256875008,negative,11586,train
11587,567908046619439104,negative,11587,validation
11588,567906248852533248,negative,11588,validation
11589,567905855653421056,negative,11589,train
11590,567905194563997696,negative,11590,validation
11591,567905184040382464,negative,11591,train
11592,567904569679880192,negative,11592,validation
11593,567904438834167809,negative,11593,train
11594,567903480993558528,negative,11594,train
11595,567898269961101313,positive,11595,train
11596,567897883875217408,negative,11596,test
11597,567897643873148928,negative,11597,train
11598,567897182545686528,positive,11598,train
11599,567896872892899330,negative,11599,train
11600,567896040982069249,negative,11600,test
11601,567894427244589056,positive,11601,train
11602,567893710949588993,negative,11602,train
11603,567892300551991296,positive,11603,train
11605,567889613714522113,positive,11605,train
11606,567887623953457152,negative,11606,train
11607,567885719894642688,negative,11607,test
11608,567885057085566977,neutral,11608,test
11609,567881731967229953,negative,11609,train
11610,567881730490646528,positive,11610,train
11611,567881096647569408,positive,11611,train
11612,567880416201293824,negative,11612,validation
11613,567878696356433920,negative,11613,test
11614,567875699056467968,negative,11614,test
11615,567875552377450497,negative,11615,validation
11616,567874275388043264,positive,11616,validation
11617,567874261085454338,negative,11617,validation
11618,567872406628356096,negative,11618,train
11619,567871168214106113,negative,11619,train
11620,567867498126770176,positive,11620,train
11621,567867090729861120,neutral,11621,train
11622,567866540424560640,negative,11622,train
11623,567866162865971201,negative,11623,test
11624,567865703765798912,negative,11624,train
11625,567865044580638720,negative,11625,train
11626,567864523585118208,negative,11626,train
11627,567864395264573441,negative,11627,train
11628,567862814578061312,positive,11628,train
11629,567861901603901440,negative,11629,validation
11630,567860775752208385,negative,11630,train
11631,567860351569649664,negative,11631,train
11632,567860313883693056,negative,11632,validation
11633,567860175740092416,negative,11633,train
11634,567860107960324096,negative,11634,train
11635,567859888480772096,negative,11635,test
11636,567859714169708544,negative,11636,train
11637,567859601900740609,negative,11637,validation
11638,567859008230563840,negative,11638,train
11639,567858957546561536,negative,11639,train
11640,567857402340450305,negative,11640,train
11641,567857221159297024,negative,11641,validation
11642,567856486950576128,negative,11642,validation
11643,567855788699607040,neutral,11643,validation
11644,567854566122864640,positive,11644,train
11645,567851387641597952,negative,11645,train
11646,567851275599110144,negative,11646,train
11647,567850746319753217,neutral,11647,train
11648,567850465406394368,negative,11648,train
11649,567849500536152064,negative,11649,train
11650,567849102731526144,negative,11650,train
11651,567848843372601346,neutral,11651,train
11652,567848107456749569,neutral,11652,test
11653,567847966989508608,negative,11653,train
11654,567847737061941249,negative,11654,train
11655,567847344307347456,negative,11655,test
11656,567847120990048256,negative,11656,train
11657,567846359631564800,negative,11657,test
11658,567843415716732928,negative,11658,train
11659,567842647739654144,negative,11659,train
11660,567842466851905536,negative,11660,train
11661,567842439911858176,negative,11661,test
11662,567842370533867520,negative,11662,train
11663,567842366473834498,positive,11663,test
11664,567841818357964800,positive,11664,train
11665,567840815331991552,negative,11665,validation
11666,567840122454052864,positive,11666,train
11667,567840103122509825,negative,11667,train
11668,567834881939546113,neutral,11668,train
11669,567834021293596672,positive,11669,train
11670,567832862130577408,negative,11670,train
11671,567832821013848064,negative,11671,validation
11672,567832250110337024,negative,11672,test
11673,567832153670705152,positive,11673,train
11674,567831160978677760,negative,11674,train
11675,567830991491997696,negative,11675,train
11677,567823045215313920,negative,11677,train
11678,567822717665198080,negative,11678,train
11679,567822117237170178,negative,11679,train
11680,567822098950791168,negative,11680,train
11681,567821288820203520,negative,11681,train
11682,567820647465803776,negative,11682,train
11683,567820135265759232,negative,11683,test
11684,567819711950635009,negative,11684,validation
11685,567819606904295424,positive,11685,train
11686,567818961716387840,negative,11686,train
11687,567818690096541696,negative,11687,test
11688,567818509650124800,negative,11688,test
11689,567816651900583936,negative,11689,train
11690,567813042576199680,negative,11690,train
11691,567812687893262336,positive,11691,test
11692,567812370690605056,neutral,11692,train
11693,567812369902133248,negative,11693,train
11694,567811918711504896,neutral,11694,validation
11695,567811573265260544,negative,11695,train
11696,567810259675537408,positive,11696,validation
11697,567809403668430849,negative,11697,train
11698,567808893464899584,negative,11698,train
11699,567808843373105152,negative,11699,train
11700,567808567580041216,negative,11700,test
11701,567807786748284928,negative,11701,validation
11702,567805465854488579,positive,11702,train
11703,567805039583199235,negative,11703,train
11704,567804923782627330,negative,11704,train
11705,567804700951855104,positive,11705,train
11706,567803627714138112,positive,11706,validation
11707,567803477762797570,negative,11707,test
11708,567803306928775168,negative,11708,train
11709,567803049130094592,negative,11709,train
11710,567802808876158976,negative,11710,train
11712,567802602738708480,negative,11712,train
11713,567802570912305152,negative,11713,validation
11714,567802378041450496,positive,11595,train
11715,567802255215460353,negative,11715,validation
11716,567802008292564992,negative,11716,validation
11717,567801274293563393,negative,11717,train
11718,567800771774001153,neutral,11718,test
11719,567800315093979138,negative,11719,train
11720,567800210064420864,positive,11720,train
11721,567799968279560194,negative,11721,train
11722,567799412538494976,negative,11722,validation
11723,567797906977083392,negative,11723,train
11724,567796792847499265,negative,11724,train
11725,567794202730577920,negative,11725,train
11726,567793186698190848,negative,11726,train
11727,567793072060276736,positive,11727,train
11728,567791865823789056,negative,11728,train
11729,567791526370365440,negative,11729,train
11730,567791019086065664,negative,11730,validation
11731,567790793197629440,negative,11731,train
11732,567790572833103872,negative,11732,validation
11733,567790175813681153,negative,11733,train
11734,567789902633664512,negative,11734,test
11735,567788578026311680,positive,11735,train
11737,567787449053872128,negative,11737,train
11738,567786807224705027,negative,11738,train
11739,567786151370629121,positive,11739,train
11740,567784773780013057,positive,11740,validation
11741,567783713833234432,negative,11741,train
11742,567782686077747200,negative,11742,validation
11743,567782645975625729,negative,11743,validation
11744,567781757274292224,negative,11744,train
11745,567781582791278592,negative,11745,test
11746,567781477761314816,negative,11746,validation
11747,567781227537915906,negative,11747,train
11748,567781176375803905,negative,11748,train
11749,567780624531222528,positive,11749,train
11750,567779193342423040,negative,11750,train
11751,567778512548167680,positive,11751,train
11752,567778498723737600,negative,11752,train
11753,567778236026077185,negative,11753,train
11754,567777743665946624,negative,11754,train
11755,567777625344593920,negative,11755,train
11756,567777187265515521,neutral,11756,train
11757,567777150145949697,negative,11757,train
11758,567777100112101376,positive,11758,train
11759,567776714303238144,negative,11759,train
11760,567776364351074304,neutral,11760,test
11761,567776258621464577,negative,11761,test
11762,567776148864913408,negative,11762,train
11763,567775776582672384,negative,11763,test
11764,567774229249421312,negative,11764,train
11765,567771635139502080,negative,11765,train
11766,567771225104338944,negative,11766,train
11767,567769337256484864,negative,11767,train
11768,567768830265401344,negative,11768,test
11769,567768552644423680,negative,11769,train
11770,567768450471587840,negative,11770,validation
11772,567768224607911936,negative,11772,train
11773,567767738886545408,negative,11773,train
11774,567766633637502976,negative,11774,validation
11775,567765893355417601,neutral,11775,train
11776,567764858817773570,neutral,11776,test
11777,567763837055954944,positive,11777,train
11778,567763697230438400,negative,11778,validation
11779,567763065706250240,negative,11779,test
11780,567762685200228352,neutral,11780,train
11781,567762670045364225,negative,11781,train
11782,567761568889581569,negative,11782,train
11783,567761193138671616,negative,11783,test
11784,567761144190746625,positive,11784,validation
11785,567760870630244352,negative,11785,train
11786,567760474553348096,positive,11786,train
11787,567759874403344384,negative,11787,train
11788,567759456503881729,negative,11788,train
11789,567759344360783872,negative,11789,train
11790,567759268724887552,neutral,11790,validation
11791,567757897841385473,positive,11791,train
11792,567757851104641024,negative,11792,train
11793,567757203093090305,negative,11793,train
11794,567756326718431232,negative,11794,test
11795,567755891714174976,positive,11795,test
11796,567755542362591233,negative,11796,train
11797,567754593434873857,neutral,11797,validation
11798,567754392682901504,negative,11798,validation
11799,567754056924672000,positive,11799,train
11800,567753872967528448,negative,11800,train
11801,567753815634370560,negative,11801,validation
11802,567753071833665536,negative,11802,test
11803,567752558207586304,neutral,11803,validation
11804,567751134476259328,negative,11804,train
11805,567751025890709504,positive,11805,validation
11806,567748987512705027,negative,11806,train
11807,567747769176432640,negative,11807,train
11808,567747420650754048,negative,11808,train
11809,567745702231830529,negative,11809,train
11810,567745507834220546,neutral,11810,validation
11811,567744963870752768,negative,11811,validation
11812,567743200614289408,negative,11812,train
11813,567742912579272704,negative,11813,train
11814,567741884140093440,negative,11814,validation
11815,567739813114417152,neutral,11815,validation
11816,567739625465077761,neutral,11816,train
11817,567738680945958913,negative,11817,test
11818,567737598115082241,positive,11818,train
11819,567736516420853760,negative,11819,train
11820,567736505477918722,neutral,11820,train
11821,567735943424397312,negative,11821,train
11822,567735337246806016,negative,11822,train
11823,567735186881003520,neutral,11823,test
11824,567734830800961537,negative,11824,train
11825,567734790108225536,negative,11825,train
11826,567734584000135168,negative,11826,test
11827,567734506434854912,negative,11827,test
11828,567734499669454848,negative,11828,validation
11829,567734357839056896,negative,11829,train
11830,567733682879086592,negative,11830,train
11831,567733511281721344,negative,11831,train
11832,567732946241470464,negative,11832,train
11833,567732372997963777,neutral,11833,train
11834,567732351774781440,negative,11834,validation
11835,567732265888006145,negative,11835,train
11836,567731585035014144,negative,11836,test
11837,567730833998757890,negative,11837,train
11838,567730390291714048,negative,11838,train
11839,567730323988172800,positive,11839,train
11840,567729749087498240,negative,11840,train
11841,567729700110602240,negative,11841,train
11842,567729658276237312,negative,11842,train
11843,567729414822449152,negative,11843,train
11844,567729325810917377,negative,11844,train
11846,567729135733465088,negative,11846,train
11847,567728890206904320,negative,11847,train
11848,567728860629057537,negative,11848,train
11849,567728533771132928,negative,11849,train
11850,567728481623359488,negative,11850,train
11851,567728386014183424,negative,11851,train
11852,567728285174743041,negative,11852,train
11853,567728057700876288,negative,11853,train
11854,567728017196457987,neutral,11854,validation
11855,567727581873848320,negative,11855,train
11856,567727479633477632,positive,11856,test
11857,567727159096385536,positive,11857,train
11858,567726594698264576,negative,11858,train
11859,567726186038837248,negative,11859,test
11860,567726138223771649,negative,11860,test
11861,567725588937728000,negative,11861,test
11862,567725387904720896,positive,11862,test
11863,567725304958160896,negative,11863,train
11864,567725170367148034,negative,11864,train
11865,567725125194493953,negative,11865,train
11866,567724943375626240,neutral,11866,train
11867,567724133434535936,negative,11867,validation
11868,567722301471199232,negative,11868,train
11869,567721945954009088,negative,11869,validation
11870,567721806040031232,negative,11870,train
11871,567719005713334276,negative,11871,train
11872,567718099794006016,negative,11872,train
11873,567712600772050945,negative,11873,validation
11874,567710245053407232,negative,11874,train
11875,567698031081160704,negative,11875,train
11876,567679487383699456,negative,11876,train
11877,567670985403285504,negative,11877,train
11878,567643252753694721,neutral,11878,test
11879,570308309682675712,negative,11879,train
11880,570308064185880577,neutral,11880,train
11881,570307949614256128,negative,11881,train
11882,570307948171423745,negative,11882,train
11883,570307434113310720,negative,11883,train
11884,570307390752608257,negative,11884,train
11885,570307369328095232,negative,11885,validation
11887,570306867878072320,negative,11887,train
11888,570306715599695874,negative,11888,validation
11889,570306662575300611,neutral,11889,test
11890,570306529947193344,negative,11890,train
11891,570306423818723328,neutral,11891,train
11892,570306260010176512,negative,11892,train
11893,570306250442985473,negative,11893,train
11894,570305365159632899,neutral,11894,test
11896,570305234838429696,negative,11896,train
11897,570305063052283904,negative,11897,train
11898,570305051819941889,neutral,11898,validation
11899,570304633048047616,neutral,11899,validation
11900,570304544128815104,negative,11900,validation
11901,570303889754488832,negative,11901,validation
11902,570303383782989824,neutral,11902,train
11904,570302060035497984,negative,11904,train
11905,570301929580048385,neutral,11905,train
11906,570301488192458752,negative,11906,train
11907,570301395141836801,negative,11907,test
11908,570300915418320897,negative,11908,train
11911,570300177367633921,neutral,11911,train
11912,570299824760860672,positive,11912,validation
11913,570299252141903873,positive,11913,train
11914,570298770136674304,negative,11914,train
11915,570298744723415040,positive,11915,train
11916,570298679250305024,neutral,11916,test
11917,570298644475346945,negative,11917,validation
11918,570298371140939776,negative,11918,train
11920,570298117544906754,negative,11920,train
11921,570297548726005761,negative,11921,train
11922,570297479029252097,negative,11922,train
11923,570297414848000000,neutral,11923,train
11924,570297070998974464,positive,11924,test
11925,570296996445204480,negative,11925,test
11926,570296986827694080,negative,11926,train
11928,570296572375900160,positive,11928,validation
11929,570295981985681409,negative,11929,train
11931,570295745921880064,positive,11931,train
11932,570295576446808065,negative,11932,validation
11933,570295174385016832,negative,11933,train
11934,570293494444634114,neutral,10,train
11935,570292715444965377,negative,11935,train
11936,570292403309035520,neutral,11936,train
11937,570291431195205633,negative,11937,test
11940,570290337169739776,negative,11940,train
11941,570290334158225408,positive,11941,train
11942,570290220589027328,negative,11942,train
11943,570290034009636865,neutral,11943,train
11944,570289085354541058,negative,11944,train
11945,570288809532891137,negative,11945,train
11946,570288282413633536,negative,11946,train
11947,570288167242375168,negative,11947,train
11948,570287747643998208,negative,11948,validation
11949,570287638084763648,negative,11949,test
11950,570287271234174976,neutral,11950,validation
11951,570286841737318400,negative,11951,validation
11952,570284862122233856,positive,11952,test
11953,570284660510433280,neutral,11953,validation
11955,570284308210032640,negative,11955,train
11956,570284054605639683,negative,11956,train
11957,570283851018317824,negative,11957,train
11958,570283544125288448,negative,11958,test
11959,570283309093113856,neutral,11959,train
11960,570283254743506944,negative,11960,train
11963,570281958556610560,negative,11963,train
11964,570281854139572225,negative,11964,train
11965,570281731510571009,negative,11965,train
11966,570281470507352064,negative,11966,train
11967,570281010606120960,negative,11967,train
11968,570280755252895745,negative,11968,train
11970,570280637946421249,negative,11970,validation
11971,570280378193330180,negative,11971,train
11972,570280225625362432,negative,11972,train
11974,570279368766959616,neutral,11974,train
11975,570279220502511617,negative,11975,train
11976,570279118438182913,positive,8884,train
11977,570279036582109184,positive,6474,test
11978,570278869133107201,negative,11978,train
11979,570278803399798784,negative,11979,train
11980,570278644918194176,negative,11980,test
11981,570276434763128833,negative,11981,train
11982,570276414567493633,negative,11982,train
11983,570276245960835073,negative,11983,train
11984,570276196405125120,negative,11984,train
11985,570275970046775297,negative,11985,train
11986,570275944012783616,negative,11986,train
11988,570275632518733825,neutral,11988,test
11989,570275536406253568,neutral,11989,train
11990,570275450200711168,neutral,11990,train
11991,570275384714862592,neutral,11991,train
11993,570275248052039680,negative,11993,validation
11994,570275010759102466,negative,11994,test
11996,570273819287531520,positive,11996,train
11997,570273710210469888,positive,11997,train
11998,570272880556011520,positive,11998,train
11999,570272235639828480,negative,11999,train
12000,570272172679282688,negative,12000,train
12001,570272018840428544,neutral,12001,train
12002,570271904508092416,positive,12002,train
12005,570271479616573440,positive,12005,train
12006,570271383005085696,negative,12006,test
12007,570270777121103872,negative,12007,train
12008,570270776370311168,negative,12008,train
12009,570270651996463104,neutral,12009,train
12010,570270444646850561,negative,12010,train
12012,570270039737274369,positive,12012,train
12013,570269774594224128,negative,12013,validation
12014,570269633778855936,negative,12014,train
12015,570269280748441601,negative,12015,train
12017,570268646544510976,negative,12017,train
12018,570268420140244992,negative,12018,train
12020,570267902726803456,negative,12020,train
12021,570267608773054464,negative,12021,test
12022,570267592478191617,neutral,12022,train
12023,570267562623152128,negative,12023,train
12024,570264948548313088,positive,12024,train
12025,570139793608175616,negative,12025,train
12026,569944281512685570,negative,12026,train
12027,569842758967386112,negative,12027,test
12028,569699455919726593,negative,12028,train
12029,569680231012773888,negative,12029,train
12030,569622568459636736,negative,12030,test
12031,569621879633391616,negative,12031,train
12032,569601363799359488,negative,12032,train
12033,569600137296633856,positive,12033,train
12034,569047438880841728,negative,12034,train
12035,568824537338417154,negative,12035,test
12036,568551906634797056,positive,12036,train
12037,568265091226800130,negative,12037,train
12038,570294451261874177,negative,12038,train
12039,568757671819661314,negative,12039,train
12041,570308064185880577,neutral,11880,train
12042,570307949614256128,negative,11881,train
12043,570307948171423745,negative,11882,train
12044,570307434113310720,negative,11883,train
12045,570307390752608257,negative,11884,train
12046,570307369328095232,negative,11885,validation
12048,570306867878072320,negative,11887,train
12049,570306715599695874,negative,11888,validation
12050,570306662575300611,neutral,11889,test
12051,570306529947193344,negative,11890,train
12052,570306423818723328,neutral,11891,train
12053,570306260010176512,negative,11892,train
12054,570306250442985473,negative,11893,train
12055,570305365159632899,neutral,11894,test
12057,570305234838429696,negative,11896,train
12058,570305063052283904,negative,11897,train
12060,570304633048047616,neutral,11899,validation
12061,570304544128815104,negative,11900,validation
12062,570303889754488832,negative,11901,validation
12065,570302060035497984,negative,11904,train
12067,570301488192458752,negative,11906,train
12072,570300177367633921,neutral,11911,train
12073,570299824760860672,positive,11912,validation
12076,570298744723415040,positive,11915,train
12077,570298679250305024,neutral,11916,test
12081,570298117544906754,negative,11920,train
12082,570297548726005761,negative,11921,train
12083,570297479029252097,negative,11922,train
12084,570297414848000000,neutral,11923,train
12085,570297070998974464,positive,11924,test
12087,570296986827694080,negative,11926,train
12089,570296572375900160,positive,11928,validation
12090,570295981985681409,negative,11929,train
12092,570295745921880064,positive,11931,train
12094,570295174385016832,negative,11933,train
12095,570293494444634114,neutral,10,train
12096,570292715444965377,negative,11935,train
12098,570291431195205633,negative,11937,test
12101,570290337169739776,negative,11940,train
12103,570290220589027328,negative,11942,train
12104,570290034009636865,neutral,11943,train
12107,570288282413633536,negative,11946,train
12110,570287638084763648,negative,11949,test
12112,570286841737318400,negative,11951,validation
12113,570284862122233856,positive,11952,test
12114,570284660510433280,neutral,11953,validation
12116,570284308210032640,negative,11955,train
12117,570284054605639683,negative,11956,train
12119,570283544125288448,negative,11958,test
12121,570283254743506944,negative,11960,train
12124,570281958556610560,negative,11963,train
12125,570281854139572225,negative,11964,train
12127,570281470507352064,negative,11966,train
12128,570281010606120960,negative,11967,train
12129,570280755252895745,negative,11968,train
12131,570280637946421249,negative,11970,validation
12132,570280378193330180,negative,11971,train
12133,570280225625362432,negative,11972,train
12135,570279368766959616,neutral,11974,train
12140,570278803399798784,negative,11979,train
12141,570278644918194176,negative,11980,test
12143,570276414567493633,negative,11982,train
12144,570276245960835073,negative,11983,train
12146,570275970046775297,negative,11985,train
12147,570275944012783616,negative,11986,train
12149,570275632518733825,neutral,11988,test
12150,570275536406253568,neutral,11989,train
12151,570275450200711168,neutral,11990,train
12154,570275248052039680,negative,11993,validation
12160,570272235639828480,negative,11999,train
12161,570272172679282688,negative,12000,train
12163,570271904508092416,positive,12002,train
12166,570271479616573440,positive,12005,train
12167,570271383005085696,negative,12006,test
12168,570270777121103872,negative,12007,train
12169,570270776370311168,negative,12008,train
12170,570270651996463104,neutral,12009,train
12171,570270444646850561,negative,12010,train
12173,570270039737274369,positive,12012,train
12174,570269774594224128,negative,12013,validation
12175,570269633778855936,negative,12014,train
12176,570269280748441601,negative,12015,train
12178,570268646544510976,negative,12017,train
12179,570268420140244992,negative,12018,train
12181,570267902726803456,negative,12020,train
12182,570267608773054464,negative,12021,test
12183,570267592478191617,neutral,12022,train
12184,570267562623152128,negative,12023,train
12185,570267287883616256,negative,12185,train
12186,570267241046020096,positive,12186,train
12187,570267066919313408,negative,12187,train
12188,570267037911670784,negative,10677,train
12189,570266460003508225,negative,12189,train
12190,570266233003741184,neutral,12190,train
12191,570265919676485632,positive,12191,train
12193,570265689589592064,negative,12193,validation
12194,570265626146512896,negative,12194,train
12195,570265300685488129,negative,12195,validation
12196,570264948548313088,positive,12024,train
12197,570264740817010689,positive,12197,train
12198,570264682541522944,negative,12198,train
12199,570264550458695680,positive,12199,train
12200,570264179216510976,neutral,12200,validation
12201,570264159687806976,negative,12201,train
12202,570264011574415360,positive,12202,train
12203,570263889696305152,neutral,12203,train
12204,570263871526559745,negative,12204,test
12205,570263827033432064,neutral,12205,train
12206,570263732099649537,neutral,12206,train
12207,570263448828780547,positive,12207,validation
12208,570263313306615810,neutral,12208,train
12209,570263008762601475,neutral,12209,train
12210,570262528539779073,neutral,12210,train
12211,570262112477401088,negative,12211,test
12212,570262096094498816,negative,12212,train
12213,570261511781941251,neutral,12213,train
12214,570261418387353601,negative,12214,train
12215,570261359377698817,neutral,12215,validation
12216,570261328511643648,negative,12216,validation
12217,570261193685749760,negative,12217,train
12218,570260735294607360,negative,12218,train
12219,570259700937134080,neutral,12219,train
12220,570259540697948162,positive,12220,train
12221,570259502685151232,positive,12221,train
12222,570259380999860224,neutral,12222,validation
12223,570258656383639553,neutral,12223,test
12224,570258597180940288,neutral,12224,train
12225,570258457804189696,negative,12225,train
12226,570258226819637248,neutral,12226,validation
12227,570258141599928321,neutral,12227,train
12228,570258040609337344,neutral,12228,train
12229,570257935911096320,neutral,12229,train
12230,570257660123193345,negative,12230,test
12231,570257429486706688,negative,12231,test
12232,570257336465387521,negative,12232,validation
12233,570257258275164160,negative,12233,validation
12234,570256852166029312,neutral,12234,test
12235,570256038206824448,positive,12235,train
12236,570255853296746496,neutral,12236,train
12237,570255773651099648,positive,12237,train
12238,570255201069899776,negative,12238,test
12239,570254721140850689,negative,12239,train
12240,570254579578720256,neutral,12240,train
12241,570254375081414656,neutral,12241,train
12242,570254322694557696,negative,12242,train
12243,570253932880007168,negative,12243,train
12244,570253919697244160,negative,12244,test
12245,570253859412529152,positive,12245,train
12246,570252885809868801,negative,12246,validation
12247,570252614320783361,negative,12247,test
12248,570252431113760768,negative,12248,train
12249,570251814970515456,negative,12249,train
12250,570251560871002112,negative,12250,train
12251,570251394965479424,negative,12251,validation
12252,570250940290342914,negative,12252,validation
12253,570250617379168256,negative,12253,test
12254,570250566573674496,neutral,12254,train
12255,570250470289068032,negative,12255,validation
12256,570250371110539264,negative,12256,train
12257,570250236402094080,negative,12257,test
12258,570249520736374785,negative,12258,train
12259,570249440176570368,positive,12259,train
12260,570249435029970945,neutral,12260,test
12261,570249159179145216,neutral,12261,train
12262,570248991704788992,negative,12262,train
12263,570248695670841344,negative,12263,train
12264,570248162067107840,negative,12264,train
12265,570248011621609472,negative,12265,train
12266,570247871716405248,neutral,12266,train
12267,570247850858147840,negative,12267,train
12268,570247748286435328,negative,12268,train
12269,570247474465677312,negative,12269,train
12270,570247180734353408,neutral,12270,train
12271,570246895530078208,neutral,12271,train
12272,570246839225745408,negative,12272,test
12273,570246800247902208,negative,12273,train
12274,570246108699627521,positive,12274,train
12275,570245433466884096,neutral,12275,train
12276,570245402982785024,negative,12276,test
12277,570245367607857153,positive,1171,train
12278,570244934634090496,negative,12278,validation
12279,570244910563110912,negative,12279,validation
12280,570244720229797889,negative,12280,train
12281,570244388175130625,negative,12281,train
12282,570244158591406080,neutral,12282,train
12283,570243095482261504,neutral,12283,train
12284,570242829294960640,negative,12284,train
12285,570242420643917824,negative,12285,train
12286,570242205463359488,positive,12286,train
12287,570241664272371712,negative,12287,test
12288,570241221303468032,positive,12288,train
12289,570241070577139713,negative,12289,train
12290,570241050079420417,neutral,12290,train
12291,570240896387710976,neutral,12291,train
12292,570240784357830659,negative,12292,test
12293,570240764812378112,positive,12293,test
12294,570240647678050304,neutral,12294,validation
12295,570240625536323585,negative,12295,train
12296,570240524592017408,negative,12296,test
12297,570240452588380161,negative,12297,train
12298,570240336519258112,neutral,12298,train
12299,570240246719381504,negative,12299,validation
12300,570240207682998272,negative,12300,train
12301,570239952975482881,negative,12301,train
12302,570239688755302401,negative,12302,validation
12303,570239463089000449,positive,12303,validation
12304,570239376283676672,negative,12304,train
12305,570238822157570048,negative,12305,train
12306,570238782202470402,positive,3877,validation
12307,570238126611963905,negative,12307,train
12308,570238052943208450,negative,12308,train
12309,570237966355968001,neutral,12309,train
12310,570237399932018688,negative,12310,validation
12311,570237269753376768,neutral,12311,train
12312,570237238631669763,neutral,12312,train
12313,570236690637459456,positive,12313,train
12314,570236587386122240,negative,12314,test
12315,570235413224427520,positive,12315,train
12316,570235209783717889,negative,12316,train
12317,570234946700357632,neutral,12317,train
12318,570234676494757888,negative,12318,train
12319,570234625848696833,neutral,12319,train
12320,570234327071629312,neutral,12320,test
12321,570233809129467905,negative,12321,test
12322,570232494034964481,negative,12322,train
12323,570232487454113792,neutral,12323,train
12324,570232122826493953,negative,12324,test
12325,570231192102019072,negative,12325,train
12326,570230559693078528,negative,12326,train
12327,570229557740969984,positive,12327,train
12328,570229222662410240,negative,12328,train
12329,570228063625207808,neutral,12329,train
12330,570227917877354497,positive,12330,train
12331,570227911803998208,negative,12331,train
12332,570226757380530176,negative,12332,test
12333,570226695724244992,negative,12333,train
12334,570226471941251072,neutral,12334,test
12335,570226414525542400,negative,12335,train
12336,570226080457449472,negative,12336,test
12337,570225101104226304,positive,12337,train
12338,570225098189348864,neutral,12338,train
12339,570224968417603584,neutral,12339,train
12340,570224942681206786,negative,12340,train
12341,570224927602839552,negative,12341,train
12342,570224421194964992,positive,12342,validation
12343,570224417445261313,negative,12343,train
12344,570224015656284160,negative,12344,train
12345,570223806322581504,negative,12345,train
12346,570223582380494848,positive,12346,train
12347,570223576038686720,neutral,12347,validation
12348,570222998919225344,negative,12348,train
12349,570222495145406465,negative,12349,train
12350,570222445971382273,neutral,657,test
12351,570222414400860160,positive,12351,test
12352,570222239603273729,negative,12352,train
12353,570221955976187904,neutral,12353,validation
12354,570221471844278273,negative,12354,test
12355,570220301465681921,positive,12355,validation
12356,570220267462529024,negative,12356,validation
12357,570220208037584896,positive,12357,train
12358,570220154363232256,negative,12358,test
12359,570220053142097920,neutral,12359,validation
12360,570219969717219328,positive,12360,train
12361,570219877006503936,neutral,12361,train
12362,570219815941615616,neutral,12362,train
12363,570219379696148480,negative,12363,validation
12364,570218829546024960,neutral,12364,train
12365,570218794414673921,negative,12365,train
12366,570218532060835840,negative,12366,test
12367,570218269111664640,neutral,12367,test
12368,570217971815211008,positive,12368,train
12369,570216960321044481,neutral,12369,test
12370,570216815105847296,neutral,12370,train
12371,570216606057541632,negative,12371,test
12372,570216406119157761,positive,12372,validation
12373,570215492838920193,negative,12373,test
12374,570215343530102784,neutral,12374,train
12375,570215106426114048,negative,12375,validation
12376,570214789487693824,negative,12376,train
12377,570214732067700736,negative,12377,train
12378,570213186139525120,negative,12378,train
12379,570212842206580736,negative,12379,train
12380,570212118059995136,positive,12380,train
12381,570212050548461568,negative,12381,validation
12382,570210392539934721,negative,12382,train
12383,570209266264449026,negative,12383,validation
12384,570208992439312384,negative,12384,train
12385,570208909522182146,negative,12385,validation
12386,570206562855329793,positive,12386,train
12387,570205917024628736,positive,12387,train
12388,570205132094349312,positive,12388,train
12389,570204972589002752,neutral,12389,train
12390,570204930520190978,neutral,12390,validation
12391,570204435663581184,positive,12391,train
12392,570203943671865345,negative,12392,train
12393,570202978650603520,neutral,12393,train
12394,570202730293100544,negative,12394,test
12395,570202621123780608,neutral,12395,train
12396,570202204281425920,neutral,12396,train
12397,570202173172281344,negative,12397,train
12398,570202160564203520,negative,12398,train
12399,570202097041305600,negative,12399,validation
12400,570201740496257024,negative,12400,test
12401,570201347414462464,neutral,12401,test
12402,570201233220198400,positive,12402,train
12403,570201172985974784,negative,12403,test
12404,570199974719455232,negative,12404,validation
12405,570199267668676609,negative,12405,test
12407,570198522911436800,negative,12407,test
12408,570197804091621376,neutral,12408,validation
12409,570197779290697728,neutral,12409,test
12410,570197193254170624,negative,12410,train
12411,570196895383080960,negative,12411,train
12412,570196007243395073,negative,12412,train
12413,570195799256072193,negative,12413,train
12414,570195668850995200,negative,12414,train
12415,570195492006707200,negative,12415,validation
12416,570195444300718080,neutral,12416,train
12417,570195089869447168,neutral,12417,train
12418,570194709261488129,neutral,12418,train
12419,570194141612789760,neutral,12419,validation
12420,570193870769811456,negative,12420,test
12421,570193599977148416,negative,12421,train
12422,570193307139239936,negative,12422,validation
12423,570192886689628160,positive,12423,validation
12424,570192751830171648,neutral,12424,test
12425,570192546367975424,negative,12425,train
12426,570192183766196224,negative,12426,train
12427,570191874151092225,neutral,12427,train
12428,570191763731841024,positive,12428,train
12429,570191664628699136,negative,12429,train
12430,570191286667513856,negative,12430,train
12431,570189934096719873,neutral,12431,validation
12432,570189507447775234,negative,12432,train
12433,570188794730848256,neutral,12433,test
12434,570188405541175297,negative,12434,train
12435,570188115077259266,negative,12435,test
12436,570188097305976832,negative,12436,test
12437,570187686213918721,negative,12437,train
12438,570187239864414208,negative,12438,train
12439,570187100710002689,negative,12439,train
12440,570186666276577280,negative,12440,train
12441,570186533258416133,negative,12441,train
12442,570186514178519041,neutral,12442,train
12443,570185364746461184,negative,12443,validation
12444,570184535507210241,positive,12444,test
12445,570184234498805761,negative,12445,test
12446,570184083692658688,negative,12446,train
12447,570183052401508352,neutral,12447,train
12448,570182972554371072,negative,12448,train
12449,570182283665088512,neutral,12449,train
12450,570182054987505664,negative,12450,train
12451,570181700036087809,negative,12451,test
12452,570181406787301378,negative,12452,train
12453,570181077861474304,neutral,12453,test
12454,570180703746461696,negative,12454,train
12455,570180010125864960,neutral,12455,validation
12456,570179813845147648,negative,12456,test
12457,570179562174328832,negative,12457,train
12458,570179455911481344,negative,12458,train
12459,570179344833708033,negative,12459,validation
12460,570179236633432065,negative,12460,train
12461,570178966725767168,negative,12461,train
12462,570178443167571968,neutral,12462,train
12463,570177752973885440,neutral,12463,test
12464,570177745759678466,neutral,12464,test
12465,570177697814425600,negative,12465,test
12466,570177331358076929,negative,12466,validation
12467,570177012360462336,negative,12467,train
12468,570176385534300160,negative,12468,train
12469,570176104541122561,negative,12469,train
12470,570175988648316929,neutral,12470,train
12471,570175858469515264,negative,12471,validation
12472,570175764643094528,negative,12472,validation
12473,570175461298475008,negative,12473,train
12474,570175182012174336,negative,12474,train
12475,570174964856266752,negative,12475,test
12476,570174794425098241,neutral,12476,train
12477,570174284284497920,negative,12477,validation
12478,570173690475728896,negative,12478,train
12479,570172549910409217,negative,12479,train
12480,570172301163008000,neutral,12480,train
12481,570171986648965120,negative,12481,train
12482,570169851156701185,negative,12482,train
12483,570167726972538880,positive,12483,train
12484,570166071640133632,neutral,12484,test
12485,570164654061838336,negative,12485,train
12486,570163418637996032,neutral,12486,train
12487,570162212616212480,negative,12487,train
12488,570160153493774337,negative,12488,test
12489,570159133795741696,neutral,12489,train
12490,570158980611350528,negative,12490,train
12491,570156001485312000,neutral,12491,train
12492,570153610870456321,negative,12492,test
12493,570153000079126528,negative,12493,train
12494,570152557475028992,negative,12494,train
12495,570150741022617600,negative,12495,train
12496,570146467542933505,negative,12496,train
12497,570146395593666560,negative,12497,train
12498,570146348613406720,negative,12498,train
12499,570146091141722112,negative,12499,train
12500,570145544078815232,negative,12500,train
12501,570145106415771648,positive,12501,train
12502,570143200935063552,negative,12502,train
12503,570142665246965760,positive,12503,train
12504,570142278729076736,negative,12504,train
12505,570141242769559552,negative,12505,validation
12506,570139793608175616,negative,12025,train
12507,570139364178530304,negative,12507,train
12508,570138307767578625,negative,12508,train
12509,570137359787827201,negative,12509,test
12510,570137063716216832,negative,12510,test
12511,570136706877272064,negative,12511,train
12512,570136130126897152,negative,12512,train
12513,570135402306080768,negative,12513,validation
12514,570135205123530752,negative,12514,train
12515,570134947828080640,negative,12515,train
12516,570133621870174209,negative,12516,validation
12517,570132715577552896,negative,12517,test
12518,570132410588917760,neutral,12518,train
12519,570130792443039744,neutral,12519,train
12520,570130746356211713,negative,12520,train
12521,570129843594997760,negative,12521,train
12522,570128847439417344,neutral,12522,test
12523,570128633957736448,negative,12523,train
12524,570128126480674816,negative,12524,validation
12525,570127035890184192,negative,12525,train
12526,570126389279662080,negative,12526,train
12528,570123872168574976,negative,12528,train
12529,570123495180410881,negative,12529,train
12530,570123386925539329,negative,12530,train
12531,570123304498917377,negative,12531,train
12532,570123207824568320,negative,12532,train
12533,570123136542224384,neutral,12533,train
12534,570122982863060992,negative,12534,train
12535,570122962726039552,negative,12535,test
12536,570122868039634944,negative,12536,train
12537,570122183072092160,negative,12537,train
12538,570121689503301632,negative,12538,train
12539,570121673099190272,negative,12539,train
12540,570121276016234496,negative,12540,train
12541,570119444451745792,negative,12541,validation
12542,570118668551458816,neutral,12542,test
12543,570116595193810945,neutral,12543,train
12544,570116487278501888,negative,12544,train
12545,570116329694310400,negative,12545,test
12546,570115988714164225,positive,12546,train
12547,570115532906569729,positive,12547,train
12548,570115339515592704,negative,12548,train
12549,570115286289899520,negative,12549,validation
12550,570114451120074752,negative,12550,train
12551,570112074249928704,negative,12551,train
12552,570110706588262400,negative,12552,test
12554,570108519237558272,positive,12554,train
12555,570106218825564161,negative,12555,train
12556,570106114202861568,negative,12556,validation
12557,570105753471746048,negative,12557,validation
12558,570105616515145728,negative,12558,train
12559,570103908607135744,negative,12559,train
12560,570103559318081536,negative,12560,train
12561,570102866754592768,negative,12561,train
12562,570102669299351553,negative,12562,train
12563,570102251563274242,neutral,12563,train
12564,570101910402940928,negative,12564,train
12565,570101803708080128,positive,12565,train
12566,570101777934086146,positive,12566,test
12567,570101666571288576,neutral,12567,train
12568,570101550787350528,positive,12568,train
12569,570101395698941954,negative,12569,validation
12570,570101371409559552,negative,12570,train
12571,570101194678517761,negative,12571,test
12573,570100947923419136,negative,12573,train
12574,570100829396406272,positive,12574,test
12575,570100824703143936,negative,12575,test
12576,570100233398571008,negative,12576,validation
12577,570100035167379456,negative,12577,train
12578,570099970742886400,negative,12578,train
12579,570099716379316224,negative,12579,train
12580,570099562548834304,positive,12580,train
12581,570099506135437312,negative,12581,validation
12582,570098489943666688,negative,12582,train
12583,570097604182351872,negative,12583,test
12584,570097527841693697,positive,12584,train
12585,570097483432337408,negative,12585,train
12586,570097456786104320,neutral,12586,train
12587,570097279870361600,negative,12587,train
12588,570097189617143808,negative,12588,validation
12589,570096856685871106,negative,12589,test
12590,570095696491241472,neutral,12590,train
12591,570095443364831232,neutral,12591,train
12592,570095131967295489,positive,12592,train
12593,570095043169529857,positive,12593,train
12594,570094749933289473,negative,12594,train
12595,570094120993054720,positive,12595,validation
12596,570093652120178689,negative,12596,test
12597,570093520909832192,negative,12597,train
12598,570093462738984961,neutral,12598,validation
12599,570092677196181507,negative,12599,train
12600,570092530236149761,negative,12600,test
12601,570092218058346496,negative,12601,validation
12602,570092210466611200,negative,12602,train
12603,570092184948645889,positive,12603,test
12604,570090452809949184,neutral,12604,train
12605,570090252544708608,neutral,12605,train
12606,570090251122663425,neutral,12606,train
12607,570088600949411840,negative,12607,train
12608,570088470171013120,negative,12608,train
12609,570088310334484480,negative,12609,train
12610,570088135851266048,neutral,12610,train
12611,570087950156898305,negative,12611,train
12612,570087510941962241,negative,12612,train
12613,570087305320357888,negative,12613,test
12614,570087222663229440,negative,12614,test
12615,570087022292905985,positive,12615,train
12616,570086891342733312,negative,12616,train
12617,570086501222096896,negative,12617,train
12618,570086488324485121,negative,12618,train
12619,570086434410930176,neutral,12619,train
12620,570086014980648960,negative,12620,train
12622,570085859132878848,negative,12622,validation
12623,570085625061384192,negative,12623,validation
12624,570085165378068480,negative,12624,test
12625,570085025896665088,positive,12625,test
12626,570084690608201728,negative,12626,train
12628,570082819025838080,neutral,12628,test
12629,570082289939406848,neutral,12629,train
12630,570081797427621888,negative,12630,test
12631,570081695342309377,negative,12631,train
12632,570081679844319232,positive,12632,train
12633,570081513087369216,negative,12633,train
12634,570081165459259392,neutral,3681,validation
12635,570080703171448832,neutral,12635,train
12636,570080608996556800,positive,12636,train
12637,570080545461407745,negative,12637,train
12638,570080397628825600,negative,12638,train
12639,570079755560595456,negative,12639,train
12640,570079290953486338,negative,12640,validation
12641,570079030029848579,negative,12641,train
12642,570078673090408448,negative,12642,train
12643,570078556711026688,positive,12643,train
12644,570078022201532419,negative,12644,train
12645,570077997648064512,negative,12645,validation
12646,570077431484121088,neutral,12646,validation
12647,570077011324096514,positive,12647,train
12648,570075821127249920,negative,12648,test
12649,570075716861206528,neutral,12649,train
12650,570075101326024704,negative,12650,test
12651,570074976428158976,negative,12651,test
12652,570074886606958592,positive,12652,train
12653,570074601801318400,neutral,12653,train
12654,570073396152676352,negative,12654,test
12655,570072578540347393,neutral,12655,train
12656,570072153607049218,neutral,12656,train
12657,570072031502340096,negative,12657,train
12658,570071877089148928,neutral,12658,train
12659,570070485653786624,negative,12659,train
12660,570070483338731520,negative,12660,train
12661,570070364723814402,negative,12661,train
12662,570070044547403777,negative,12662,validation
12663,570069642976239616,neutral,12663,train
12664,570069345818161152,neutral,12664,validation
12665,570069262586540032,negative,12665,train
12666,570069217879461889,neutral,12666,train
12667,570068649295241216,neutral,12667,train
12668,570068466717237249,negative,12668,test
12669,570068449646346240,neutral,12669,test
12670,570068397544710144,negative,12670,train
12671,570068393736302594,positive,12671,train
12672,570067446712791040,negative,12672,validation
12673,570066231757180928,negative,12673,train
12674,570066226233417728,negative,12674,validation
12675,570065545392861184,negative,12675,train
12676,570065322369101824,negative,12676,train
12677,570064927550889984,negative,12677,train
12678,570064554232688640,negative,12678,train
12679,570064443159089153,negative,12679,train
12680,570064285860171776,negative,12680,train
12681,570064025918115840,negative,12681,validation
12682,570063648468688899,negative,12682,train
12683,570063451143462913,positive,12683,train
12684,570063192581390336,neutral,12684,validation
12685,570063107701272576,negative,12685,train
12686,570062369096908801,negative,12686,train
12687,570061921145065473,negative,12687,train
12689,570060776301424641,negative,12689,train
12690,570060726523584512,negative,12690,train
12691,570060687164067840,negative,12691,train
12692,570060649780400128,negative,12692,train
12693,570059874480091136,negative,12693,validation
12694,570058070224728064,negative,12694,train
12695,570057993770831872,negative,12695,train
12696,570057871058079745,negative,12696,train
12697,570057855358935043,negative,12697,train
12698,570057809037008896,negative,12698,train
12699,570057784114302977,negative,12699,train
12700,570057416718491649,negative,12700,train
12701,570056907634798593,negative,12701,validation
12702,570056289419526145,negative,12702,train
12703,570056002692710400,positive,12703,train
12704,570054549915873280,positive,12704,train
12705,570053952856854528,negative,12705,train
12706,570053168349851648,negative,12706,test
12707,570052723409874947,negative,12707,test
12708,570052545298759680,negative,12708,train
12709,570051874537271296,neutral,12709,validation
12710,570051834188075008,positive,12710,validation
12711,570050754158800896,negative,12711,train
12712,570050635703300096,neutral,12712,train
12713,570050603927392257,negative,12713,train
12714,570049704618299392,negative,12714,train
12715,570048310876119040,negative,12715,train
12716,570047946932101120,negative,12716,train
12717,570047669370036224,negative,12717,test
12718,570046633418891264,negative,12718,train
12719,570046387825410048,neutral,12719,train
12720,570045914347237376,negative,12720,validation
12721,570045645714620417,negative,12721,train
12722,570045585149063168,negative,12722,train
12723,570045461077352448,neutral,12723,train
12724,570044700951838720,positive,12724,validation
12725,570044497330987008,negative,12725,validation
12726,570044332843134976,positive,12726,train
12727,570044138302808064,neutral,871,train
12728,570043591927537664,negative,12728,train
12729,570043390773084160,negative,12729,train
12730,570043199596531712,negative,12730,train
12731,570042981794729985,negative,12731,train
12732,570042963021205504,negative,12732,validation
12733,570042828983820288,neutral,12733,train
12734,570042700835082240,negative,12734,train
12735,570042296357539840,positive,324,train
12736,570042155634450433,negative,12736,train
12737,570042096242917377,negative,12737,train
12738,570041376005443585,negative,12738,validation
12739,570041195113492480,negative,12739,train
12740,570041144488230912,negative,12740,train
12741,570040903735373825,neutral,12741,train
12742,570040802845421568,negative,12742,test
12743,570040750412406784,positive,12743,train
12744,570040411206631424,positive,12744,train
12745,570039635541274625,negative,12745,validation
12746,570038882294607873,negative,12746,test
12747,570038580967383042,negative,12747,train
12748,570038564110467074,negative,12748,train
12749,570038498566283264,neutral,12749,train
12750,570037969819545600,negative,12750,train
12751,570037613899481088,negative,12751,train
12752,570036538488139776,positive,12752,train
12753,570036463729020928,neutral,12753,train
12754,570036327825195008,negative,12754,test
12755,570036187815149570,negative,12755,train
12756,570035338925592577,negative,12756,train
12757,570034368086827008,negative,12757,test
12758,570034112863608832,negative,12758,train
12759,570034025148108800,negative,12759,validation
12760,570033764044304385,positive,12760,train
12762,570033439857979392,negative,12762,train
12763,570033429816999936,negative,12763,train
12764,570033259842801664,negative,12764,train
12765,570033099939184641,positive,12765,train
12766,570033000777457664,neutral,12766,train
12767,570032636657311744,neutral,12767,train
12768,570032541933051904,negative,12768,train
12769,570032010145607680,neutral,12769,train
12770,570031758546063361,negative,12770,validation
12771,570031615130394624,positive,12771,train
12772,570031138913329152,negative,12772,train
12773,570030165788459010,negative,12773,validation
12774,570029599930880000,neutral,12774,train
12775,570029442514333698,negative,12775,test
12776,570028289399525376,negative,12776,train
12777,570028125024706561,negative,12777,train
12778,570028083606122497,positive,12778,train
12779,570027031326535680,negative,12779,test
12780,570026470741032961,negative,12780,train
12781,570025681062633472,neutral,12781,train
12782,570025428095770624,neutral,12782,train
12783,570024324666564610,negative,12783,train
12784,570022265343123456,positive,12784,train
12785,570021871577477120,negative,12785,validation
12786,570021795123699712,negative,12786,validation
12787,570021682569555968,negative,12787,validation
12788,570021599392329728,negative,12788,train
12789,570021329065394176,negative,12789,train
12790,570021225323298816,negative,12790,train
12791,570021054015541248,negative,12791,test
12792,570020117284724737,positive,12792,test
12793,570019099268358144,negative,12793,test
12794,570018532727103489,negative,12794,train
12795,570018285544206337,negative,12795,train
12796,570017905879986176,negative,12796,validation
12797,570017867342725121,negative,12797,train
12798,570017634495787009,negative,12798,test
12799,570017101097934849,negative,12799,train
12800,570016890996666368,positive,12800,validation
12801,570016770708283392,negative,12801,train
12802,570016517829623808,neutral,12802,train
12803,570015876902232064,negative,12803,train
12804,570015527961272321,negative,12804,test
12805,570015432750399488,positive,12805,train
12806,570015279654293505,negative,12806,train
12807,570014637397295104,negative,12807,train
12808,570014602903339008,positive,12808,test
12809,570014299625787392,negative,12809,test
12810,570013289188630529,negative,12810,test
12811,570013116857237505,neutral,12811,test
12812,570011304221667328,negative,12812,train
12813,570011216313131008,negative,12813,train
12814,570010327036735488,negative,12814,validation
12815,570009856851222529,negative,12815,train
12816,570009228867293185,negative,12816,train
12817,570009017625526273,negative,12817,validation
12818,570009008817500160,negative,12818,train
12819,570008958691364864,negative,12819,train
12820,570008661885526016,negative,12820,train
12821,570008179280646146,negative,12821,train
12822,570007852724699136,negative,12822,train
12823,570007830083854338,negative,12823,train
12824,570007324380631040,neutral,12824,validation
12825,570006834674835456,positive,12825,train
12826,570006830405046272,negative,12826,train
12827,570006768681492481,negative,12827,train
12828,570006737190854656,negative,12828,train
12829,570006707935571969,negative,12829,train
12830,570006301968867328,negative,12830,validation
12831,570006028864999424,negative,12831,train
12832,570004771496714241,negative,12832,train
12833,570004519679074304,positive,12833,train
12834,570003289326157824,negative,12834,train
12835,570003144366792704,negative,12835,train
12836,570003097554006016,negative,12836,train
12837,570002971678756865,negative,12837,train
12838,570002805295095808,negative,12838,train
12839,570002679142854656,negative,12839,train
12840,570002432375148544,negative,12840,train
12841,570002269577441280,negative,12841,test
12842,570002236065116160,negative,12842,test
12843,570002186991763457,negative,12843,train
12844,570002083832733696,negative,12844,test
12845,570002051108769792,negative,12845,train
12846,570001483472756736,neutral,12846,train
12847,570001418825949185,negative,12847,train
12848,570001282603229186,negative,12848,train
12849,570001183600812033,neutral,12849,train
12850,570001092206923776,negative,12850,validation
12851,570000805626949633,negative,12851,train
12852,570000777768345600,negative,12852,test
12853,570000126636216320,negative,12853,train
12854,570000101654925312,neutral,12854,train
12855,569999640516370432,negative,12855,train
12856,569999632920674304,negative,12856,train
12857,569999295631527937,negative,12857,train
12858,569999091028983808,negative,12858,validation
12859,569999076143423488,neutral,12859,train
12860,569998992475627521,negative,12860,train
12861,569998668775862272,negative,12861,test
12862,569998120999759872,positive,12862,train
12863,569997655713173504,negative,12863,train
12864,569997258772455424,negative,12864,train
12865,569997215453855744,neutral,12865,validation
12866,569997196298293249,neutral,12866,train
12867,569996776436068354,neutral,12867,train
12868,569996647100346368,negative,12868,train
12869,569996479416438784,negative,12869,test
12870,569995513623408641,negative,12870,train
12871,569995335893848064,neutral,12871,train
12872,569995212296200192,negative,12872,train
12873,569994134997610496,positive,12873,train
12874,569994090147909632,positive,12874,train
12875,569993908324663296,neutral,12875,validation
12876,569993494715977728,negative,12876,test
12877,569993218730934273,negative,12877,validation
12878,569993098023063552,negative,12878,validation
12879,569992886256832512,negative,12879,train
12880,569992815624781824,neutral,12880,train
12881,569992712117747712,negative,12881,validation
12882,569992708447711232,negative,12882,train
12883,569992602025644034,negative,12883,train
12884,569992310563450880,negative,12884,test
12885,569991566087073792,negative,12885,train
12886,569990481452539904,neutral,4595,train
12887,569990229576196098,negative,12887,train
12888,569989697449140224,negative,12888,train
12889,569989598388084736,negative,12889,train
12890,569989551051177984,negative,12890,test
12891,569989330057342977,neutral,12891,train
12892,569989252613689344,negative,12892,train
12893,569988849608364032,neutral,12893,train
12894,569988479540695040,negative,12894,validation
12895,569988207489777664,neutral,12895,train
12896,569988016074149889,negative,12896,train
12897,569987992858836992,negative,12897,train
12898,569986978684362753,negative,12898,train
12899,569986326168268800,neutral,12899,train
12900,569986246648442881,negative,12900,train
12901,569986129820196864,negative,12901,validation
12902,569985685723209730,negative,12902,train
12903,569984380061351936,negative,12903,train
12904,569984339800416256,negative,12904,train
12905,569983967467868161,negative,12905,train
12906,569983854464921601,negative,12906,train
12907,569983373378252800,negative,12907,train
12908,569983093341347842,negative,12908,test
12909,569983030108024833,negative,12909,train
12910,569982323598368768,negative,12910,train
12911,569981968655519744,neutral,12911,train
12912,569981947612676096,positive,12912,train
12913,569981899332059136,negative,12913,train
12914,569981722470834176,negative,12914,train
12915,569981614543007747,neutral,12915,train
12916,569981473060560896,negative,12916,validation
12917,569980963926765568,neutral,12917,test
12918,569980695184957441,negative,12918,validation
12919,569980631548973057,negative,12919,validation
12920,569980365386809344,negative,12920,train
12921,569980358206361601,negative,12921,train
12922,569979612865925120,positive,12922,train
12923,569978804690669569,negative,12923,train
12924,569978315072610304,neutral,12924,train
12925,569978312157589504,negative,12925,train
12926,569978298765344769,negative,12926,validation
12927,569978119530029056,neutral,12927,validation
12928,569977887136342016,negative,12928,validation
12929,569977806320476160,negative,12929,validation
12930,569977585003827200,negative,12930,test
12931,569977521690669056,negative,12931,train
12932,569977357055864832,negative,12932,train
12933,569976751205584896,neutral,12933,validation
12934,569976628220182529,negative,12934,train
12935,569976293573447682,neutral,12935,validation
12936,569976030708047872,positive,12936,train
12937,569975778953142272,negative,12937,validation
12938,569975659730051072,negative,12938,validation
12939,569975650691330048,negative,12939,train
12940,569975294158901248,negative,12940,train
12941,569975287364001792,negative,12941,validation
12942,569975175321653248,negative,12942,train
12943,569975126659342336,negative,12943,train
12944,569975113694760960,positive,12944,validation
12945,569975063094501376,negative,12945,train
12946,569974766393823233,negative,12946,test
12947,569974705811107840,neutral,12947,train
12948,569974668406296577,negative,12948,validation
12949,569974641214644224,neutral,12949,train
12950,569974508435562496,negative,12950,train
12951,569974423903715328,negative,12951,train
12952,569974318463119361,positive,12952,validation
12953,569974287286845441,negative,12953,train
12954,569974234908389376,positive,12954,validation
12955,569973945270546432,negative,12955,train
12956,569973504390639616,negative,12956,validation
12957,569973352837853184,neutral,12957,train
12958,569973337050341376,negative,12958,train
12959,569973278699352064,negative,12959,train
12960,569973105075990528,positive,12960,validation
12961,569973034880098304,negative,12961,train
12962,569972985521532929,negative,12962,train
12963,569972935227674624,negative,12963,train
12964,569972777593262080,negative,12964,train
12965,569972721901277184,negative,12965,train
12966,569972513721229312,negative,12966,validation
12967,569972422130032640,negative,12967,validation
12968,569972047931002880,neutral,12968,train
12969,569971998572589057,negative,12969,test
12970,569971756498329600,positive,12970,test
12971,569971722155208706,negative,12971,train
12972,569971637296082945,negative,12972,test
12973,569971216934526976,negative,12973,train
12974,569970829322260481,negative,12974,test
12975,569970775517741056,neutral,12975,train
12976,569970318305046528,negative,12976,test
12977,569970235392073729,negative,12977,train
12978,569969599711571968,negative,12978,test
12979,569969456190869504,negative,12979,train
12980,569969455171813376,negative,12980,train
12981,569969374875881472,negative,12981,train
12982,569969267589947394,negative,12982,train
12983,569968904409214976,negative,12983,train
12984,569968010431066112,negative,12984,test
12985,569967909155446785,positive,12985,train
12986,569967897600139264,negative,12986,train
12987,569967441591144450,negative,12987,train
12988,569967045544005632,negative,12988,validation
12989,569966826639110147,negative,12989,train
12990,569966496698343424,negative,12990,train
12991,569966076047437824,neutral,12991,train
12992,569966060926947329,neutral,12992,train
12993,569965873752104960,negative,12993,train
12994,569965247093731328,negative,12994,train
12995,569964670531973120,positive,12995,train
12996,569964493066919936,positive,12996,train
12997,569964335038124033,negative,12997,test
12998,569964162979221504,negative,12998,test
12999,569963767066271744,negative,12999,validation
13000,569963701794516992,negative,13000,validation
13001,569962943980285952,negative,13001,train
13002,569962905493315585,negative,13002,train
13003,569962901601005569,neutral,13003,validation
13004,569962686219288576,positive,13004,train
13005,569962494283919360,negative,13005,test
13006,569962134328778752,negative,13006,train
13007,569961680530247681,neutral,13007,train
13008,569961398890991617,negative,13008,train
13009,569961398551379968,negative,13009,train
13010,569961302338072576,positive,13010,train
13011,569961111086362625,negative,13011,train
13012,569960667140235264,neutral,13012,test
13013,569960665827258368,positive,13013,train
13014,569960303514923009,negative,13014,train
13015,569959876706885632,negative,13015,validation
13016,569959631256051712,negative,13016,validation
13017,569959601011068928,negative,13017,train
13018,569959182729785344,negative,13018,train
13019,569958916668305408,negative,13019,train
13020,569958642411122688,negative,13020,train
13021,569958485913243648,negative,13021,train
13022,569958295919730688,neutral,13022,validation
13023,569958232162222082,neutral,13023,train
13024,569958224968982528,negative,13024,train
13025,569957958634770432,negative,13025,train
13026,569957703813976065,negative,13026,validation
13027,569957675548721152,negative,13027,test
13028,569957170369814528,negative,13028,test
13030,569957000752140290,negative,13030,train
13031,569956742122983424,negative,13031,train
13032,569956658199134208,neutral,13032,train
13034,569955742276407297,neutral,13034,validation
13035,569955122819817472,negative,13035,validation
13036,569954275016765440,negative,13036,train
13037,569954220184604672,negative,13037,train
13038,569954199821275136,negative,13038,train
13039,569953628687101954,positive,13039,train
13040,569953475640995840,negative,13040,test
13041,569953006847954944,negative,13041,validation
13042,569952984257294336,positive,13042,validation
13043,569952945028108288,negative,13043,train
13044,569952929756672001,neutral,13044,train
13045,569952639116447745,negative,13045,test
13046,569952247641198593,negative,13046,train
13047,569951896808464384,positive,13047,train
13048,569951566784045058,negative,13048,validation
13049,569951438329085952,negative,13049,validation
13050,569951363670642689,positive,13050,train
13051,569951353205870592,neutral,13051,train
13052,569951222515539968,neutral,13052,validation
13053,569951016033980416,positive,13053,train
13054,569950980638412800,negative,13054,train
13055,569950766485540864,negative,13055,validation
13056,569950724983025665,positive,13056,train
13057,569950555344228352,negative,13057,train
13058,569950510981083136,negative,13058,train
13059,569949946146742272,positive,13059,train
13060,569949655905263616,neutral,13060,train
13061,569949415458213888,neutral,13061,train
13062,569949017674809344,negative,13062,validation
13063,569948991569264640,positive,13063,test
13065,569948646717812736,positive,13065,train
13066,569948645853786113,negative,13066,validation
13067,569948507018129408,negative,13067,train
13068,569948411966976000,neutral,13068,train
13069,569948398545039360,negative,13069,train
13070,569948314948530177,neutral,13070,train
13071,569948241116016641,negative,13071,train
13072,569947414263701505,negative,13072,train
13073,569947324316721152,negative,13073,train
13074,569946742277451776,negative,13074,train
13075,569946475163033600,positive,13075,train
13076,569946012988669954,negative,13076,train
13077,569945910546989057,negative,13077,train
13078,569945018527428608,negative,13078,train
13079,569944807830736896,negative,13079,train
13080,569944699877724160,negative,13080,train
13081,569944355261304833,negative,13081,train
13082,569944281512685570,negative,12026,train
13083,569943700010172416,negative,13083,train
13084,569943022474956802,negative,13084,train
13085,569942287318458369,positive,13085,train
13086,569942226224050176,negative,13086,train
13087,569942200735424512,negative,13087,train
13088,569942094766325762,negative,13088,train
13089,569942084393824256,negative,13089,train
13090,569942011916259330,negative,13090,train
13091,569941858132070400,negative,13091,test
13092,569941647884029952,positive,13092,train
13093,569941389208719360,negative,13093,train
13094,569940980809342976,negative,13094,test
13095,569940935875948544,positive,13095,train
13096,569940889902034944,neutral,13096,test
13097,569940832691752960,neutral,13097,train
13098,569940740454936576,positive,13098,train
13099,569940685757014016,negative,13099,test
13100,569940582572945409,negative,13100,train
13101,569940199842525184,negative,13101,validation
13102,569940147615113216,negative,13102,train
13103,569940075120873472,negative,13103,test
13104,569939736782962688,negative,13104,test
13105,569939391277350912,positive,13105,train
13106,569939156740149249,negative,13106,train
13108,569938844746956800,positive,13108,train
13109,569938485844422656,positive,13109,train
13110,569938319024332801,negative,13110,validation
13111,569937998806011905,negative,13111,train
13112,569937987619803136,negative,13112,test
13113,569937801942310913,negative,13113,train
13114,569937673206534144,positive,13114,train
13115,569937638674829313,negative,13115,validation
13116,569937108095205376,negative,13116,validation
13117,569936893166489600,negative,13117,train
13118,569936251551232000,positive,13118,train
13119,569935980129447936,negative,13119,test
13120,569935692161134592,neutral,13120,train
13121,569935135895883776,negative,13121,validation
13122,569934460617039872,neutral,13122,train
13123,569934458364813313,neutral,13123,validation
13124,569934457215410176,neutral,13124,train
13125,569934371488202752,positive,13125,train
13126,569934354241212417,negative,13126,train
13127,569934205611872256,neutral,13127,validation
13128,569934170819948544,negative,13128,train
13129,569934076641030146,negative,13129,train
13130,569933901944066048,negative,13130,train
13131,569933724743274496,negative,13131,validation
13132,569933646385188864,neutral,13132,validation
13133,569933565321990144,negative,13133,train
13134,569933008217755648,positive,13134,train
13135,569932833709527041,negative,13135,validation
13136,569932363641298944,negative,13136,train
13137,569932216966516736,negative,13137,validation
13138,569931787398303744,positive,13138,train
13139,569931677868273664,negative,13139,train
13140,569931363505315840,negative,13140,train
13141,569931327253966849,negative,13141,train
13142,569930805688053761,negative,13142,train
13144,569930613962072064,negative,13144,validation
13145,569930406591664128,neutral,770,validation
13146,569929944291127296,positive,13146,test
13147,569929677214609408,negative,13147,train
13148,569929141962698752,negative,13148,train
13149,569928501966450689,neutral,13149,train
13150,569927843666366464,negative,13150,train
13152,569927442657386496,negative,13152,train
13153,569927042931814400,negative,13153,test
13154,569926859699437568,negative,13154,train
13155,569926212400709632,negative,13155,train
13156,569925990283145216,neutral,13156,test
13157,569925940224139264,neutral,13157,train
13158,569925680168726529,positive,13158,validation
13159,569925362471211008,negative,13159,train
13160,569925308368883713,negative,13160,train
13161,569925291331735552,negative,13161,train
13162,569925171294953473,positive,13162,train
13163,569924772349538304,neutral,13163,train
13164,569924309902356480,negative,13164,train
13165,569923730614460416,negative,13165,train
13166,569923360982900737,negative,13166,train
13167,569923221341908992,negative,13167,train
13168,569922451913777152,neutral,13168,train
13169,569922437195829248,neutral,13169,train
13170,569922305423495168,negative,13170,train
13171,569921142971969537,negative,13171,train
13172,569921082708389888,negative,13172,train
13173,569921001301024770,negative,13173,test
13174,569920778306584576,negative,13174,train
13175,569920773105840128,negative,13175,validation
13176,569920723038416897,negative,13176,train
13177,569920618843521024,negative,13177,test
13178,569919996568215552,positive,13178,test
13179,569919970446053377,negative,13179,train
13180,569919793572261888,negative,13180,train
13181,569919787888988160,negative,13181,train
13182,569919703054991361,negative,13182,train
13183,569919625640615936,negative,13183,train
13184,569919414948237312,positive,13184,train
13185,569919092540510208,positive,13185,train
13186,569918774788419584,negative,13186,train
13187,569918189909487617,negative,13187,train
13188,569917869296758784,negative,13188,train
13189,569917824078090242,negative,13189,train
13190,569917791228157952,negative,13190,train
13191,569917442455175168,neutral,13191,train
13192,569917319381712896,negative,13192,train
13193,569917183385432064,negative,13193,test
13194,569917117576949760,negative,13194,test
13195,569916664130637825,negative,13195,test
13196,569916606064828416,negative,13196,train
13197,569916590814203904,negative,13197,train
13198,569916323725217793,negative,13198,train
13199,569916061891633153,positive,13199,test
13200,569915992777687041,negative,13200,train
13201,569915972758446080,neutral,13201,train
13202,569915269767757824,negative,13202,train
13203,569915248620150786,neutral,13203,test
13204,569915039114661888,negative,13204,train
13205,569914894868328448,neutral,13205,train
13206,569914848991010816,negative,13206,validation
13207,569914808339836928,negative,13207,train
13208,569914641414905856,negative,13208,validation
13209,569914552382418944,neutral,13209,test
13211,569914468404035584,negative,13211,train
13212,569914141814726657,negative,13212,train
13214,569913796875161600,neutral,13214,train
13215,569913274218622977,negative,13215,validation
13216,569913149505163264,negative,13216,test
13217,569912888866906112,neutral,13217,train
13218,569912835871879168,negative,13218,train
13219,569912753479147521,negative,13219,validation
13220,569912608901373952,negative,13220,validation
13221,569912213068066816,negative,13221,train
13222,569911783596560384,negative,13222,validation
13223,569911608278974465,negative,13223,validation
13224,569911528368926720,negative,13224,train
13225,569911501626028032,neutral,13225,validation
13226,569911344658386944,negative,13226,train
13227,569911255399596032,negative,13227,train
13228,569911005557338113,positive,13228,train
13229,569910943720669184,negative,13229,validation
13230,569910789651496960,negative,13230,train
13231,569910774556004352,negative,13231,train
13232,569910765173362688,positive,13232,validation
13233,569910528279228416,negative,13233,train
13234,569910395667935232,negative,13234,validation
13235,569910053249142785,negative,13235,train
13236,569909945514233857,negative,13236,train
13237,569909908738580481,negative,13237,validation
13238,569909711962640384,neutral,13238,train
13239,569908990118723584,negative,13239,train
13240,569908918421299200,negative,13240,validation
13241,569908722778157056,negative,13241,train
13242,569908067762094080,negative,13242,train
13243,569907965223763970,negative,13243,validation
13244,569907544124219392,positive,13244,train
13245,569907019081228288,negative,13245,train
13246,569906807696551936,positive,13246,train
13247,569906662061944834,neutral,13247,train
13248,569906532277731328,negative,13248,validation
13249,569906446881697793,negative,13249,train
13250,569906183487643648,negative,13250,test
13251,569906117100351493,negative,13251,train
13252,569906035269324800,negative,13252,train
13253,569905765420441600,negative,13253,test
13254,569905298481274880,negative,13254,validation
13255,569905122047758336,negative,13255,train
13256,569905052447592448,negative,13256,test
13257,569903268312125440,negative,13257,train
13258,569903197835407361,negative,13258,test
13260,569903088632352769,negative,13260,train
13261,569903058299199488,negative,13261,test
13262,569903056403505152,negative,13262,validation
13263,569902322718871552,negative,13263,test
13264,569901979151024129,negative,13264,test
13265,569901314026692611,negative,13265,test
13266,569900867324932096,negative,13266,test
13267,569900784965554176,negative,13267,train
13268,569900705852608513,negative,13268,train
13269,569899836063019008,neutral,13269,train
13270,569899646509666304,negative,13270,train
13271,569899522152726529,neutral,13271,train
13272,569898893262983169,neutral,13272,train
13273,569898392647811072,neutral,13273,test
13274,569897809731854337,negative,13274,train
13275,569897748859744257,negative,13275,train
13276,569897733466628097,negative,13276,validation
13277,569897060717105152,negative,13277,test
13278,569897005297709057,negative,13278,train
13279,569896666465087488,negative,13279,train
13280,569896560936374272,positive,13280,train
13281,569896010010353664,negative,13281,train
13282,569895932394917888,negative,13282,train
13283,569895927273517056,negative,13283,train
13284,569895817403768833,negative,13284,train
13285,569895723208040448,negative,13285,train
13286,569895618866315264,negative,13286,train
13287,569895538046296064,negative,13287,validation
13288,569895516139421696,negative,13288,train
13289,569895498527727617,negative,13289,train
13290,569895385851760640,negative,13290,train
13291,569895266670612480,negative,13291,test
13292,569895210777501696,negative,13292,train
13293,569895176631554049,negative,13293,train
13294,569895082402295810,negative,13294,validation
13295,569894969332400128,neutral,13295,train
13296,569894963665707010,negative,13296,validation
13297,569894690566369280,negative,13297,train
13298,569894356393570304,negative,13298,train
13299,569893723091238912,negative,13299,train
13300,569893716711747584,neutral,13300,train
13301,569893516609847297,negative,13301,train
13302,569893140066213888,negative,13302,train
13303,569893064342437888,negative,13303,validation
13304,569892686624198657,negative,13304,train
13305,569892670367256576,positive,13305,train
13306,569892434592669696,neutral,13306,train
13307,569892361691463682,negative,13307,train
13308,569892297329913856,positive,7714,train
13309,569892024708689920,neutral,13309,train
13310,569891937924358145,negative,13310,train
13311,569891790343569408,negative,13311,train
13312,569891568074797056,negative,13312,train
13313,569891440135794688,positive,13313,train
13314,569891369390632961,negative,13314,validation
13315,569891023335387136,negative,13315,train
13316,569890859526823936,negative,13316,test
13317,569890836361580544,negative,13317,validation
13318,569890741666717697,positive,13318,validation
13319,569890715867750400,negative,13319,train
13320,569890695902662657,negative,13320,train
13321,569890651107491840,neutral,13321,train
13322,569890258181070848,neutral,13322,train
13323,569890213570457600,positive,13323,train
13324,569890192338735104,negative,13324,validation
13325,569890109803220993,negative,13325,train
13326,569889964445470721,negative,13326,train
13327,569889833297915904,negative,13327,validation
13328,569889440753172481,negative,13328,train
13329,569889391633518592,negative,13329,train
13330,569888954863890433,neutral,13330,train
13331,569888397205962753,neutral,13331,validation
13332,569887996071297024,negative,13332,train
13333,569887773953527808,negative,13333,test
13334,569887742479486976,negative,13334,validation
13335,569887584861749250,negative,13335,train
13336,569886683501473793,negative,9538,train
13337,569886612538023936,negative,13337,train
13338,569886516505407488,negative,13338,train
13340,569885742526124032,negative,13340,train
13341,569885605401915392,neutral,13341,train
13342,569885201293307905,positive,13342,train
13343,569885018358575104,negative,13343,train
13344,569884943217762304,negative,13344,test
13345,569884756684476416,negative,13345,train
13346,569884754281046016,negative,13346,train
13347,569884644893532161,negative,13347,test
13348,569884462051418112,negative,13348,train
13349,569884438504427520,negative,13349,train
13350,569884285659848704,negative,13350,train
13351,569884033775063040,neutral,13351,train
13352,569883848470859776,neutral,13352,train
13353,569883743223050241,negative,13353,test
13354,569883543536574464,negative,13354,train
13355,569883153231257601,negative,13355,train
13356,569883077289181184,negative,13356,validation
13357,569882830328569856,negative,13357,validation
13358,569882542855352320,neutral,13358,train
13359,569881888892055552,negative,13359,train
13360,569881701247291393,negative,13360,validation
13361,569881463233097728,negative,13361,train
13362,569881453842042880,negative,13362,validation
13363,569881379825164288,negative,13363,train
13364,569881270987186176,negative,13364,train
13365,569881004262989824,negative,13365,train
13366,569880599764140033,neutral,13366,train
13367,569880508181696513,negative,13367,validation
13368,569880482109739009,negative,13368,train
13369,569880374651650048,neutral,13369,train
13370,569880251767123968,positive,13370,train
13371,569880215079428096,neutral,13371,train
13372,569880012230242304,negative,13372,train
13373,569880005729067008,negative,13373,train
13374,569879696093126656,negative,13374,train
13375,569879600907440129,neutral,13375,train
13376,569879234572718080,negative,13376,train
13377,569878990841901056,negative,13377,train
13378,569878631322755072,negative,13378,train
13379,569878584967344128,negative,13379,train
13380,569878537999503360,negative,13380,train
13381,569877540698894336,negative,13381,test
13382,569877301959065600,negative,13382,train
13383,569877197093097472,negative,13383,train
13384,569876837087580161,positive,13384,train
13385,569876741092552704,neutral,13385,train
13386,569876553196285952,negative,13386,validation
13387,569876152036290560,positive,13387,train
13388,569876015834484736,positive,13388,train
13389,569875419412828161,neutral,13389,validation
13390,569875024045314048,negative,13390,train
13391,569874933549027328,negative,13391,validation
13392,569874879794831360,positive,13392,test
13393,569874679973818369,negative,13393,validation
13394,569874098035142656,negative,13394,train
13395,569873993311916032,negative,13395,train
13396,569873418075672576,negative,13396,train
13397,569872921700667392,neutral,13397,train
13398,569872756302422017,neutral,13398,train
13399,569872455377879040,neutral,13399,train
13400,569872132269682688,negative,13400,train
13401,569871979739635712,negative,13401,train
13402,569871411843461121,negative,13402,train
13403,569871364603031553,negative,13403,train
13404,569871068833435648,negative,13404,validation
13405,569870837815205888,negative,13405,train
13406,569870252508635136,negative,13406,train
13407,569870130169163776,negative,13407,validation
13408,569870075316064256,neutral,13408,train
13409,569869892960133120,negative,13409,train
13410,569869884164714498,negative,13410,train
13411,569869514944466945,negative,13411,train
13412,569869506560069633,positive,13412,test
13413,569869374103793664,negative,13413,train
13414,569868638968254467,negative,13414,train
13415,569868478435487744,neutral,13415,validation
13416,569868201720287232,negative,13416,train
13417,569868115481395201,negative,13417,test
13418,569867943888056320,negative,13418,train
13419,569867786572341252,negative,13419,train
13420,569867607341436928,negative,13420,test
13421,569867582070591488,neutral,13421,train
13422,569867363580903424,positive,13422,train
13423,569867211852156928,negative,13423,validation
13424,569867192445083648,negative,13424,train
13425,569866669243265024,positive,13425,train
13426,569866310793826304,negative,13426,train
13427,569866272218836992,neutral,13427,train
13428,569866168527405056,negative,13428,train
13429,569866091998126080,negative,13429,train
13430,569865357625851905,negative,13430,train
13431,569865061855932416,negative,13431,test
13432,569865022031015937,negative,13432,train
13433,569864892695490560,negative,13433,validation
13434,569864878007001088,positive,13434,test
13435,569864863171764224,negative,13435,train
13436,569864791323320320,negative,13436,train
13437,569864778702671874,negative,13437,test
13438,569864689452077058,negative,13438,train
13439,569864610016321536,negative,13439,train
13440,569863871030292481,neutral,13440,validation
13441,569863705841831936,negative,13441,validation
13443,569863229356310528,negative,13443,validation
13444,569863194929471488,negative,13444,train
13445,569862869241765888,negative,13445,train
13446,569862827227402241,positive,13446,validation
13447,569862449559527426,negative,13447,train
13448,569861417689419776,neutral,13448,train
13449,569860677650636801,negative,13449,train
13450,569860221755117568,negative,13450,test
13451,569860103341518849,negative,13451,train
13452,569860082965426176,negative,13452,train
13453,569859218058162176,negative,13453,train
13454,569859036360908801,negative,13454,train
13455,569858655086120961,negative,13455,train
13456,569858330421694465,negative,13456,test
13457,569858278370516992,negative,13457,train
13458,569858012967542786,negative,13458,test
13459,569857805483675648,negative,13459,test
13460,569857475098202113,negative,13460,validation
13461,569857446371438592,negative,13461,test
13462,569857415027564545,neutral,13462,validation
13463,569857209745584129,positive,13463,test
13464,569857157778132993,negative,13464,train
13465,569857128988602368,negative,13465,train
13466,569856784086777856,negative,13466,test
13467,569855866255462401,neutral,13467,test
13468,569855814716039168,negative,13468,train
13469,569855409567207424,negative,13469,train
13470,569855205187190784,negative,13470,validation
13471,569854995958509568,negative,13471,test
13472,569854535608311809,positive,13472,train
13473,569854492126146560,negative,13473,train
13474,569854151531859968,negative,13474,test
13475,569853969469734912,negative,13475,train
13476,569853568200503296,negative,13476,test
13477,569853327359516672,negative,13477,train
13478,569852965315584000,negative,13478,test
13479,569852657327738880,negative,13479,test
13480,569852250488573952,negative,13480,train
13481,569852112605089792,negative,13481,train
13482,569852084536750080,negative,13482,validation
13483,569851972645466112,negative,13483,validation
13484,569851952282112000,negative,13484,train
13485,569851855917830145,negative,13485,test
13486,569851241922207746,negative,13486,train
13487,569850912451072000,negative,13487,train
13488,569850808029859840,positive,13488,train
13489,569850597169598464,negative,13489,train
13490,569850259507154944,negative,13490,train
13491,569850239789568000,negative,13491,train
13492,569850083140882432,negative,13492,train
13493,569849818694037504,negative,13493,train
13494,569849550032101377,positive,13494,train
13495,569848857498161154,positive,13495,validation
13496,569847788986462209,negative,13496,train
13497,569847671822946304,negative,13497,train
13498,569847331064934401,neutral,13498,test
13499,569847223829307392,neutral,13499,validation
13500,569846990076387328,negative,13500,test
13501,569846963350454272,negative,13501,train
13502,569846882291159040,positive,13502,train
13503,569846545715228673,neutral,13503,train
13504,569846356409339906,positive,13504,test
13505,569846302663688192,negative,13505,train
13506,569846045892608001,negative,13506,train
13507,569846023553720321,negative,13507,validation
13508,569845438494457856,negative,13508,train
13509,569845041440677888,negative,13509,test
13510,569844812783996928,negative,13510,train
13511,569844379176853504,negative,13511,validation
13512,569844262461972480,negative,13512,train
13513,569844251426729984,negative,13513,validation
13514,569844044693577728,neutral,13514,test
13515,569844028365275136,negative,13515,train
13516,569843745157451776,negative,13516,train
13517,569843488969371649,negative,13517,validation
13518,569843485911560192,negative,13518,train
13519,569843359029850112,negative,13519,train
13520,569843331930263552,negative,13520,train
13521,569842929860263936,negative,13521,train
13522,569842758967386112,negative,12027,test
13523,569842295387791361,negative,13523,validation
13524,569842067544805376,neutral,13524,train
13525,569841575737499648,positive,13525,train
13526,569841476240166912,negative,13526,test
13527,569841254655270912,negative,13527,train
13528,569841119783202817,negative,13528,train
13529,569840848764059648,negative,13529,train
13530,569839807787958273,negative,13530,validation
13531,569839377104285696,negative,13531,test
13532,569839216512917504,negative,13532,test
13533,569839118093398016,neutral,13533,train
13534,569838878049345536,neutral,13534,train
13535,569838834810093568,negative,13535,validation
13536,569838589879685120,negative,13536,train
13537,569838466697175040,negative,13537,test
13538,569838141273559040,negative,13538,train
13539,569837686367744000,negative,13539,train
13540,569837685428359168,negative,13540,train
13541,569837650984751104,negative,13541,train
13542,569837381261533185,negative,13542,train
13543,569837191540551680,negative,13543,train
13544,569837152332333056,negative,13544,train
13545,569836467876470784,negative,13545,train
13546,569836433931808768,negative,13546,train
13547,569835918955143168,negative,13547,train
13548,569835766416867328,negative,13548,train
13549,569835751275433984,negative,13549,test
13550,569835641514692608,negative,13550,test
13551,569835167944019968,negative,13551,train
13553,569832860795985920,positive,13553,train
13554,569832733226110976,negative,13554,train
13555,569832383991525377,negative,13555,test
13556,569832363527708674,positive,13556,train
13557,569832053241450496,negative,13557,train
13558,569831634817708032,negative,13558,train
13559,569831418412429312,negative,13559,train
13560,569831393682976768,neutral,13560,train
13561,569830532516868097,negative,13561,train
13562,569830322357084160,negative,13562,train
13563,569830069746712576,negative,13563,train
13564,569829960178905089,negative,13564,train
13565,569829233423360000,neutral,6752,train
13566,569828817960869888,neutral,13566,validation
13567,569828681297870848,negative,13567,train
13568,569827699243544576,negative,13568,train
13569,569827608193585152,negative,13569,train
13570,569827602589835265,negative,13570,train
13571,569826633152110592,negative,13571,train
13572,569826452633313280,positive,13572,train
13573,569825634295230466,negative,13573,train
13574,569823770308939776,negative,13574,train
13575,569823600837947392,neutral,13575,train
13576,569822277145133056,positive,13576,train
13577,569822102062309376,negative,13577,train
13578,569821659097477120,negative,13578,validation
13579,569821519116955650,neutral,13579,train
13580,569821309137514496,neutral,13580,train
13581,569821145697890304,negative,13581,train
13582,569820671234060288,negative,13582,train
13583,569820619682009088,neutral,13583,train
13584,569818697113702400,negative,13584,test
13585,569818507891871744,negative,13585,train
13586,569818121302896640,negative,13586,train
13587,569817817522044928,negative,13587,test
13588,569817471940587520,negative,13588,train
13589,569817130801221632,negative,13589,validation
13590,569816739699150849,negative,13590,train
13591,569815545077501952,negative,13591,train
13592,569815422675124225,negative,13592,validation
13593,569814855349346304,positive,13593,train
13594,569811470797676544,negative,13594,train
13595,569811246096064512,negative,13595,test
13596,569811225770479616,negative,13596,train
13597,569810928449003521,negative,13597,train
13598,569806083981758464,positive,13598,train
13599,569806030584057856,positive,13599,train
13600,569805521638662144,negative,13600,train
13601,569805235255783424,negative,13601,train
13602,569804589437812736,negative,13602,train
13603,569804373859020801,negative,13603,train
13604,569803373530128384,negative,13604,train
13605,569803188901031936,negative,13605,train
13606,569802396328534016,negative,13606,train
13607,569802164060557312,negative,13607,train
13608,569801797851697152,negative,13608,train
13609,569801344988680192,negative,13609,train
13610,569801089022734336,neutral,13610,train
13611,569800909942886400,negative,13611,train
13612,569799734774272002,negative,13612,train
13613,569799402119770113,neutral,13613,train
13614,569799325175275520,negative,13614,validation
13615,569799181394538496,neutral,13615,test
13616,569799053690556418,neutral,13616,train
13617,569798946740166656,negative,13617,train
13618,569797440100036608,neutral,13618,validation
13619,569796511409704960,negative,13619,train
13620,569795397448634368,negative,13620,train
13621,569795284764532736,negative,13621,train
13622,569794658479394817,negative,13622,train
13623,569794574966591489,negative,13623,test
13624,569793460414189568,negative,13624,train
13625,569792794711220224,neutral,13625,train
13626,569790444797865984,neutral,13626,train
13627,569790297875599361,negative,13627,train
13628,569789996707803136,negative,13628,train
13629,569789622491820032,negative,13629,train
13630,569788202174713856,negative,13630,train
13631,569788087481409537,negative,13631,train
13632,569787573725491200,negative,13632,train
13633,569787479324299265,negative,13633,train
13634,569787232292245504,negative,13634,test
13635,569786809028255744,negative,13635,train
13636,569786720562110464,negative,13636,train
13637,569786457998680064,negative,13637,train
13638,569786215693742080,negative,13638,train
13639,569784699117137920,negative,13639,validation
13640,569784114309693440,positive,13640,train
13641,569782460000514048,negative,13641,train
13642,569782378270314498,negative,13642,train
13643,569780060523261952,negative,13643,validation
13644,569779719798951936,negative,13644,train
13645,569775795452792833,neutral,13645,train
13646,569774692371820544,neutral,13646,train
13647,569774273851568128,negative,13647,train
13648,569772113378217984,negative,13648,train
13649,569771576528220161,negative,13649,train
13650,569770867841839104,negative,13650,train
13651,569770321563279360,negative,13651,train
13652,569769747019128832,negative,13652,train
13653,569769643864408064,negative,13653,train
13654,569769633995104256,negative,13654,train
13655,569769606761439232,negative,13655,validation
13656,569769525744250880,negative,13656,train
13657,569769214388473857,negative,13657,test
13658,569768294648905728,negative,13658,train
13659,569766964895166465,neutral,13659,train
13660,569766662024630272,negative,13660,train
13661,569766247715319808,negative,13661,test
13662,569766140332937216,negative,13662,train
13663,569764857991467008,negative,13663,test
13664,569764275700375552,negative,13664,train
13665,569763959240200193,neutral,13665,train
13666,569762940816990208,negative,13666,validation
13667,569761641211895808,negative,13667,train
13668,569760118591467520,negative,13668,test
13669,569759892803756032,negative,13669,test
13670,569758473535164416,negative,13670,test
13671,569758106395254784,neutral,13671,train
13672,569757774395023360,negative,13672,train
13673,569757272760397824,positive,13673,train
13674,569757115822157826,negative,13674,test
13675,569755053159874561,negative,13675,test
13676,569754550187352064,negative,13676,train
13677,569754108321607680,negative,13677,train
13678,569753971406999552,negative,13678,train
13679,569753555181006848,negative,13679,validation
13680,569753036014247936,negative,13680,train
13681,569752206343348224,negative,13681,train
13682,569750857215922176,neutral,13682,train
13683,569749507623120897,negative,13683,train
13684,569748937545883648,negative,13684,train
13685,569747411779735552,negative,13685,train
13686,569747280552538112,negative,13686,train
13687,569747170741465088,negative,13687,train
13688,569746542275354625,negative,13688,train
13689,569746288499138560,negative,13689,validation
13690,569745948437569536,negative,13690,train
13691,569745801121009664,negative,13691,train
13692,569745686784315392,negative,13692,validation
13693,569745528382038016,negative,13693,train
13694,569745375713558528,negative,13694,train
13695,569745303794024448,negative,13695,train
13696,569744516715913216,negative,13696,train
13697,569743129928028160,negative,13697,validation
13698,569742995102117888,negative,13698,train
13699,569742876793372672,negative,13699,test
13700,569742312059899904,negative,13700,test
13701,569742305499828224,negative,13701,train
13702,569741854565998593,negative,13702,validation
13703,569741783896367104,neutral,13703,train
13704,569740962760499200,negative,13704,train
13705,569740739912949760,negative,13705,test
13706,569740409787658240,negative,13706,train
13707,569740392372895745,negative,13707,validation
13708,569740152966238208,negative,13708,train
13709,569739695459995648,negative,13709,train
13710,569739515243462656,neutral,13710,validation
13711,569739154600300544,negative,13711,train
13712,569739141635817472,negative,13712,test
13713,569738877969129472,negative,13713,train
13714,569738779931623425,negative,13714,train
13715,569738487269756928,negative,13715,train
13716,569737682466656258,negative,13716,train
13717,569737397350461440,negative,13717,train
13718,569737333827887105,positive,13718,train
13719,569737258191839232,neutral,13719,test
13720,569736870927556608,negative,13720,train
13721,569736283326586880,neutral,13721,train
13722,569735461033213952,negative,13722,train
13723,569734641193586688,negative,13723,train
13724,569734526521511936,neutral,13724,train
13725,569733719256272896,negative,13725,train
13726,569733572606763008,positive,13726,train
13727,569733547843457025,negative,13727,train
13728,569733539899568128,positive,13728,test
13729,569733015896592385,negative,13729,train
13730,569732616376725504,positive,13730,train
13731,569732365968404480,negative,13731,train
13732,569732355067244545,negative,13732,train
13733,569731189214351360,positive,13733,test
13734,569730861593010176,negative,13734,train
13735,569730801480245248,negative,13735,train
13736,569730747675897856,positive,1411,train
13737,569730304111325184,negative,13737,validation
13738,569730123210948608,neutral,13738,train
13739,569729821397291008,negative,13739,train
13740,569729657248985089,negative,13740,train
13741,569729569428627456,positive,13741,test
13742,569728466469453825,negative,13742,train
13743,569728440758181889,negative,13743,train
13744,569728283568418816,neutral,13744,train
13745,569727743450984448,negative,13745,train
13746,569727727881682944,negative,13746,test
13747,569727628766281728,negative,13747,train
13748,569727598130962432,negative,13748,train
13749,569727488131092481,negative,13749,test
13750,569727383797829632,positive,13750,train
13751,569727223990775808,negative,13751,train
13752,569727135717281792,negative,13752,train
13753,569724918016839681,negative,13753,train
13754,569724545738760192,negative,13754,test
13755,569724254473850880,positive,13755,validation
13756,569723864252424193,negative,13756,validation
13757,569723205142880256,positive,13757,train
13758,569721721944735744,negative,13758,train
13759,569721575492194304,negative,13759,test
13760,569721419849797632,negative,13760,train
13761,569721410542645248,neutral,13761,validation
13762,569721379823554562,negative,13762,test
13763,569721039158173697,negative,13763,validation
13764,569720969947848704,negative,13764,validation
13765,569720605383241728,negative,13765,train
13767,569720452987252736,neutral,13767,test
13768,569720366198759424,negative,13768,validation
13769,569720325165830144,neutral,13769,train
13770,569720168160428032,neutral,13770,train
13771,569720084484083712,positive,13771,test
13772,569720008630149120,negative,13772,train
13773,569719978993152000,negative,13773,train
13774,569719693780496384,negative,13774,train
13775,569719540520628224,negative,13775,test
13776,569719449458094080,negative,13776,train
13777,569718904131420161,negative,13777,train
13778,569718802029666305,negative,13778,train
13779,569718651709820930,neutral,13779,train
13780,569718484151750656,negative,13780,train
13781,569718465034096640,negative,13781,validation
13782,569718461217308673,negative,13782,train
13783,569718410944188417,negative,13783,validation
13784,569718285060706304,negative,13784,train
13785,569718162595426304,positive,13785,validation
13786,569717866611630081,positive,13786,train
13787,569717739113320448,negative,13787,train
13788,569717632993263616,negative,13788,train
13789,569717605277130752,negative,13789,train
13790,569717037464838144,positive,13790,train
13791,569716576850731008,neutral,13791,train
13792,569716270184173568,negative,13792,train
13793,569715908664430593,neutral,13793,train
13794,569715860241129472,negative,13794,train
13795,569715802703859712,negative,13795,test
13796,569715539821654017,negative,13796,test
13797,569715419851796482,neutral,13797,train
13798,569715341259104256,neutral,13798,validation
13799,569715074505420802,negative,13799,train
13800,569715065202577408,positive,13800,train
13801,569715059385114624,neutral,13801,train
13802,569714918951391232,neutral,13802,train
13803,569714842405249024,positive,13803,train
13804,569714755109294080,neutral,13804,test
13805,569714439517138944,positive,13805,train
13806,569714383971966976,negative,13806,validation
13807,569714230842302464,negative,13807,train
13808,569714003653431296,neutral,13808,train
13809,569713890138963968,negative,13809,train
13810,569713719124602880,negative,13810,train
13811,569713615047168000,negative,13811,validation
13812,569713244320837633,negative,13812,test
13813,569712291857485824,negative,13813,train
13814,569711923148689408,negative,13814,train
13815,569711436781322241,neutral,13815,train
13816,569711253490409473,negative,13816,validation
13817,569710876682366977,negative,13817,test
13818,569710446112067584,negative,13818,train
13819,569710119216422912,negative,13819,train
13820,569709973963468801,negative,13820,validation
13821,569709793000210432,negative,13821,test
13822,569709666625675264,neutral,13822,train
13823,569709552721141764,negative,13823,validation
13824,569708886518849536,negative,13824,train
13825,569708573762023424,neutral,13825,train
13826,569708269943418880,negative,13826,test
13827,569707409985445889,positive,13827,train
13828,569706873525391360,negative,13828,test
13829,569706809126055936,negative,13829,test
13830,569706793531629570,negative,13830,train
13831,569706754025660417,negative,13831,train
13832,569706627667853312,neutral,13832,train
13833,569705524138090496,neutral,13833,train
13834,569705276481282048,negative,13834,train
13835,569704597922557952,negative,13835,train
13836,569704388106719232,negative,13836,train
13837,569704220472913920,neutral,13837,train
13838,569704219315318784,negative,13838,train
13839,569704164743376896,negative,13839,train
13840,569703866997952512,negative,13840,train
13841,569703802783145984,negative,13841,train
13842,569703641096933377,negative,13842,train
13843,569703616426045441,negative,13843,train
13844,569703417628770304,negative,13844,validation
13845,569703263467126784,negative,13845,train
13846,569702549491752960,negative,13846,validation
13847,569701848476745728,neutral,13847,train
13848,569701794567163905,negative,13848,validation
13849,569701646445326336,neutral,13849,train
13850,569701550039429121,negative,13850,train
13851,569701210120450049,negative,13851,train
13852,569701189199089664,negative,13852,validation
13853,569701122899775488,negative,13853,train
13854,569700953164615681,negative,13854,train
13855,569700922248581121,positive,13855,test
13856,569700785824669696,positive,13856,train
13857,569700696624246785,positive,13857,train
13858,569700635152494592,negative,13858,train
13859,569700397884928000,negative,13859,train
13860,569700252321755137,negative,13860,train
13861,569700244050440192,negative,13861,validation
13862,569700071484338177,negative,13862,train
13863,569699607707398146,negative,13863,train
13864,569699455919726593,negative,12028,train
13865,569699437901000706,negative,13865,train
13866,569699154965827584,negative,13866,train
13867,569699091367665664,negative,13867,train
13868,569698963428925440,negative,13868,validation
13869,569698856037789696,negative,13869,train
13870,569698811708370944,negative,13870,train
13871,569698519742861312,negative,13871,train
13872,569698461911683073,neutral,13872,test
13873,569698217614544897,negative,13873,train
13874,569698145703043072,negative,13874,train
13875,569697809017864193,negative,13875,train
13876,569697735177170945,negative,13876,test
13877,569697701098602497,negative,13877,train
13878,569697188508348416,neutral,13878,test
13879,569696864091697152,negative,13879,train
13880,569696824061235200,positive,13880,train
13881,569696793652371456,negative,13881,train
13882,569696449111461888,positive,13882,train
13883,569696080121569280,negative,13883,train
13884,569696039914971136,positive,3877,validation
13885,569695998894673920,negative,13885,test
13886,569695794598531072,negative,13886,validation
13887,569695357858238464,negative,13887,train
13888,569695286907551745,negative,13888,train
13889,569695048889028608,negative,13889,validation
13890,569694591290646529,neutral,13890,train
13891,569694483769659392,negative,13891,test
13892,569693838329180160,negative,13892,train
13893,569693808914522113,negative,13893,train
13894,569693767831146497,negative,13894,validation
13895,569693713087082497,negative,13895,train
13896,569693664433156096,negative,13896,train
13897,569693592597323776,negative,13897,train
13898,569693551589756928,negative,13898,train
13899,569693300120113152,negative,13899,train
13900,569692982955237377,negative,13900,test
13901,569692788968845312,negative,13901,train
13902,569692664720797696,negative,13902,train
13903,569692610543005697,negative,13903,train
13904,569692299539517441,negative,13904,validation
13905,569692168165527552,negative,13905,train
13906,569692064511692801,negative,13906,train
13907,569692012456181760,negative,13907,train
13908,569691858365915136,negative,13908,train
13909,569691772000931840,negative,13909,validation
13910,569691680661762049,negative,13910,train
13911,569691648579338240,negative,13911,train
13912,569691609404706817,negative,13912,test
13913,569691574625415168,negative,13913,validation
13914,569691533101780992,negative,13914,test
13915,569691521454223361,negative,13915,train
13916,569691389958553600,negative,13916,train
13917,569691155606183937,negative,13917,validation
13918,569691100090273792,negative,13918,train
13919,569691079471050752,negative,13919,train
13920,569691049116839936,negative,13920,train
13921,569690711026573312,negative,13921,test
13922,569690693888663552,negative,13922,train
13923,569690664029462529,negative,13923,train
13924,569690603547697152,negative,13924,train
13925,569690433996984320,negative,13925,train
13926,569690347183480832,negative,13926,train
13927,569690272830922752,negative,13927,train
13928,569690252450799616,neutral,13928,train
13929,569690131235340288,negative,13929,test
13930,569689983969202180,negative,13930,train
13931,569689826221363201,negative,13931,test
13932,569689784517402625,negative,13932,train
13933,569689370988408832,negative,13933,train
13934,569689239136423936,negative,13934,train
13935,569689221658775553,positive,13935,train
13936,569688901922615296,negative,13936,train
13937,569688822486847488,negative,13937,test
13938,569688822180503552,negative,13938,train
13939,569688698301784064,negative,13939,train
13940,569688669100994561,negative,13940,validation
13941,569688392553799680,negative,13941,test
13942,569688317412970496,positive,13942,train
13943,569688245019111425,negative,13943,validation
13944,569688233002401792,neutral,13944,train
13945,569688201222160385,negative,13945,train
13946,569688050386620416,neutral,13946,validation
13947,569687606901940226,negative,13947,train
13948,569687399426617344,negative,13948,test
13949,569687343403106304,negative,13949,train
13950,569687291007881216,negative,13950,train
13951,569687163136315392,neutral,13951,train
13952,569687056542244864,negative,13952,validation
13953,569686478046887937,negative,13953,validation
13954,569686415665025024,negative,13954,test
13955,569686401735745536,negative,13955,train
13956,569686397789057024,neutral,13956,validation
13957,569686372124102656,neutral,13957,train
13958,569686237478572032,negative,13958,train
13959,569686145275072512,negative,13959,train
13960,569685890349404160,negative,13960,validation
13961,569685644449964032,negative,13961,train
13962,569685261518376960,positive,13962,train
13963,569685165565308928,positive,13963,train
13964,569684864141824000,negative,13964,train
13965,569684820604817408,positive,13965,train
13966,569684565838553088,negative,13966,train
13967,569684433218875392,negative,13967,train
13968,569684298107740160,neutral,13968,train
13969,569683974748033026,negative,13969,train
13970,569683921908195328,neutral,13970,train
13971,569683872046194688,neutral,13971,train
13972,569683866908286976,negative,13972,train
13973,569683804857745409,positive,13973,validation
13974,569683456990580736,negative,13974,test
13975,569683397657767937,neutral,13975,train
13976,569683183161233408,negative,13976,validation
13977,569683041578192896,positive,13977,train
13978,569682961345470465,neutral,13978,validation
13979,569682818306953216,negative,13979,train
13980,569682667362344960,negative,13980,test
13981,569682097125896192,neutral,13981,train
13982,569682062787149824,neutral,13982,validation
13983,569682010270101504,negative,13983,validation
13984,569681863939371008,negative,13984,train
13985,569681786860654592,negative,13985,train
13986,569681774307123200,negative,13986,train
13987,569681251734409216,negative,13987,test
13988,569680920162258945,neutral,13988,validation
13989,569680835894497280,negative,13989,test
13990,569680818228084736,negative,13990,validation
13991,569680659288969218,negative,13991,validation
13992,569680508088688641,negative,13992,train
13993,569680398185312256,positive,13993,train
13994,569680242194980864,negative,13994,train
13995,569680231012773888,negative,12029,train
13996,569679759250038784,negative,13996,train
13997,569679296572170240,neutral,13997,train
13998,569679274535362561,negative,13998,train
13999,569679254495100928,negative,13999,train
14000,569679210454724609,positive,14000,train
14001,569678905344270336,positive,14001,train
14002,569678749056294913,negative,14002,train
14003,569678620878376960,negative,14003,train
14004,569678544869199872,negative,14004,train
14005,569678456478404608,negative,14005,test
14006,569678397158268929,negative,14006,train
14007,569678349846450177,neutral,14007,train
14008,569678154152828928,negative,14008,train
14009,569678153783877634,negative,14009,validation
14010,569678065422311424,neutral,14010,train
14011,569677848983801856,neutral,14011,train
14012,569677660890116096,negative,14012,train
14013,569677591055106048,negative,14013,train
14014,569677563334942720,negative,14014,train
14015,569677513539981313,negative,14015,train
14016,569677478077136897,negative,14016,train
14017,569677287551049729,neutral,14017,test
14018,569676866824642561,negative,14018,train
14019,569676702030262272,negative,14019,train
14020,569676640692752385,neutral,14020,validation
14021,569676450552537088,neutral,14021,train
14022,569676336635236352,positive,14022,test
14023,569676333766328320,negative,14023,train
14024,569676317144133632,negative,14024,train
14025,569676304154554368,positive,14025,train
14026,569676250312249344,negative,14026,test
14027,569676227981791232,negative,14027,train
14028,569676217432977408,negative,14028,validation
14029,569675979284721665,negative,14029,train
14030,569675799122591746,negative,14030,validation
14031,569675774627848192,negative,14031,train
14032,569675637365071872,neutral,14032,validation
14033,569675608969465856,negative,14033,test
14034,569675530792013824,negative,14034,validation
14035,569675527662874624,neutral,14035,train
14036,569675481857064960,negative,14036,train
14037,569675178227081216,negative,14037,train
14038,569674883099205632,negative,14038,train
14039,569674812781694976,negative,14039,train
14040,569674725623926784,negative,14040,train
14041,569674597479677952,negative,14041,train
14042,569674565074481152,negative,14042,train
14043,569674298924900352,negative,14043,train
14044,569674294411669504,negative,14044,train
14045,569674237079744512,negative,14045,train
14046,569674205920411648,negative,14046,test
14047,569673981164277760,neutral,1540,validation
14048,569673900805783552,negative,14048,train
14049,569673773567381505,negative,14049,validation
14050,569673764562010112,negative,14050,train
14051,569673758501412865,negative,14051,train
14052,569673709520158720,neutral,1541,train
14053,569673582609088512,negative,14053,validation
14054,569673434721951744,negative,14054,validation
14055,569673346864037888,negative,14055,test
14056,569673275183386625,negative,14056,train
14057,569673044802854912,negative,14057,test
14058,569672974657146880,negative,14058,validation
14059,569672930851844096,negative,14059,train
14060,569672905270800385,negative,14060,train
14061,569672807715463168,negative,14061,test
14062,569672361890295808,positive,14062,train
14063,569672329321701376,negative,14063,train
14064,569672292919173120,negative,14064,test
14065,569672021078114304,negative,14065,train
14066,569672003403313154,neutral,14066,train
14067,569671659394699265,negative,14067,train
14068,569671368788172800,negative,14068,train
14069,569671290111393792,negative,14069,train
14070,569671087820111872,positive,14070,train
14071,569671053594591232,negative,14071,train
14072,569670802867556352,negative,14072,train
14073,569670634718023680,positive,14073,test
14074,569670589646032896,negative,14074,train
14075,569670559300239360,neutral,14075,train
14076,569670523765960704,positive,14076,train
14077,569670354030989313,negative,14077,train
14078,569670286418841603,positive,14078,train
14079,569670155132907520,neutral,14079,validation
14080,569670147893383168,negative,14080,train
14081,569669795559432192,negative,14081,train
14082,569669669948424192,neutral,14082,train
14083,569669603443519490,negative,14083,validation
14084,569669381128654848,negative,14084,train
14085,569669174731153408,neutral,14085,train
14086,569669062206332929,negative,14086,validation
14087,569668652045369344,positive,14087,train
14088,569668644529147904,negative,14088,train
14089,569668637369491458,neutral,14089,validation
14090,569668455202484224,negative,14090,train
14091,569668448718073856,neutral,14091,test
14092,569667918557900800,negative,14092,train
14093,569667782910058496,neutral,14093,train
14094,569667675603009537,negative,14094,validation
14095,569667517146222592,neutral,14095,train
14096,569667378457391106,negative,14096,validation
14097,569666885035409408,negative,14097,train
14098,569666866932813824,neutral,14098,train
14099,569666814017294339,neutral,14099,train
14100,569666689589231616,negative,14100,train
14101,569666687253008384,negative,14101,test
14102,569666244317618177,negative,14102,validation
14103,569666226974294016,negative,14103,train
14104,569666202634743808,positive,14104,train
14105,569666042672369665,negative,14105,train
14106,569665983113080832,negative,14106,train
14107,569665738165891073,negative,14107,test
14108,569665707870285824,negative,14108,test
14109,569665295381614594,negative,14109,train
14110,569665260375793664,negative,14110,train
14111,569665225940709376,positive,14111,validation
14112,569665193266909184,negative,14112,train
14113,569664965658972160,neutral,14113,test
14114,569664878434254848,negative,14114,train
14115,569664828911919104,negative,14115,validation
14116,569664787946164224,negative,14116,test
14117,569664668010225664,negative,14117,test
14118,569664514142183424,negative,14118,train
14119,569664330163200000,negative,14119,train
14120,569664265218600960,negative,14120,validation
14121,569664261678600192,neutral,14121,train
14122,569664191574859777,negative,14122,train
14123,569664087740715008,negative,14123,train
14124,569664077049384961,negative,14124,train
14125,569664007864492032,negative,14125,train
14126,569663928701038592,negative,14126,train
14127,569663851928485888,neutral,14127,train
14128,569663735217971200,negative,14128,train
14129,569663701017624576,negative,14129,validation
14130,569663687948181504,negative,14130,train
14131,569663577226915840,negative,14131,test
14132,569663351124422656,negative,14132,test
14133,569663325383979008,positive,14133,test
14134,569662896344592385,positive,14134,train
14135,569662471213948928,negative,14135,train
14136,569662418898579456,negative,14136,validation
14137,569662221099384832,negative,14137,test
14138,569662145886957568,negative,14138,train
14139,569662113989439488,negative,14139,test
14140,569661937203572738,negative,14140,train
14141,569661901468270592,negative,14141,train
14142,569661852235509762,negative,14142,train
14143,569661761449791488,negative,14143,train
14144,569661662648610816,negative,14144,train
14145,569661649138941952,negative,14145,train
14146,569661596898709504,negative,14146,validation
14147,569661509988708352,negative,14147,train
14148,569661464509861888,negative,14148,train
14149,569661321744134144,negative,14149,test
14150,569661233923629056,negative,14150,test
14151,569660666014859264,negative,14151,train
14152,569660648738697216,negative,14152,validation
14153,569660558112239616,negative,14153,test
14154,569660501526859776,negative,14154,train
14155,569660442408321024,negative,14155,train
14156,569660363794468864,negative,14156,train
14157,569660166959865856,negative,14157,validation
14158,569660164149800960,negative,14158,validation
14159,569660029093203968,negative,14159,train
14160,569659956384788480,negative,14160,train
14161,569659668412407808,negative,14161,train
14162,569659620517662721,negative,14162,train
14163,569659617699074048,negative,14163,train
14164,569659599709704192,positive,14164,train
14165,569659556869120000,negative,14165,train
14166,569659515706028033,negative,14166,train
14167,569659367001186304,neutral,14167,train
14168,569659364530728961,negative,14168,test
14169,569659317458243584,negative,14169,train
14170,569659230929555456,negative,14170,train
14171,569659173044129792,negative,14171,train
14172,569659162281377794,negative,14172,train
14173,569658953828732928,negative,14173,train
14174,569658878939410432,neutral,14174,train
14175,569658725016809472,negative,14175,train
14176,569658686999818241,negative,14176,train
14177,569658340147646464,neutral,14177,test
14178,569658322413965312,negative,14178,train
14179,569658243871608832,negative,14179,validation
14180,569658153115250689,negative,14180,train
14181,569658152741957634,neutral,14181,train
14182,569657850856919041,negative,14182,train
14183,569657763069952001,neutral,14183,train
14184,569657618576355328,negative,14184,train
14185,569657523944366080,negative,14185,train
14186,569657504273027073,negative,14186,train
14187,569657264262533120,negative,14187,train
14188,569657112109965312,negative,14188,train
14189,569656873315487746,negative,14189,train
14190,569656858400694272,neutral,14190,train
14191,569656756764217345,negative,14191,test
14192,569656727995600896,negative,14192,validation
14193,569656281885077505,neutral,14193,validation
14194,569656230769262592,positive,14194,train
14195,569655861297049600,negative,14195,train
14196,569655392931876864,neutral,14196,validation
14197,569655339135725568,neutral,14197,validation
14198,569655141890170880,positive,14198,validation
14199,569655113477988352,neutral,14199,test
14200,569655012915322880,negative,14200,test
14201,569654988877668354,negative,14201,train
14202,569654735592140800,negative,14202,validation
14203,569654562031685632,negative,14203,train
14204,569654393898864640,negative,14204,train
14205,569654332246904832,negative,14205,test
14206,569654204375175169,negative,14206,train
14207,569654198901608448,negative,14207,test
14208,569654178789724160,negative,14208,validation
14209,569654047151562752,negative,14209,train
14210,569653752279531521,negative,14210,train
14211,569653423836045312,negative,14211,train
14212,569652564544761856,negative,14212,train
14213,569652510950100992,negative,14213,test
14214,569652478020489216,negative,14214,train
14215,569652313813430273,negative,14215,test
14216,569651818453708800,negative,14216,train
14217,569651816197169153,negative,14217,train
14218,569651579307069440,negative,14218,train
14219,569651504753332225,negative,14219,train
14220,569651366018166784,negative,14220,train
14221,569651357491326976,negative,14221,train
14222,569651320736522240,negative,14222,train
14223,569651226280751105,negative,14223,test
14224,569651129136459776,negative,14224,validation
14225,569651021175267332,negative,14225,train
14226,569650859371405312,negative,14226,train
14227,569650813070483457,negative,14227,train
14228,569650542995116033,negative,14228,train
14229,569650276380110848,negative,14229,train
14230,569650273091584000,neutral,14230,validation
14231,569650182331084801,negative,14231,train
14232,569649747213987841,negative,14232,test
14233,569649712996823041,negative,14233,train
14234,569649508113625089,negative,14234,test
14235,569649222963871744,negative,14235,train
14236,569649152696516608,positive,14236,train
14237,569648849494675456,neutral,14237,validation
14238,569648713980715010,negative,14238,train
14239,569648102669471744,negative,14239,test
14240,569647825299963904,neutral,14240,validation
14241,569647618932002816,positive,14241,validation
14242,569647146712113152,negative,14242,train
14243,569646934031343619,negative,14243,test
14244,569646854402486272,negative,14244,train
14245,569646827567501312,positive,14245,train
14246,569646613183885312,negative,14246,test
14247,569646601398067200,negative,14247,test
14248,569646347705561088,negative,14248,train
14249,569646280214847488,negative,14249,train
14250,569646230264885249,neutral,14250,validation
14251,569646144805953536,negative,14251,validation
14252,569645815268044801,negative,14252,train
14253,569645783974195202,negative,14253,train
14254,569645502729457666,neutral,14254,train
14255,569645350379757568,negative,14255,train
14256,569645294708609025,negative,14256,train
14257,569645082414080000,negative,14257,train
14258,569644902637813761,negative,9841,train
14259,569644759024852992,neutral,14259,validation
14260,569644716343455744,negative,14260,validation
14261,569644637343711232,positive,14261,train
14262,569644495517589504,negative,14262,validation
14263,569644335014092800,negative,14263,train
14264,569644332573007873,negative,14264,test
14265,569644168584105984,negative,14265,train
14266,569644070470963201,negative,14266,train
14267,569644041857421312,negative,14267,train
14268,569643921543958530,neutral,14268,validation
14269,569643614113918976,negative,14269,train
14270,569643388611330048,negative,14270,train
14271,569643354557796353,negative,14271,train
14272,569643344462262274,negative,14272,validation
14273,569643301332258817,negative,14273,train
14274,569643210785497088,negative,14274,train
14275,569643184067727361,neutral,14275,train
14276,569642989515112448,negative,14276,train
14277,569642766407483392,neutral,14277,train
14278,569642757767081984,positive,14278,test
14279,569642742852268032,negative,14279,train
14280,569642306640306176,neutral,14280,train
14281,569642267385798657,positive,14281,test
14282,569642200595898368,negative,14282,train
14283,569642145977479169,negative,14283,test
14284,569641915114659840,negative,14284,train
14285,569641880276893697,positive,14285,test
14286,569641841454239744,negative,14286,train
14287,569641810571763712,negative,14287,train
14288,569641785347059712,negative,14288,train
14289,569641693726842880,neutral,14289,train
14290,569641676244791296,negative,14290,train
14291,569641587766009856,negative,14291,train
14292,569641551116177409,positive,14292,train
14293,569641343439360000,negative,14293,train
14294,569641336652967937,neutral,14294,validation
14295,569641259826061312,negative,14295,train
14296,569641247075213312,negative,14296,train
14297,569640847119163394,positive,14297,train
14298,569640139288412160,negative,14298,train
14299,569640038302134273,negative,14299,test
14300,569639972615135232,negative,14300,test
14301,569639923080404994,negative,14301,validation
14302,569639607639285761,negative,14302,train
14303,569639529805688832,negative,14303,train
14304,569638919131627522,negative,14304,validation
14305,569638585571221504,negative,14305,train
14306,569638503199285248,negative,14306,train
14307,569638470538301442,negative,14307,train
14308,569638441803075585,neutral,14308,train
14309,569638240233390081,negative,14309,validation
14310,569637593278779392,negative,14310,train
14311,569636885863251969,negative,14311,train
14312,569636551321194497,positive,14312,test
14313,569636447956930561,negative,14313,test
14314,569636064035348480,negative,14314,train
14315,569636003473793024,negative,14315,train
14316,569635939422593024,negative,14316,train
14317,569635382834421761,negative,14317,train
14318,569635291490693120,positive,14318,train
14319,569634918973751297,negative,14319,validation
14320,569634828641034240,negative,14320,train
14321,569634454924357632,negative,14321,train
14322,569634077571051521,positive,14322,validation
14323,569633689665216512,negative,14323,test
14324,569633482915209216,negative,14324,train
14325,569633282855301120,positive,14325,train
14326,569633221748637696,negative,14326,train
14327,569632660831625216,negative,14327,train
14328,569632618460753921,negative,14328,validation
14329,569632584424153088,negative,14329,test
14330,569632024434057216,negative,14330,test
14331,569631973859139584,negative,14331,train
14332,569631860885577729,negative,14332,validation
14333,569631847547867136,negative,14333,train
14334,569631824101683200,negative,14334,validation
14335,569631775766368256,negative,14335,train
14336,569631742631354369,positive,14336,validation
14337,569631648674766848,negative,14337,train
14338,569631575819710464,negative,14338,train
14339,569631567032627200,negative,14339,train
14340,569631404306210816,negative,14340,test
14341,569631377865515008,negative,14341,validation
14342,569631375487139841,negative,14342,train
14343,569631293429821440,negative,14343,train
14344,569631041603788800,negative,14344,validation
14345,569630885450002432,negative,14345,train
14346,569630715698151424,negative,14346,train
14347,569630593924911104,negative,14347,test
14348,569630266664325120,neutral,14348,train
14349,569630229636853761,negative,14349,train
14350,569630106940895233,negative,14350,train
14351,569629822789365761,negative,14351,validation
14352,569629305023569922,negative,14352,validation
14353,569629215869382656,negative,14353,test
14354,569629100114989056,negative,14354,train
14355,569628494214225922,negative,14355,train
14356,569628431236911104,negative,14356,train
14357,569628323443318785,negative,14357,train
14358,569627839374467072,negative,14358,train
14359,569627784626229248,negative,14359,train
14360,569627770613063680,positive,14360,train
14361,569627744021184513,negative,14361,train
14362,569627485240844288,negative,14362,train
14363,569627200133197824,positive,14363,train
14364,569627123150778368,negative,14364,train
14365,569626951733932032,negative,14365,train
14366,569626796385116160,negative,14366,train
14367,569626787875053568,negative,14367,validation
14368,569626703959494656,negative,14368,train
14369,569626673034850304,negative,14369,train
14370,569626388610859008,negative,14370,train
14371,569626174617485313,negative,14371,test
14372,569625607476158465,negative,14372,train
14373,569625456816709633,negative,14373,train
14374,569625356942098432,positive,14374,train
14375,569625210070175744,negative,14375,train
14376,569624948190261249,negative,14376,train
14377,569624865558245376,negative,14377,test
14378,569624713414250496,negative,14378,train
14379,569624299788750848,neutral,14379,train
14380,569623961224351744,neutral,14380,train
14381,569623852403306496,negative,14381,train
14382,569623849752358912,positive,14382,train
14383,569623364337168384,positive,14383,train
14384,569623164143185920,negative,14384,train
14385,569622656770646016,negative,14385,train
14386,569622568459636736,negative,12030,test
14387,569622366768078848,negative,14387,train
14388,569622243526909952,negative,14388,train
14389,569622208588468224,negative,14389,train
14390,569621976131772416,negative,14390,train
14391,569621883282280448,positive,14391,train
14392,569621879633391616,negative,12031,train
14393,569621852718411776,negative,14393,train
14394,569621808963395585,negative,14394,train
14395,569621583737835520,negative,14395,train
14396,569621527911485440,negative,14396,validation
14397,569621367806664705,negative,14397,test
14398,569621332863754240,negative,14398,train
14399,569621228048089088,negative,14399,validation
14400,569621173811736576,negative,14400,train
14401,569620850820956160,negative,14401,train
14402,569620782566875136,negative,14402,train
14403,569620643810926592,neutral,14403,train
14404,569620597543739392,negative,14404,train
14405,569620512139145216,negative,14405,validation
14406,569620494724366336,negative,14406,train
14407,569620452043317249,negative,14407,train
14408,569620440613826561,negative,14408,train
14409,569620433869217792,negative,14409,train
14410,569620202045841408,negative,14410,train
14411,569620169971998721,negative,14411,validation
14412,569620123096494080,negative,14412,validation
14413,569620017840398337,negative,14413,train
14414,569619752399667200,neutral,14414,test
14415,569619330012463104,positive,14415,test
14416,569619246520479745,negative,14416,validation
14417,569618972535959552,negative,14417,test
14418,569618884577218560,negative,14418,train
14419,569618659917893632,negative,14419,train
14420,569618371148443649,negative,14420,train
14421,569618327078887424,negative,14421,train
14422,569618210699513856,negative,14422,train
14423,569618056605016064,positive,14423,validation
14424,569617894666997761,negative,14424,test
14425,569617887637348352,negative,14425,validation
14426,569617808885096448,negative,14426,train
14427,569617807916322817,negative,14427,test
14428,569617089155211265,neutral,14428,train
14429,569616934225846273,negative,14429,train
14430,569616839761743872,positive,14430,train
14431,569616699604934656,negative,14431,test
14432,569616586178301952,negative,14432,test
14433,569616573905936384,negative,14433,train
14434,569616554922418177,negative,14434,train
14435,569616362223628289,negative,14435,train
14436,569616335488966656,negative,14436,validation
14437,569616283706077184,negative,14437,train
14438,569616208804380672,neutral,14438,validation
14439,569616120866476032,neutral,14439,train
14440,569616019708182529,negative,14440,train
14441,569615983205347329,neutral,14441,train
14442,569615855505387520,negative,14442,train
14443,569615540089700353,neutral,14443,train
14444,569615514928074752,negative,14444,train
14445,569615444300185600,negative,14445,train
14446,569615410720432128,negative,14446,train
14447,569615290956259328,negative,14447,train
14448,569615100006440960,negative,14448,validation
14449,569615004489494528,neutral,14449,train
14450,569614917826965504,negative,14450,train
14451,569614088390578176,negative,14451,train
14452,569614085807067136,negative,14452,train
14453,569613661045690368,negative,14453,train
14454,569613611510960128,neutral,14454,train
14455,569613601918492672,neutral,14455,train
14456,569613537158373376,negative,14456,test
14457,569613523648532480,negative,14457,train
14458,569613473845542912,negative,14458,train
14459,569613265631780865,negative,14459,test
14460,569612947833671680,negative,14460,validation
14461,569612307363266560,negative,14461,train
14462,569612280989495296,negative,14462,test
14463,569612035585155073,negative,14463,test
14464,569612028492570624,neutral,14464,validation
14465,569611735696580611,negative,14465,train
14466,569611721054162945,negative,14466,train
14467,569611581920808960,negative,14467,test
14468,569611482234687488,positive,14468,train
14469,569611259357863936,neutral,14469,train
14470,569611217301450752,negative,14470,train
14471,569611065820110848,negative,14471,train
14472,569610871934205954,negative,14472,train
14473,569610485101768704,negative,14473,train
14474,569609970007674881,negative,14474,train
14475,569609887388270592,negative,14475,train
14476,569609699152273409,negative,14476,train
14477,569609590171676675,negative,14477,train
14478,569609396461936640,positive,14478,train
14479,569609326253502465,negative,14479,train
14480,569609163824713729,neutral,14480,train
14481,569608733321498627,positive,14481,train
14482,569608570066436096,negative,14482,train
14483,569608446586200064,negative,14483,train
14484,569608307184242688,negative,14484,test
14485,569608282442047488,negative,14485,train
14486,569608265623064576,negative,14486,train
14487,569608257607737344,negative,14487,train
14488,569608190410809344,negative,14488,train
14489,569607918569410560,negative,14489,train
14490,569607706358779904,positive,14490,train
14491,569607661655715841,negative,14491,train
14492,569607509167595520,negative,14492,train
14493,569607321908862977,negative,14493,validation
14494,569607124772196352,negative,14494,train
14495,569606926234824704,negative,14495,train
14496,569606513859305473,negative,14496,train
14497,569606467646578688,negative,14497,validation
14498,569606374591746050,negative,14498,train
14499,569606248095576064,negative,14499,train
14500,569606226880929792,negative,14500,train
14501,569606135960858624,neutral,14501,train
14502,569606093393010688,neutral,14502,train
14503,569605935280336896,negative,14503,train
14504,569605930146353152,negative,14504,train
14505,569605928636407808,neutral,14505,test
14506,569605877512024064,negative,14506,train
14507,569605699308818432,negative,14507,train
14508,569605602961281024,negative,14508,train
14509,569605452230754305,negative,14509,train
14510,569605359406485504,negative,14510,train
14511,569605022197153792,positive,14511,train
14512,569604994825105408,negative,14512,validation
14513,569604909571678208,negative,14513,validation
14514,569604904689340416,negative,14514,train
14515,569604777962643457,negative,14515,train
14516,569604674715693057,negative,14516,train
14517,569604659712811009,negative,14517,train
14518,569604466757865472,negative,14518,test
14519,569604453462110208,negative,14519,train
14520,569604425238454273,negative,14520,train
14521,569604400479649792,neutral,14521,train
14522,569604354703020032,negative,14522,validation
14523,569604330229092352,negative,14523,train
14524,569604328153083904,negative,14524,train
14525,569604243226652672,negative,14525,train
14526,569604176960827392,negative,14526,train
14527,569604173236477952,negative,14527,validation
14528,569604083507556353,negative,14528,train
14530,569603962233622528,positive,14530,train
14531,569603590349848576,negative,14531,train
14532,569603156927246336,negative,14532,train
14533,569603127223066624,negative,14533,train
14534,569602798867881985,negative,14534,train
14535,569602682505138176,negative,14535,train
14536,569602563261276160,negative,14536,train
14537,569602295224246272,negative,14537,train
14538,569602069335838720,negative,14538,validation
14539,569602057285574656,negative,14539,train
14540,569601934853873664,negative,14540,train
14541,569601869598867456,positive,14541,train
14542,569601519663906819,negative,14542,train
14543,569601363799359488,negative,12032,train
14544,569601354118905859,negative,14512,validation
14545,569601337882755073,neutral,14545,train
14546,569601332040089600,neutral,14546,train
14547,569601094239825920,positive,14547,train
14548,569600985007558656,positive,14548,train
14549,569600927394631680,negative,14549,train
14550,569600780048560128,negative,14550,train
14551,569600694388445184,negative,14551,train
14552,569600599588630529,neutral,14552,validation
14553,569600462661554177,negative,14553,train
14554,569600295833116672,negative,14554,train
14555,569600291290656768,negative,14555,train
14556,569600137296633856,positive,12033,train
14557,569599978722746368,negative,14557,validation
14558,569599379893575680,negative,14558,train
14559,569599312671301633,negative,14559,train
14560,569599269189107712,negative,14560,train
14561,569599116403036160,negative,14561,train
14562,569598991463268352,negative,14562,train
14563,569598942821744640,negative,14563,validation
14564,569598671420919808,negative,14564,test
14565,569598544379817984,neutral,14565,test
14566,569598406181695488,negative,14566,train
14567,569598314825555968,negative,14567,train
14568,569598155999674368,negative,14568,train
14569,569597962659110913,neutral,14569,test
14570,569597885446270976,negative,14570,train
14571,569597742693154816,negative,14571,validation
14572,569597666025345024,negative,14572,test
14573,569597220871282690,negative,14573,validation
14574,569597072350978048,negative,14574,train
14575,569596793941401601,negative,14575,validation
14576,569596652622721024,negative,14576,validation
14577,569596515510956032,negative,14577,test
14578,569596502558920707,negative,14578,test
14579,569596420761604096,negative,14579,test
14580,569596325076955137,negative,14580,train
14581,569596156927303681,negative,14581,train
14582,569595899204255745,negative,14582,validation
14583,569595791355981825,negative,14583,train
14584,569595643087486976,neutral,14584,train
14585,569595595754639360,negative,14585,validation
14586,569595399557685248,negative,14586,test
14587,569595333899997185,negative,14587,train
14588,569595309279440896,neutral,14588,train
14589,569594855556452352,negative,14589,train
14590,569594712337854464,positive,14590,train
14591,569594402114392064,negative,14591,train
14592,569594123222585344,negative,14592,train
14593,569594026732740609,negative,14593,validation
14594,569593810390425600,negative,14594,train
14595,569593694963310593,negative,14595,train
14596,569593346223579137,negative,14596,test
14597,569593278636675072,negative,14597,validation
14598,569593050235736064,neutral,14598,train
14599,569593045777321985,negative,14599,train
14600,569592981742878721,neutral,14600,train
14601,569592830307508224,negative,14601,train
14602,569592778872606720,neutral,14602,test
14603,569592674400907264,negative,14603,train
14604,569592590632247297,negative,14604,train
14605,569592447455465472,negative,14605,train
14606,569592402085847041,negative,14606,train
14607,569592270866878464,neutral,14607,validation
14608,569592177312923650,negative,14608,validation
14609,569592148338876416,negative,14609,test
14610,569591765793165312,negative,14610,test
14611,569591730506371072,neutral,14611,train
14612,569591700416393216,negative,14612,validation
14613,569591653121597440,negative,14613,train
14614,569591540944756737,negative,14614,validation
14615,569591533617307648,negative,14615,train
14616,569591393540288512,negative,14616,validation
14617,569591285150908416,positive,14617,test
14618,569591136534319105,negative,14618,validation
14619,569590988395708416,positive,14619,train
14620,569590965880532993,negative,14620,test
14621,569590892085915649,negative,14621,train
14622,569590191758962688,negative,14622,train
14623,569590013278756865,positive,14623,train
14624,569589959088173056,negative,14624,train
14625,569589643487928321,positive,14625,train
14626,569589460226183168,negative,14626,train
14627,569588816438169600,negative,14627,train
14628,569588651925098496,positive,14628,test
14629,569588591602458624,negative,14629,train
14630,569588473050611712,positive,14630,validation
14631,569588464896876545,negative,14631,train
14632,569587813856841728,neutral,14632,train
14633,569587705937600512,negative,14633,train
14634,569587691626622976,negative,14634,validation
14635,569587686496825344,positive,14635,validation
14636,569587371693355008,negative,14636,train
14637,569587242672398336,neutral,14637,train
14638,569587188687634433,negative,14638,train
14639,569587140490866689,neutral,14639,train
