token_length,sequence_length_before_padding,unknown_tokens,oov_rate,row_id,truncated,empty_sequence
14,14,0,0.0,11399,False,False
12,12,0,0.0,12888,False,False
23,23,0,0.0,11134,False,False
23,21,2,0.08695652173913043,8133,False,False
11,11,0,0.0,9889,False,False
21,21,0,0.0,13963,False,False
23,23,0,0.0,12920,False,False
22,21,1,0.045454545454545456,11856,False,False
24,24,0,0.0,14347,False,False
4,4,0,0.0,8430,False,False
26,26,0,0.0,13867,False,False
28,25,3,0.10714285714285714,14320,False,False
15,15,0,0.0,10431,False,False
10,10,0,0.0,13144,False,False
25,23,2,0.08,10538,False,False
19,18,1,0.05263157894736842,258,False,False
21,21,0,0.0,10275,False,False
21,19,2,0.09523809523809523,3021,False,False
17,15,2,0.11764705882352941,2130,False,False
20,18,2,0.1,12259,False,False
10,9,1,0.1,9602,False,False
10,10,0,0.0,9574,False,False
25,24,1,0.04,1636,False,False
9,8,1,0.1111111111111111,2400,False,False
10,10,0,0.0,10008,False,False
24,24,0,0.0,12143,False,False
14,13,1,0.07142857142857142,1528,False,False
9,9,0,0.0,1668,False,False
16,15,1,0.0625,11794,False,False
15,15,0,0.0,10665,False,False
22,22,0,0.0,10410,False,False
15,14,1,0.06666666666666667,4357,False,False
26,26,0,0.0,12928,False,False
11,9,2,0.18181818181818182,8859,False,False
24,23,1,0.041666666666666664,11211,False,False
21,21,0,0.0,13447,False,False
9,9,0,0.0,10095,False,False
25,22,3,0.12,10830,False,False
21,21,0,0.0,13058,False,False
10,9,1,0.1,12603,False,False
27,26,1,0.037037037037037035,10585,False,False
17,16,1,0.058823529411764705,10984,False,False
20,20,0,0.0,13570,False,False
26,26,0,0.0,10400,False,False
16,16,0,0.0,13892,False,False
22,22,0,0.0,14249,False,False
23,23,0,0.0,4169,False,False
23,23,0,0.0,9564,False,False
3,3,0,0.0,8607,False,False
27,27,0,0.0,8232,False,False
29,29,0,0.0,11695,False,False
15,14,1,0.06666666666666667,5967,False,False
17,17,0,0.0,13544,False,False
2,2,0,0.0,276,False,False
14,9,5,0.35714285714285715,12501,False,False
4,3,1,0.25,9236,False,False
18,18,0,0.0,9609,False,False
26,25,1,0.038461538461538464,14564,False,False
16,16,0,0.0,10157,False,False
17,17,0,0.0,12989,False,False
16,15,1,0.0625,10737,False,False
20,19,1,0.05,13813,False,False
19,18,1,0.05263157894736842,6197,False,False
16,16,0,0.0,1617,False,False
10,8,2,0.2,10166,False,False
18,15,3,0.16666666666666666,9385,False,False
5,5,0,0.0,10920,False,False
9,8,1,0.1111111111111111,14391,False,False
25,24,1,0.04,11323,False,False
19,19,0,0.0,9265,False,False
11,11,0,0.0,5821,False,False
14,14,0,0.0,4590,False,False
21,18,3,0.14285714285714285,8789,False,False
21,20,1,0.047619047619047616,12790,False,False
19,19,0,0.0,9849,False,False
17,17,0,0.0,11625,False,False
14,14,0,0.0,13103,False,False
20,18,2,0.1,13768,False,False
21,20,1,0.047619047619047616,10138,False,False
29,27,2,0.06896551724137931,9435,False,False
20,17,3,0.15,9419,False,False
20,17,3,0.15,13035,False,False
3,3,0,0.0,10634,False,False
5,5,0,0.0,8806,False,False
18,17,1,0.05555555555555555,12498,False,False
25,21,4,0.16,13449,False,False
5,5,0,0.0,13422,False,False
11,9,2,0.18181818181818182,9056,False,False
23,23,0,0.0,11626,False,False
24,22,2,0.08333333333333333,13299,False,False
19,18,1,0.05263157894736842,11744,False,False
25,25,0,0.0,12094,False,False
22,22,0,0.0,13332,False,False
4,4,0,0.0,2477,False,False
25,24,1,0.04,10307,False,False
5,4,1,0.2,6145,False,False
6,3,3,0.5,5062,False,False
20,18,2,0.1,12980,False,False
13,12,1,0.07692307692307693,2358,False,False
22,21,1,0.045454545454545456,13493,False,False
9,8,1,0.1111111111111111,7112,False,False
10,10,0,0.0,3479,False,False
15,12,3,0.2,4164,False,False
7,6,1,0.14285714285714285,10353,False,False
14,13,1,0.07142857142857142,10573,False,False
24,24,0,0.0,589,False,False
17,16,1,0.058823529411764705,9386,False,False
12,12,0,0.0,9853,False,False
12,11,1,0.08333333333333333,8168,False,False
9,9,0,0.0,3770,False,False
11,10,1,0.09090909090909091,10608,False,False
25,25,0,0.0,11168,False,False
14,14,0,0.0,12030,False,False
2,2,0,0.0,1477,False,False
6,6,0,0.0,11945,False,False
13,11,2,0.15384615384615385,8882,False,False
18,17,1,0.05555555555555555,10979,False,False
15,15,0,0.0,11439,False,False
8,8,0,0.0,10620,False,False
7,6,1,0.14285714285714285,12856,False,False
24,24,0,0.0,9424,False,False
16,16,0,0.0,10303,False,False
18,18,0,0.0,10281,False,False
25,25,0,0.0,11022,False,False
19,19,0,0.0,9928,False,False
22,20,2,0.09090909090909091,11707,False,False
18,17,1,0.05555555555555555,14037,False,False
22,22,0,0.0,2744,False,False
16,15,1,0.0625,12623,False,False
13,12,1,0.07692307692307693,14006,False,False
22,22,0,0.0,13129,False,False
17,16,1,0.058823529411764705,12327,False,False
23,23,0,0.0,12255,False,False
24,24,0,0.0,14203,False,False
22,20,2,0.09090909090909091,13902,False,False
29,27,2,0.06896551724137931,10251,False,False
2,2,0,0.0,8857,False,False
6,6,0,0.0,12882,False,False
13,8,5,0.38461538461538464,10954,False,False
25,24,1,0.04,10644,False,False
4,3,1,0.25,9315,False,False
14,10,4,0.2857142857142857,4372,False,False
6,6,0,0.0,2617,False,False
19,17,2,0.10526315789473684,14489,False,False
22,20,2,0.09090909090909091,13712,False,False
22,22,0,0.0,9457,False,False
15,13,2,0.13333333333333333,10031,False,False
17,17,0,0.0,12115,False,False
23,22,1,0.043478260869565216,13036,False,False
5,5,0,0.0,3130,False,False
18,16,2,0.1111111111111111,303,False,False
15,15,0,0.0,12133,False,False
26,26,0,0.0,10555,False,False
4,4,0,0.0,10511,False,False
21,21,0,0.0,10359,False,False
19,19,0,0.0,11724,False,False
4,4,0,0.0,5909,False,False
3,2,1,0.3333333333333333,5892,False,False
22,21,1,0.045454545454545456,562,False,False
22,22,0,0.0,10334,False,False
19,19,0,0.0,9522,False,False
20,20,0,0.0,10919,False,False
12,12,0,0.0,10338,False,False
27,27,0,0.0,9474,False,False
18,18,0,0.0,13091,False,False
17,17,0,0.0,3975,False,False
21,21,0,0.0,12680,False,False
16,14,2,0.125,5609,False,False
15,15,0,0.0,10280,False,False
21,21,0,0.0,11769,False,False
23,22,1,0.043478260869565216,13630,False,False
18,18,0,0.0,11627,False,False
24,20,4,0.16666666666666666,12702,False,False
11,10,1,0.09090909090909091,4788,False,False
13,12,1,0.07692307692307693,1470,False,False
16,9,7,0.4375,8400,False,False
19,19,0,0.0,10380,False,False
19,19,0,0.0,12482,False,False
19,16,3,0.15789473684210525,11774,False,False
15,14,1,0.06666666666666667,14482,False,False
11,10,1,0.09090909090909091,3950,False,False
16,14,2,0.125,10515,False,False
20,20,0,0.0,7252,False,False
26,25,1,0.038461538461538464,13788,False,False
5,5,0,0.0,14104,False,False
17,16,1,0.058823529411764705,13194,False,False
24,22,2,0.08333333333333333,11497,False,False
22,19,3,0.13636363636363635,11180,False,False
28,28,0,0.0,10945,False,False
12,12,0,0.0,10242,False,False
28,28,0,0.0,9079,False,False
8,8,0,0.0,1518,False,False
13,13,0,0.0,7671,False,False
24,23,1,0.041666666666666664,13292,False,False
18,18,0,0.0,11560,False,False
16,16,0,0.0,11040,False,False
23,21,2,0.08695652173913043,11792,False,False
16,16,0,0.0,8660,False,False
22,17,5,0.22727272727272727,12971,False,False
25,22,3,0.12,11614,False,False
19,18,1,0.05263157894736842,11031,False,False
24,23,1,0.041666666666666664,4462,False,False
28,28,0,0.0,11046,False,False
18,17,1,0.05555555555555555,4728,False,False
10,10,0,0.0,5685,False,False
18,17,1,0.05555555555555555,14029,False,False
21,17,4,0.19047619047619047,13466,False,False
15,14,1,0.06666666666666667,11000,False,False
20,20,0,0.0,9673,False,False
22,21,1,0.045454545454545456,14187,False,False
22,22,0,0.0,13989,False,False
14,14,0,0.0,4134,False,False
18,17,1,0.05555555555555555,9810,False,False
31,31,0,0.0,8550,False,False
13,13,0,0.0,6,False,False
22,22,0,0.0,10435,False,False
25,25,0,0.0,13716,False,False
17,17,0,0.0,12126,False,False
24,22,2,0.08333333333333333,9378,False,False
21,21,0,0.0,13953,False,False
26,25,1,0.038461538461538464,12746,False,False
5,4,1,0.2,10773,False,False
12,12,0,0.0,10244,False,False
26,26,0,0.0,13130,False,False
20,18,2,0.1,13629,False,False
3,3,0,0.0,12073,False,False
16,12,4,0.25,8052,False,False
22,21,1,0.045454545454545456,9799,False,False
18,17,1,0.05555555555555555,11079,False,False
8,8,0,0.0,11964,False,False
18,18,0,0.0,11968,False,False
22,18,4,0.18181818181818182,6817,False,False
23,23,0,0.0,12085,False,False
8,8,0,0.0,13737,False,False
20,18,2,0.1,14413,False,False
21,19,2,0.09523809523809523,10470,False,False
22,22,0,0.0,14043,False,False
16,13,3,0.1875,14484,False,False
24,24,0,0.0,13916,False,False
22,20,2,0.09090909090909091,4601,False,False
21,20,1,0.047619047619047616,14201,False,False
10,9,1,0.1,2671,False,False
4,4,0,0.0,14314,False,False
6,6,0,0.0,9301,False,False
21,20,1,0.047619047619047616,9042,False,False
21,20,1,0.047619047619047616,5380,False,False
15,13,2,0.13333333333333333,10219,False,False
12,11,1,0.08333333333333333,10600,False,False
23,23,0,0.0,12118,False,False
15,15,0,0.0,14172,False,False
21,18,3,0.14285714285714285,7311,False,False
17,17,0,0.0,9727,False,False
21,19,2,0.09523809523809523,13527,False,False
24,23,1,0.041666666666666664,13850,False,False
22,22,0,0.0,11640,False,False
21,20,1,0.047619047619047616,6388,False,False
14,10,4,0.2857142857142857,8042,False,False
8,7,1,0.125,7255,False,False
12,12,0,0.0,11237,False,False
17,15,2,0.11764705882352941,5100,False,False
15,15,0,0.0,12792,False,False
26,25,1,0.038461538461538464,13411,False,False
5,5,0,0.0,11293,False,False
11,11,0,0.0,5092,False,False
6,5,1,0.16666666666666666,12423,False,False
22,22,0,0.0,13556,False,False
9,8,1,0.1111111111111111,6935,False,False
17,17,0,0.0,14168,False,False
4,4,0,0.0,6955,False,False
14,13,1,0.07142857142857142,9356,False,False
23,22,1,0.043478260869565216,8572,False,False
13,13,0,0.0,9325,False,False
24,24,0,0.0,12144,False,False
26,26,0,0.0,206,False,False
10,10,0,0.0,13414,False,False
20,20,0,0.0,10932,False,False
18,18,0,0.0,9248,False,False
23,22,1,0.043478260869565216,12914,False,False
2,2,0,0.0,3333,False,False
21,20,1,0.047619047619047616,13345,False,False
2,2,0,0.0,12834,False,False
12,12,0,0.0,212,False,False
8,8,0,0.0,7922,False,False
10,10,0,0.0,13811,False,False
11,11,0,0.0,9829,False,False
12,12,0,0.0,13644,False,False
9,9,0,0.0,8169,False,False
18,17,1,0.05555555555555555,9293,False,False
15,15,0,0.0,111,False,False
24,24,0,0.0,14170,False,False
14,11,3,0.21428571428571427,9284,False,False
16,15,1,0.0625,12721,False,False
26,25,1,0.038461538461538464,14355,False,False
21,19,2,0.09523809523809523,14036,False,False
27,25,2,0.07407407407407407,14568,False,False
24,24,0,0.0,13689,False,False
25,25,0,0.0,12067,False,False
21,20,1,0.047619047619047616,13430,False,False
5,5,0,0.0,3622,False,False
10,10,0,0.0,12251,False,False
23,21,2,0.08695652173913043,13828,False,False
23,21,2,0.08695652173913043,8613,False,False
17,16,1,0.058823529411764705,13883,False,False
26,24,2,0.07692307692307693,12481,False,False
4,4,0,0.0,13898,False,False
13,11,2,0.15384615384615385,14528,False,False
20,17,3,0.15,12354,False,False
24,21,3,0.125,6558,False,False
23,23,0,0.0,12141,False,False
11,10,1,0.09090909090909091,4507,False,False
24,23,1,0.041666666666666664,13693,False,False
21,18,3,0.14285714285714285,5059,False,False
22,21,1,0.045454545454545456,12584,False,False
15,14,1,0.06666666666666667,7385,False,False
17,17,0,0.0,9736,False,False
21,19,2,0.09523809523809523,9654,False,False
19,19,0,0.0,10295,False,False
12,11,1,0.08333333333333333,5671,False,False
16,16,0,0.0,11024,False,False
17,17,0,0.0,3385,False,False
10,10,0,0.0,14136,False,False
10,9,1,0.1,2570,False,False
7,6,1,0.14285714285714285,6201,False,False
4,4,0,0.0,5096,False,False
29,28,1,0.034482758620689655,10145,False,False
17,16,1,0.058823529411764705,10812,False,False
22,22,0,0.0,13654,False,False
13,13,0,0.0,13662,False,False
20,19,1,0.05,14273,False,False
20,20,0,0.0,14065,False,False
7,5,2,0.2857142857142857,7160,False,False
23,23,0,0.0,11924,False,False
10,10,0,0.0,14156,False,False
23,23,0,0.0,13042,False,False
23,22,1,0.043478260869565216,12432,False,False
16,14,2,0.125,7352,False,False
24,23,1,0.041666666666666664,8336,False,False
20,18,2,0.1,10015,False,False
20,19,1,0.05,12983,False,False
22,20,2,0.09090909090909091,1011,False,False
23,20,3,0.13043478260869565,14046,False,False
17,17,0,0.0,1014,False,False
23,22,1,0.043478260869565216,429,False,False
22,22,0,0.0,9266,False,False
29,29,0,0.0,14185,False,False
20,18,2,0.1,10545,False,False
22,21,1,0.045454545454545456,2780,False,False
19,19,0,0.0,12047,False,False
26,26,0,0.0,4241,False,False
1,1,0,0.0,4546,False,False
9,9,0,0.0,14071,False,False
16,14,2,0.125,13855,False,False
24,23,1,0.041666666666666664,14281,False,False
5,4,1,0.2,7817,False,False
27,27,0,0.0,12984,False,False
3,1,2,0.6666666666666666,5712,False,False
8,8,0,0.0,7354,False,False
20,18,2,0.1,6967,False,False
17,16,1,0.058823529411764705,14421,False,False
22,19,3,0.13636363636363635,9077,False,False
24,21,3,0.125,8746,False,False
25,25,0,0.0,11007,False,False
22,22,0,0.0,9351,False,False
6,5,1,0.16666666666666666,8549,False,False
19,16,3,0.15789473684210525,14081,False,False
7,7,0,0.0,7681,False,False
24,23,1,0.041666666666666664,12356,False,False
9,8,1,0.1111111111111111,14500,False,False
15,15,0,0.0,11542,False,False
18,18,0,0.0,12614,False,False
25,25,0,0.0,10972,False,False
25,24,1,0.04,13496,False,False
25,25,0,0.0,9507,False,False
12,12,0,0.0,12006,False,False
13,10,3,0.23076923076923078,12592,False,False
14,12,2,0.14285714285714285,12238,False,False
15,14,1,0.06666666666666667,14102,False,False
22,21,1,0.045454545454545456,8250,False,False
30,30,0,0.0,10929,False,False
21,20,1,0.047619047619047616,13196,False,False
27,27,0,0.0,11254,False,False
27,27,0,0.0,11847,False,False
8,8,0,0.0,9835,False,False
2,2,0,0.0,12565,False,False
3,3,0,0.0,4371,False,False
14,11,3,0.21428571428571427,7500,False,False
15,15,0,0.0,12568,False,False
24,23,1,0.041666666666666664,10346,False,False
14,14,0,0.0,11986,False,False
20,18,2,0.1,10702,False,False
19,18,1,0.05263157894736842,10959,False,False
10,10,0,0.0,11348,False,False
22,19,3,0.13636363636363635,10506,False,False
16,16,0,0.0,12426,False,False
19,19,0,0.0,13782,False,False
6,5,1,0.16666666666666666,4535,False,False
1,1,0,0.0,14,False,False
18,17,1,0.05555555555555555,9462,False,False
22,21,1,0.045454545454545456,2385,False,False
16,16,0,0.0,9449,False,False
24,24,0,0.0,10290,False,False
22,22,0,0.0,12906,False,False
8,7,1,0.125,8090,False,False
13,12,1,0.07692307692307693,12994,False,False
11,11,0,0.0,12103,False,False
11,11,0,0.0,147,False,False
15,14,1,0.06666666666666667,14479,False,False
9,8,1,0.1111111111111111,6100,False,False
25,24,1,0.04,9304,False,False
6,5,1,0.16666666666666666,8702,False,False
9,8,1,0.1111111111111111,6239,False,False
11,9,2,0.18181818181818182,598,False,False
8,8,0,0.0,229,False,False
7,6,1,0.14285714285714285,13354,False,False
19,16,3,0.15789473684210525,9058,False,False
23,22,1,0.043478260869565216,12212,False,False
19,18,1,0.05263157894736842,6009,False,False
20,19,1,0.05,8659,False,False
23,23,0,0.0,13954,False,False
4,3,1,0.25,2999,False,False
4,4,0,0.0,6723,False,False
4,4,0,0.0,4827,False,False
21,21,0,0.0,13019,False,False
25,23,2,0.08,10088,False,False
17,12,5,0.29411764705882354,3340,False,False
12,12,0,0.0,11145,False,False
10,9,1,0.1,11739,False,False
16,13,3,0.1875,9795,False,False
16,16,0,0.0,13622,False,False
18,18,0,0.0,6413,False,False
13,12,1,0.07692307692307693,508,False,False
5,5,0,0.0,6313,False,False
24,24,0,0.0,9104,False,False
12,12,0,0.0,10111,False,False
27,26,1,0.037037037037037035,13515,False,False
20,20,0,0.0,10160,False,False
20,20,0,0.0,205,False,False
19,18,1,0.05263157894736842,3741,False,False
18,18,0,0.0,466,False,False
26,24,2,0.07692307692307693,10829,False,False
24,24,0,0.0,5396,False,False
23,22,1,0.043478260869565216,14485,False,False
7,7,0,0.0,11547,False,False
21,21,0,0.0,14631,False,False
28,26,2,0.07142857142857142,10423,False,False
22,22,0,0.0,11927,False,False
15,14,1,0.06666666666666667,14070,False,False
27,26,1,0.037037037037037035,12642,False,False
20,17,3,0.15,13233,False,False
9,9,0,0.0,7524,False,False
17,15,2,0.11764705882352941,12918,False,False
11,11,0,0.0,10965,False,False
21,21,0,0.0,9338,False,False
17,15,2,0.11764705882352941,11493,False,False
12,10,2,0.16666666666666666,8623,False,False
17,17,0,0.0,12079,False,False
21,20,1,0.047619047619047616,12798,False,False
25,25,0,0.0,13596,False,False
20,19,1,0.05,463,False,False
21,20,1,0.047619047619047616,12293,False,False
22,22,0,0.0,11130,False,False
11,8,3,0.2727272727272727,7133,False,False
10,10,0,0.0,13608,False,False
29,28,1,0.034482758620689655,10276,False,False
15,15,0,0.0,13109,False,False
27,25,2,0.07407407407407407,7243,False,False
2,2,0,0.0,430,False,False
26,26,0,0.0,10277,False,False
22,21,1,0.045454545454545456,10154,False,False
2,2,0,0.0,4834,False,False
20,19,1,0.05,9195,False,False
1,1,0,0.0,12064,False,False
6,6,0,0.0,6399,False,False
24,24,0,0.0,11904,False,False
30,30,0,0.0,13901,False,False
11,11,0,0.0,11359,False,False
10,10,0,0.0,7793,False,False
25,24,1,0.04,11120,False,False
22,21,1,0.045454545454545456,13290,False,False
24,24,0,0.0,14305,False,False
9,9,0,0.0,10489,False,False
4,4,0,0.0,1849,False,False
2,1,1,0.5,12735,False,False
11,10,1,0.09090909090909091,8553,False,False
7,6,1,0.14285714285714285,10422,False,False
28,27,1,0.03571428571428571,3829,False,False
20,20,0,0.0,12017,False,False
15,15,0,0.0,4556,False,False
24,23,1,0.041666666666666664,7831,False,False
17,17,0,0.0,13363,False,False
19,17,2,0.10526315789473684,10316,False,False
9,7,2,0.2222222222222222,9716,False,False
6,6,0,0.0,6713,False,False
17,15,2,0.11764705882352941,9376,False,False
16,12,4,0.25,11674,False,False
23,22,1,0.043478260869565216,14248,False,False
16,16,0,0.0,14406,False,False
12,11,1,0.08333333333333333,10418,False,False
2,2,0,0.0,4884,False,False
25,25,0,0.0,9728,False,False
21,19,2,0.09523809523809523,13835,False,False
20,20,0,0.0,9604,False,False
16,16,0,0.0,11422,False,False
23,23,0,0.0,14319,False,False
8,8,0,0.0,7618,False,False
15,15,0,0.0,10245,False,False
17,16,1,0.058823529411764705,13796,False,False
21,20,1,0.047619047619047616,13252,False,False
17,14,3,0.17647058823529413,13126,False,False
18,16,2,0.1111111111111111,9557,False,False
18,18,0,0.0,2684,False,False
25,24,1,0.04,12429,False,False
12,10,2,0.16666666666666666,12633,False,False
26,24,2,0.07692307692307693,13521,False,False
3,3,0,0.0,3218,False,False
26,26,0,0.0,13112,False,False
21,21,0,0.0,12198,False,False
17,17,0,0.0,4847,False,False
10,9,1,0.1,11537,False,False
24,22,2,0.08333333333333333,9953,False,False
20,20,0,0.0,13792,False,False
23,21,2,0.08695652173913043,342,False,False
9,8,1,0.1111111111111111,10721,False,False
14,14,0,0.0,11350,False,False
27,27,0,0.0,14510,False,False
24,24,0,0.0,11128,False,False
25,23,2,0.08,13529,False,False
18,18,0,0.0,3256,False,False
22,21,1,0.045454545454545456,9063,False,False
25,25,0,0.0,9208,False,False
19,19,0,0.0,13717,False,False
19,17,2,0.10526315789473684,13518,False,False
5,5,0,0.0,735,False,False
17,13,4,0.23529411764705882,12754,False,False
3,3,0,0.0,6094,False,False
20,20,0,0.0,10149,False,False
10,9,1,0.1,12691,False,False
16,14,2,0.125,9667,False,False
15,15,0,0.0,12921,False,False
20,19,1,0.05,3638,False,False
27,23,4,0.14814814814814814,10354,False,False
18,18,0,0.0,9813,False,False
18,18,0,0.0,9951,False,False
12,11,1,0.08333333333333333,14228,False,False
26,26,0,0.0,9573,False,False
24,24,0,0.0,11204,False,False
21,20,1,0.047619047619047616,12403,False,False
22,22,0,0.0,12136,False,False
22,22,0,0.0,11479,False,False
19,17,2,0.10526315789473684,10534,False,False
3,3,0,0.0,4892,False,False
26,26,0,0.0,13477,False,False
22,19,3,0.13636363636363635,10915,False,False
21,21,0,0.0,13905,False,False
9,7,2,0.2222222222222222,8294,False,False
5,4,1,0.2,12607,False,False
23,21,2,0.08695652173913043,14129,False,False
21,19,2,0.09523809523809523,11408,False,False
22,22,0,0.0,11019,False,False
8,8,0,0.0,8383,False,False
17,16,1,0.058823529411764705,2331,False,False
15,15,0,0.0,6037,False,False
16,14,2,0.125,9272,False,False
6,6,0,0.0,4361,False,False
16,15,1,0.0625,14561,False,False
24,23,1,0.041666666666666664,11579,False,False
22,21,1,0.045454545454545456,9554,False,False
18,18,0,0.0,3618,False,False
15,15,0,0.0,12554,False,False
25,22,3,0.12,11380,False,False
2,2,0,0.0,5867,False,False
13,10,3,0.23076923076923078,6134,False,False
26,24,2,0.07692307692307693,9126,False,False
21,21,0,0.0,9096,False,False
15,15,0,0.0,13478,False,False
24,22,2,0.08333333333333333,758,False,False
17,15,2,0.11764705882352941,14473,False,False
10,9,1,0.1,11379,False,False
20,20,0,0.0,13786,False,False
28,26,2,0.07142857142857142,14178,False,False
16,15,1,0.0625,10391,False,False
19,18,1,0.05263157894736842,12524,False,False
23,19,4,0.17391304347826086,8581,False,False
12,12,0,0.0,13228,False,False
9,7,2,0.2222222222222222,14014,False,False
10,10,0,0.0,11631,False,False
23,23,0,0.0,6648,False,False
10,10,0,0.0,9595,False,False
16,14,2,0.125,9329,False,False
19,18,1,0.05263157894736842,10326,False,False
17,14,3,0.17647058823529413,7880,False,False
25,24,1,0.04,9942,False,False
13,13,0,0.0,13006,False,False
25,25,0,0.0,12955,False,False
12,11,1,0.08333333333333333,3264,False,False
19,19,0,0.0,9049,False,False
9,9,0,0.0,13402,False,False
24,23,1,0.041666666666666664,9242,False,False
22,22,0,0.0,9645,False,False
9,7,2,0.2222222222222222,4899,False,False
13,13,0,0.0,7236,False,False
20,20,0,0.0,10841,False,False
21,19,2,0.09523809523809523,10770,False,False
25,24,1,0.04,10323,False,False
28,27,1,0.03571428571428571,9714,False,False
2,2,0,0.0,9327,False,False
25,25,0,0.0,10650,False,False
15,15,0,0.0,14495,False,False
18,17,1,0.05555555555555555,2549,False,False
10,10,0,0.0,13790,False,False
22,21,1,0.045454545454545456,7639,False,False
24,24,0,0.0,11404,False,False
21,21,0,0.0,12997,False,False
23,21,2,0.08695652173913043,12585,False,False
17,17,0,0.0,12175,False,False
14,13,1,0.07142857142857142,5158,False,False
7,5,2,0.2857142857142857,1793,False,False
9,9,0,0.0,308,False,False
21,21,0,0.0,9836,False,False
14,14,0,0.0,14418,False,False
8,8,0,0.0,14516,False,False
15,13,2,0.13333333333333333,5869,False,False
19,13,6,0.3157894736842105,4375,False,False
11,10,1,0.09090909090909091,4631,False,False
14,14,0,0.0,11071,False,False
22,21,1,0.045454545454545456,13374,False,False
22,22,0,0.0,11926,False,False
22,22,0,0.0,9569,False,False
21,21,0,0.0,13607,False,False
20,19,1,0.05,235,False,False
20,19,1,0.05,11562,False,False
20,20,0,0.0,13119,False,False
10,10,0,0.0,11869,False,False
20,18,2,0.1,9190,False,False
13,12,1,0.07692307692307693,14148,False,False
26,26,0,0.0,9526,False,False
20,20,0,0.0,12086,False,False
14,13,1,0.07142857142857142,11273,False,False
12,11,1,0.08333333333333333,10054,False,False
17,17,0,0.0,4940,False,False
11,10,1,0.09090909090909091,13244,False,False
20,20,0,0.0,14287,False,False
24,23,1,0.041666666666666664,4651,False,False
21,21,0,0.0,9692,False,False
14,13,1,0.07142857142857142,13153,False,False
21,20,1,0.047619047619047616,10255,False,False
6,6,0,0.0,12013,False,False
5,5,0,0.0,6267,False,False
21,21,0,0.0,3048,False,False
15,14,1,0.06666666666666667,12571,False,False
22,20,2,0.09090909090909091,9830,False,False
11,10,1,0.09090909090909091,13360,False,False
16,14,2,0.125,12278,False,False
11,10,1,0.09090909090909091,10572,False,False
6,6,0,0.0,8010,False,False
25,25,0,0.0,12109,False,False
15,14,1,0.06666666666666667,12516,False,False
20,20,0,0.0,12507,False,False
25,24,1,0.04,13328,False,False
3,3,0,0.0,8999,False,False
10,10,0,0.0,14078,False,False
12,12,0,0.0,13974,False,False
24,24,0,0.0,12847,False,False
10,8,2,0.2,12703,False,False
18,18,0,0.0,11158,False,False
13,13,0,0.0,10638,False,False
22,16,6,0.2727272727272727,11612,False,False
19,19,0,0.0,13818,False,False
5,4,1,0.2,9542,False,False
20,20,0,0.0,12698,False,False
20,19,1,0.05,6772,False,False
12,12,0,0.0,10020,False,False
9,8,1,0.1111111111111111,10866,False,False
16,16,0,0.0,11645,False,False
22,21,1,0.045454545454545456,1047,False,False
30,29,1,0.03333333333333333,11766,False,False
10,9,1,0.1,12199,False,False
19,17,2,0.10526315789473684,10518,False,False
5,5,0,0.0,12033,False,False
25,25,0,0.0,12466,False,False
6,6,0,0.0,7479,False,False
21,20,1,0.047619047619047616,14466,False,False
24,23,1,0.041666666666666664,9452,False,False
18,17,1,0.05555555555555555,12908,False,False
22,21,1,0.045454545454545456,13270,False,False
23,23,0,0.0,11700,False,False
3,3,0,0.0,7219,False,False
26,26,0,0.0,13863,False,False
19,17,2,0.10526315789473684,14615,False,False
9,7,2,0.2222222222222222,7046,False,False
16,16,0,0.0,10849,False,False
22,22,0,0.0,14008,False,False
17,17,0,0.0,1253,False,False
18,15,3,0.16666666666666666,358,False,False
23,22,1,0.043478260869565216,13021,False,False
23,22,1,0.043478260869565216,11533,False,False
27,26,1,0.037037037037037035,9797,False,False
12,11,1,0.08333333333333333,8453,False,False
15,15,0,0.0,12387,False,False
12,11,1,0.08333333333333333,4886,False,False
14,12,2,0.14285714285714285,13211,False,False
18,18,0,0.0,11356,False,False
6,6,0,0.0,12938,False,False
17,17,0,0.0,246,False,False
17,16,1,0.058823529411764705,9781,False,False
16,15,1,0.0625,13964,False,False
11,11,0,0.0,3282,False,False
15,8,7,0.4666666666666667,13159,False,False
21,20,1,0.047619047619047616,13150,False,False
25,25,0,0.0,11101,False,False
20,19,1,0.05,13065,False,False
9,9,0,0.0,5769,False,False
11,11,0,0.0,14444,False,False
23,23,0,0.0,11638,False,False
27,27,0,0.0,2583,False,False
19,18,1,0.05263157894736842,5705,False,False
24,23,1,0.041666666666666664,11036,False,False
17,17,0,0.0,14426,False,False
24,24,0,0.0,9159,False,False
14,14,0,0.0,9075,False,False
14,14,0,0.0,8420,False,False
28,28,0,0.0,9270,False,False
22,21,1,0.045454545454545456,4614,False,False
24,23,1,0.041666666666666664,13827,False,False
22,22,0,0.0,13224,False,False
24,21,3,0.125,11213,False,False
2,2,0,0.0,11573,False,False
11,9,2,0.18181818181818182,10348,False,False
11,9,2,0.18181818181818182,9852,False,False
22,20,2,0.09090909090909091,8049,False,False
12,12,0,0.0,12932,False,False
27,26,1,0.037037037037037035,12548,False,False
26,24,2,0.07692307692307693,11398,False,False
12,12,0,0.0,13010,False,False
11,10,1,0.09090909090909091,8926,False,False
6,5,1,0.16666666666666666,12197,False,False
19,18,1,0.05263157894736842,10132,False,False
24,23,1,0.041666666666666664,14570,False,False
26,26,0,0.0,12021,False,False
16,15,1,0.0625,13929,False,False
17,17,0,0.0,12694,False,False
17,17,0,0.0,13688,False,False
15,14,1,0.06666666666666667,10800,False,False
21,20,1,0.047619047619047616,7541,False,False
19,19,0,0.0,14141,False,False
9,9,0,0.0,1387,False,False
22,19,3,0.13636363636363635,14062,False,False
11,11,0,0.0,11699,False,False
22,22,0,0.0,2351,False,False
9,7,2,0.2222222222222222,1343,False,False
20,20,0,0.0,10254,False,False
21,19,2,0.09523809523809523,4530,False,False
22,20,2,0.09090909090909091,13548,False,False
14,14,0,0.0,148,False,False
19,19,0,0.0,9436,False,False
20,17,3,0.15,1662,False,False
20,19,1,0.05,11717,False,False
21,20,1,0.047619047619047616,11521,False,False
22,22,0,0.0,12962,False,False
19,19,0,0.0,11851,False,False
24,23,1,0.041666666666666664,9418,False,False
10,10,0,0.0,7284,False,False
13,12,1,0.07692307692307693,5395,False,False
5,5,0,0.0,2279,False,False
6,6,0,0.0,11635,False,False
21,20,1,0.047619047619047616,10455,False,False
23,23,0,0.0,11787,False,False
7,7,0,0.0,7593,False,False
18,15,3,0.16666666666666666,10426,False,False
14,9,5,0.35714285714285715,3056,False,False
24,24,0,0.0,10777,False,False
25,24,1,0.04,10549,False,False
16,13,3,0.1875,14057,False,False
19,14,5,0.2631578947368421,10450,False,False
24,23,1,0.041666666666666664,9444,False,False
7,7,0,0.0,272,False,False
24,22,2,0.08333333333333333,13683,False,False
19,18,1,0.05263157894736842,10873,False,False
11,11,0,0.0,6733,False,False
17,17,0,0.0,10843,False,False
21,21,0,0.0,10372,False,False
6,6,0,0.0,2789,False,False
19,19,0,0.0,401,False,False
23,23,0,0.0,13005,False,False
15,13,2,0.13333333333333333,455,False,False
21,21,0,0.0,10876,False,False
16,14,2,0.125,9553,False,False
17,11,6,0.35294117647058826,5878,False,False
20,18,2,0.1,13739,False,False
1,1,0,0.0,3657,False,False
23,23,0,0.0,12950,False,False
9,8,1,0.1111111111111111,10062,False,False
11,10,1,0.09090909090909091,3020,False,False
6,6,0,0.0,13771,False,False
19,19,0,0.0,9731,False,False
17,14,3,0.17647058823529413,5811,False,False
14,14,0,0.0,8604,False,False
3,2,1,0.3333333333333333,5670,False,False
22,22,0,0.0,11265,False,False
18,15,3,0.16666666666666666,11424,False,False
18,14,4,0.2222222222222222,12736,False,False
23,22,1,0.043478260869565216,10957,False,False
13,13,0,0.0,3959,False,False
28,27,1,0.03571428571428571,12232,False,False
9,9,0,0.0,10108,False,False
25,25,0,0.0,12530,False,False
14,14,0,0.0,9892,False,False
9,9,0,0.0,13317,False,False
24,23,1,0.041666666666666664,13476,False,False
24,22,2,0.08333333333333333,10395,False,False
1,1,0,0.0,13107,False,False
11,10,1,0.09090909090909091,7563,False,False
13,12,1,0.07692307692307693,8677,False,False
18,18,0,0.0,10377,False,False
20,17,3,0.15,12318,False,False
6,6,0,0.0,1239,False,False
3,3,0,0.0,11938,False,False
12,12,0,0.0,9888,False,False
13,12,1,0.07692307692307693,9876,False,False
3,3,0,0.0,3824,False,False
24,24,0,0.0,11729,False,False
19,19,0,0.0,11272,False,False
18,16,2,0.1111111111111111,8942,False,False
5,5,0,0.0,4287,False,False
23,23,0,0.0,8818,False,False
24,22,2,0.08333333333333333,9709,False,False
20,17,3,0.15,8870,False,False
9,9,0,0.0,2264,False,False
18,15,3,0.16666666666666666,10227,False,False
21,20,1,0.047619047619047616,10203,False,False
23,22,1,0.043478260869565216,10012,False,False
2,2,0,0.0,4552,False,False
14,12,2,0.14285714285714285,3625,False,False
18,18,0,0.0,14351,False,False
17,17,0,0.0,10039,False,False
12,12,0,0.0,12825,False,False
10,10,0,0.0,7468,False,False
28,28,0,0.0,13706,False,False
23,23,0,0.0,5862,False,False
6,6,0,0.0,9347,False,False
26,26,0,0.0,13102,False,False
23,20,3,0.13043478260869565,8038,False,False
20,20,0,0.0,10151,False,False
20,19,1,0.05,5501,False,False
7,7,0,0.0,14470,False,False
19,19,0,0.0,9334,False,False
27,26,1,0.037037037037037035,12678,False,False
27,27,0,0.0,12407,False,False
14,14,0,0.0,5849,False,False
26,21,5,0.19230769230769232,12907,False,False
6,5,1,0.16666666666666666,10918,False,False
23,23,0,0.0,11980,False,False
19,18,1,0.05263157894736842,12285,False,False
8,6,2,0.25,9502,False,False
25,25,0,0.0,13977,False,False
13,8,5,0.38461538461538464,10629,False,False
17,15,2,0.11764705882352941,4053,False,False
9,8,1,0.1111111111111111,12412,False,False
9,9,0,0.0,10881,False,False
22,20,2,0.09090909090909091,10546,False,False
16,13,3,0.1875,6096,False,False
20,19,1,0.05,10471,False,False
1,1,0,0.0,12688,False,False
12,12,0,0.0,4558,False,False
15,15,0,0.0,13486,False,False
20,17,3,0.15,12461,False,False
19,19,0,0.0,12027,False,False
9,9,0,0.0,7861,False,False
4,4,0,0.0,12671,False,False
5,5,0,0.0,3507,False,False
22,19,3,0.13636363636363635,9985,False,False
16,16,0,0.0,369,False,False
22,22,0,0.0,14061,False,False
8,8,0,0.0,7787,False,False
25,25,0,0.0,10253,False,False
18,15,3,0.16666666666666666,5826,False,False
20,20,0,0.0,14498,False,False
23,22,1,0.043478260869565216,11354,False,False
21,19,2,0.09523809523809523,14265,False,False
10,9,1,0.1,5632,False,False
12,12,0,0.0,12779,False,False
25,24,1,0.04,11268,False,False
9,7,2,0.2222222222222222,6597,False,False
2,2,0,0.0,12621,False,False
21,19,2,0.09523809523809523,9993,False,False
18,18,0,0.0,12371,False,False
16,16,0,0.0,2941,False,False
17,17,0,0.0,13054,False,False
20,16,4,0.2,6466,False,False
22,21,1,0.045454545454545456,12793,False,False
2,2,0,0.0,1877,False,False
27,27,0,0.0,12708,False,False
19,19,0,0.0,9801,False,False
14,13,1,0.07142857142857142,10710,False,False
22,21,1,0.045454545454545456,14192,False,False
21,18,3,0.14285714285714285,10385,False,False
19,19,0,0.0,13559,False,False
22,20,2,0.09090909090909091,10567,False,False
15,15,0,0.0,1765,False,False
24,24,0,0.0,12817,False,False
21,20,1,0.047619047619047616,13243,False,False
12,11,1,0.08333333333333333,4537,False,False
8,8,0,0.0,6017,False,False
24,23,1,0.041666666666666664,9910,False,False
25,25,0,0.0,4285,False,False
22,21,1,0.045454545454545456,11271,False,False
17,15,2,0.11764705882352941,10544,False,False
13,12,1,0.07692307692307693,2346,False,False
22,20,2,0.09090909090909091,10161,False,False
18,18,0,0.0,14033,False,False
14,14,0,0.0,607,False,False
15,15,0,0.0,13735,False,False
24,24,0,0.0,11616,False,False
21,21,0,0.0,9680,False,False
18,18,0,0.0,2450,False,False
10,10,0,0.0,1762,False,False
18,18,0,0.0,12169,False,False
11,11,0,0.0,10758,False,False
8,8,0,0.0,11888,False,False
15,12,3,0.2,14244,False,False
10,10,0,0.0,10499,False,False
8,8,0,0.0,4987,False,False
19,19,0,0.0,11489,False,False
14,14,0,0.0,9472,False,False
22,22,0,0.0,14315,False,False
16,16,0,0.0,7720,False,False
23,22,1,0.043478260869565216,9184,False,False
23,23,0,0.0,4665,False,False
19,17,2,0.10526315789473684,10399,False,False
18,18,0,0.0,13470,False,False
21,21,0,0.0,13080,False,False
24,24,0,0.0,14578,False,False
7,7,0,0.0,4198,False,False
21,21,0,0.0,12044,False,False
12,12,0,0.0,9447,False,False
8,8,0,0.0,11546,False,False
19,19,0,0.0,10686,False,False
21,18,3,0.14285714285714285,13085,False,False
2,2,0,0.0,12188,False,False
19,19,0,0.0,6624,False,False
11,11,0,0.0,12127,False,False
7,7,0,0.0,9591,False,False
22,19,3,0.13636363636363635,4600,False,False
12,12,0,0.0,13664,False,False
17,14,3,0.17647058823529413,12428,False,False
21,19,2,0.09523809523809523,3753,False,False
21,20,1,0.047619047619047616,13775,False,False
14,14,0,0.0,11147,False,False
22,20,2,0.09090909090909091,11778,False,False
16,13,3,0.1875,10660,False,False
15,15,0,0.0,14349,False,False
15,14,1,0.06666666666666667,13134,False,False
19,16,3,0.15789473684210525,2762,False,False
8,8,0,0.0,5728,False,False
21,20,1,0.047619047619047616,12796,False,False
12,11,1,0.08333333333333333,13323,False,False
22,22,0,0.0,13218,False,False
5,5,0,0.0,13075,False,False
9,6,3,0.3333333333333333,5186,False,False
18,16,2,0.1111111111111111,12966,False,False
14,14,0,0.0,6789,False,False
15,14,1,0.06666666666666667,13158,False,False
3,3,0,0.0,11478,False,False
21,20,1,0.047619047619047616,9620,False,False
14,13,1,0.07142857142857142,11747,False,False
16,12,4,0.25,11796,False,False
22,18,4,0.18181818181818182,8899,False,False
11,11,0,0.0,12787,False,False
23,22,1,0.043478260869565216,10113,False,False
10,10,0,0.0,10524,False,False
22,21,1,0.045454545454545456,11466,False,False
7,4,3,0.42857142857142855,14423,False,False
17,17,0,0.0,1677,False,False
29,29,0,0.0,11062,False,False
4,4,0,0.0,5858,False,False
11,11,0,0.0,11942,False,False
6,5,1,0.16666666666666666,11639,False,False
4,4,0,0.0,12207,False,False
14,14,0,0.0,9313,False,False
18,18,0,0.0,13593,False,False
27,27,0,0.0,9972,False,False
17,15,2,0.11764705882352941,886,False,False
5,5,0,0.0,4475,False,False
16,13,3,0.1875,11661,False,False
23,22,1,0.043478260869565216,13140,False,False
23,23,0,0.0,13111,False,False
11,11,0,0.0,5686,False,False
25,24,1,0.04,13945,False,False
24,21,3,0.125,13841,False,False
14,14,0,0.0,9087,False,False
18,16,2,0.1111111111111111,9410,False,False
21,21,0,0.0,11495,False,False
12,12,0,0.0,9611,False,False
14,13,1,0.07142857142857142,10126,False,False
10,9,1,0.1,437,False,False
20,19,1,0.05,13204,False,False
7,4,3,0.42857142857142855,4465,False,False
21,20,1,0.047619047619047616,14483,False,False
21,21,0,0.0,14519,False,False
24,21,3,0.125,11095,False,False
15,15,0,0.0,13161,False,False
20,19,1,0.05,11058,False,False
14,13,1,0.07142857142857142,9088,False,False
2,2,0,0.0,7978,False,False
22,22,0,0.0,10903,False,False
15,15,0,0.0,9875,False,False
26,26,0,0.0,10728,False,False
13,12,1,0.07692307692307693,12926,False,False
5,5,0,0.0,12102,False,False
14,13,1,0.07142857142857142,2905,False,False
10,9,1,0.1,277,False,False
21,21,0,0.0,14372,False,False
22,21,1,0.045454545454545456,9383,False,False
9,9,0,0.0,10029,False,False
18,18,0,0.0,12496,False,False
27,26,1,0.037037037037037035,4286,False,False
3,3,0,0.0,7128,False,False
23,21,2,0.08695652173913043,11551,False,False
20,19,1,0.05,12934,False,False
20,19,1,0.05,10409,False,False
14,14,0,0.0,13463,False,False
23,19,4,0.17391304347826086,9495,False,False
19,17,2,0.10526315789473684,11722,False,False
16,16,0,0.0,13450,False,False
7,5,2,0.2857142857142857,9952,False,False
11,11,0,0.0,11080,False,False
23,23,0,0.0,9642,False,False
22,22,0,0.0,9618,False,False
3,3,0,0.0,7293,False,False
18,16,2,0.1111111111111111,11351,False,False
20,20,0,0.0,12122,False,False
19,18,1,0.05263157894736842,8922,False,False
20,19,1,0.05,13543,False,False
25,25,0,0.0,10601,False,False
18,16,2,0.1111111111111111,4543,False,False
6,5,1,0.16666666666666666,10072,False,False
25,23,2,0.08,11593,False,False
15,15,0,0.0,9415,False,False
9,9,0,0.0,8196,False,False
11,11,0,0.0,7712,False,False
12,9,3,0.25,10288,False,False
25,25,0,0.0,12020,False,False
16,15,1,0.0625,9789,False,False
26,26,0,0.0,11084,False,False
2,2,0,0.0,7920,False,False
21,18,3,0.14285714285714285,13547,False,False
5,5,0,0.0,11784,False,False
6,4,2,0.3333333333333333,3142,False,False
19,18,1,0.05263157894736842,9443,False,False
16,16,0,0.0,11124,False,False
25,24,1,0.04,11035,False,False
26,23,3,0.11538461538461539,9206,False,False
18,16,2,0.1111111111111111,12265,False,False
5,5,0,0.0,412,False,False
17,16,1,0.058823529411764705,9506,False,False
4,4,0,0.0,13774,False,False
15,14,1,0.06666666666666667,11617,False,False
8,6,2,0.25,8628,False,False
7,6,1,0.14285714285714285,10576,False,False
26,25,1,0.038461538461538464,9558,False,False
22,20,2,0.09090909090909091,14554,False,False
6,6,0,0.0,8285,False,False
19,19,0,0.0,13357,False,False
26,26,0,0.0,11406,False,False
24,22,2,0.08333333333333333,14116,False,False
15,11,4,0.26666666666666666,5349,False,False
21,17,4,0.19047619047619047,9404,False,False
26,24,2,0.07692307692307693,9543,False,False
6,6,0,0.0,6283,False,False
8,8,0,0.0,6337,False,False
16,15,1,0.0625,13436,False,False
24,23,1,0.041666666666666664,10877,False,False
23,19,4,0.17391304347826086,10992,False,False
24,22,2,0.08333333333333333,10193,False,False
8,8,0,0.0,14245,False,False
21,20,1,0.047619047619047616,12404,False,False
25,22,3,0.12,421,False,False
16,11,5,0.3125,9125,False,False
22,17,5,0.22727272727272727,5889,False,False
27,26,1,0.037037037037037035,9318,False,False
4,4,0,0.0,113,False,False
17,12,5,0.29411764705882354,7647,False,False
18,15,3,0.16666666666666666,12883,False,False
14,13,1,0.07142857142857142,11611,False,False
21,19,2,0.09523809523809523,11469,False,False
29,27,2,0.06896551724137931,10172,False,False
2,2,0,0.0,13346,False,False
10,10,0,0.0,14383,False,False
24,22,2,0.08333333333333333,8985,False,False
22,18,4,0.18181818181818182,10364,False,False
17,17,0,0.0,13110,False,False
8,8,0,0.0,13948,False,False
22,22,0,0.0,10207,False,False
12,11,1,0.08333333333333333,13530,False,False
3,2,1,0.3333333333333333,11844,False,False
12,12,0,0.0,1840,False,False
12,10,2,0.16666666666666666,12335,False,False
9,7,2,0.2222222222222222,9827,False,False
19,19,0,0.0,8343,False,False
26,26,0,0.0,12551,False,False
17,16,1,0.058823529411764705,12808,False,False
22,21,1,0.045454545454545456,11476,False,False
6,6,0,0.0,10779,False,False
8,7,1,0.125,9757,False,False
23,21,2,0.08695652173913043,12289,False,False
27,25,2,0.07407407407407407,9906,False,False
16,13,3,0.1875,12995,False,False
25,25,0,0.0,13860,False,False
13,13,0,0.0,9176,False,False
9,9,0,0.0,11481,False,False
22,22,0,0.0,14544,False,False
18,18,0,0.0,12852,False,False
24,24,0,0.0,10264,False,False
20,19,1,0.05,2819,False,False
16,16,0,0.0,8554,False,False
14,14,0,0.0,12922,False,False
21,21,0,0.0,12537,False,False
7,7,0,0.0,4336,False,False
26,21,5,0.19230769230769232,11004,False,False
10,9,1,0.1,5305,False,False
13,13,0,0.0,10719,False,False
21,19,2,0.09523809523809523,14215,False,False
15,15,0,0.0,6131,False,False
22,21,1,0.045454545454545456,10769,False,False
22,21,1,0.045454545454545456,9851,False,False
19,18,1,0.05263157894736842,11316,False,False
11,11,0,0.0,9792,False,False
23,22,1,0.043478260869565216,10009,False,False
29,26,3,0.10344827586206896,3563,False,False
23,23,0,0.0,10503,False,False
5,5,0,0.0,313,False,False
16,15,1,0.0625,13581,False,False
14,13,1,0.07142857142857142,8940,False,False
24,23,1,0.041666666666666664,1150,False,False
17,15,2,0.11764705882352941,13002,False,False
8,8,0,0.0,13059,False,False
22,22,0,0.0,13614,False,False
18,15,3,0.16666666666666666,14549,False,False
12,12,0,0.0,11725,False,False
6,3,3,0.5,10019,False,False
10,10,0,0.0,7732,False,False
15,12,3,0.2,7597,False,False
16,13,3,0.1875,5099,False,False
19,19,0,0.0,9638,False,False
21,20,1,0.047619047619047616,12322,False,False
20,20,0,0.0,9353,False,False
21,21,0,0.0,10116,False,False
24,23,1,0.041666666666666664,10439,False,False
8,8,0,0.0,9100,False,False
5,5,0,0.0,3103,False,False
22,22,0,0.0,12898,False,False
23,23,0,0.0,9372,False,False
22,20,2,0.09090909090909091,13485,False,False
25,24,1,0.04,11809,False,False
26,26,0,0.0,9597,False,False
10,9,1,0.1,12550,False,False
19,18,1,0.05263157894736842,12601,False,False
17,17,0,0.0,8523,False,False
5,5,0,0.0,3730,False,False
22,21,1,0.045454545454545456,12894,False,False
14,12,2,0.14285714285714285,13062,False,False
22,21,1,0.045454545454545456,8066,False,False
17,14,3,0.17647058823529413,11352,False,False
13,13,0,0.0,12687,False,False
18,18,0,0.0,12588,False,False
21,21,0,0.0,11126,False,False
18,17,1,0.05555555555555555,10434,False,False
25,24,1,0.04,12794,False,False
19,17,2,0.10526315789473684,9446,False,False
15,13,2,0.13333333333333333,5558,False,False
16,16,0,0.0,10059,False,False
25,25,0,0.0,11202,False,False
16,14,2,0.125,11858,False,False
22,22,0,0.0,11459,False,False
15,15,0,0.0,14326,False,False
11,11,0,0.0,11182,False,False
11,10,1,0.09090909090909091,4927,False,False
18,18,0,0.0,11452,False,False
23,21,2,0.08695652173913043,12826,False,False
10,8,2,0.2,2482,False,False
20,20,0,0.0,10315,False,False
12,12,0,0.0,5985,False,False
22,22,0,0.0,10453,False,False
9,9,0,0.0,7705,False,False
18,15,3,0.16666666666666666,13679,False,False
28,24,4,0.14285714285714285,773,False,False
9,9,0,0.0,13160,False,False
16,16,0,0.0,6263,False,False
11,11,0,0.0,11848,False,False
25,25,0,0.0,11317,False,False
5,4,1,0.2,8094,False,False
13,12,1,0.07692307692307693,9145,False,False
22,22,0,0.0,9303,False,False
18,18,0,0.0,9655,False,False
20,19,1,0.05,13090,False,False
16,14,2,0.125,11822,False,False
23,20,3,0.13043478260869565,12284,False,False
19,19,0,0.0,10922,False,False
19,19,0,0.0,12682,False,False
24,24,0,0.0,10077,False,False
11,10,1,0.09090909090909091,8860,False,False
7,7,0,0.0,189,False,False
12,11,1,0.08333333333333333,12437,False,False
12,12,0,0.0,11523,False,False
24,23,1,0.041666666666666664,12460,False,False
25,25,0,0.0,9299,False,False
23,22,1,0.043478260869565216,10648,False,False
9,9,0,0.0,2228,False,False
15,15,0,0.0,10597,False,False
25,25,0,0.0,11475,False,False
21,19,2,0.09523809523809523,9498,False,False
15,14,1,0.06666666666666667,690,False,False
21,19,2,0.09523809523809523,9746,False,False
21,21,0,0.0,11917,False,False
20,17,3,0.15,9175,False,False
25,25,0,0.0,12045,False,False
16,15,1,0.0625,14363,False,False
7,7,0,0.0,9442,False,False
11,11,0,0.0,13185,False,False
22,21,1,0.045454545454545456,14321,False,False
16,16,0,0.0,10230,False,False
8,7,1,0.125,908,False,False
4,4,0,0.0,9860,False,False
13,13,0,0.0,3279,False,False
19,16,3,0.15789473684210525,11106,False,False
26,23,3,0.11538461538461539,8574,False,False
13,13,0,0.0,10060,False,False
13,11,2,0.15384615384615385,14284,False,False
21,21,0,0.0,12772,False,False
19,19,0,0.0,10330,False,False
23,23,0,0.0,12119,False,False
23,23,0,0.0,9337,False,False
10,10,0,0.0,9809,False,False
18,18,0,0.0,9848,False,False
10,6,4,0.4,6371,False,False
21,19,2,0.09523809523809523,6652,False,False
19,19,0,0.0,11172,False,False
24,24,0,0.0,11166,False,False
11,11,0,0.0,12081,False,False
8,7,1,0.125,8993,False,False
5,5,0,0.0,3659,False,False
22,22,0,0.0,13708,False,False
13,13,0,0.0,10711,False,False
19,18,1,0.05263157894736842,12611,False,False
6,5,1,0.16666666666666666,8472,False,False
15,12,3,0.2,14551,False,False
20,18,2,0.1,8924,False,False
21,20,1,0.047619047619047616,14291,False,False
13,13,0,0.0,7829,False,False
26,23,3,0.11538461538461539,13555,False,False
31,29,2,0.06451612903225806,13891,False,False
13,13,0,0.0,9998,False,False
16,13,3,0.1875,4958,False,False
18,16,2,0.1111111111111111,13624,False,False
7,7,0,0.0,9690,False,False
14,12,2,0.14285714285714285,14409,False,False
11,11,0,0.0,9333,False,False
20,20,0,0.0,13746,False,False
14,14,0,0.0,11148,False,False
8,7,1,0.125,5420,False,False
24,22,2,0.08333333333333333,11613,False,False
23,23,0,0.0,9043,False,False
18,15,3,0.16666666666666666,13180,False,False
24,24,0,0.0,13014,False,False
19,15,4,0.21052631578947367,14194,False,False
10,10,0,0.0,12574,False,False
22,22,0,0.0,12879,False,False
22,21,1,0.045454545454545456,12758,False,False
22,22,0,0.0,14627,False,False
21,21,0,0.0,11508,False,False
23,23,0,0.0,11503,False,False
3,3,0,0.0,13800,False,False
3,3,0,0.0,3877,False,False
4,4,0,0.0,4566,False,False
21,21,0,0.0,11446,False,False
28,27,1,0.03571428571428571,14142,False,False
26,25,1,0.038461538461538464,9380,False,False
12,12,0,0.0,14157,False,False
22,22,0,0.0,12897,False,False
29,29,0,0.0,13451,False,False
13,13,0,0.0,12644,False,False
15,15,0,0.0,11650,False,False
17,16,1,0.058823529411764705,11300,False,False
23,22,1,0.043478260869565216,10610,False,False
23,21,2,0.08695652173913043,11048,False,False
5,5,0,0.0,12076,False,False
18,18,0,0.0,6840,False,False
4,4,0,0.0,10001,False,False
19,18,1,0.05263157894736842,12710,False,False
24,24,0,0.0,7579,False,False
23,23,0,0.0,14176,False,False
21,21,0,0.0,11020,False,False
12,12,0,0.0,12184,False,False
23,23,0,0.0,12525,False,False
24,24,0,0.0,13582,False,False
23,23,0,0.0,12124,False,False
23,22,1,0.043478260869565216,13432,False,False
19,19,0,0.0,9217,False,False
1,1,0,0.0,193,False,False
26,25,1,0.038461538461538464,3440,False,False
19,19,0,0.0,14214,False,False
23,23,0,0.0,13666,False,False
23,23,0,0.0,11748,False,False
23,22,1,0.043478260869565216,12618,False,False
11,6,5,0.45454545454545453,4022,False,False
6,4,2,0.3333333333333333,12490,False,False
19,19,0,0.0,10491,False,False
20,20,0,0.0,13568,False,False
8,8,0,0.0,11502,False,False
28,28,0,0.0,12681,False,False
24,23,1,0.041666666666666664,13223,False,False
17,16,1,0.058823529411764705,12555,False,False
17,16,1,0.058823529411764705,13632,False,False
24,24,0,0.0,10743,False,False
9,6,3,0.3333333333333333,2209,False,False
21,20,1,0.047619047619047616,2748,False,False
23,22,1,0.043478260869565216,9798,False,False
20,18,2,0.1,11460,False,False
17,17,0,0.0,347,False,False
18,14,4,0.2222222222222222,14332,False,False
16,15,1,0.0625,11154,False,False
25,20,5,0.2,12780,False,False
20,19,1,0.05,10038,False,False
18,16,2,0.1111111111111111,6823,False,False
22,22,0,0.0,13922,False,False
23,22,1,0.043478260869565216,13687,False,False
18,18,0,0.0,9166,False,False
13,10,3,0.23076923076923078,10327,False,False
17,15,2,0.11764705882352941,12640,False,False
13,13,0,0.0,5194,False,False
11,11,0,0.0,1020,False,False
22,21,1,0.045454545454545456,9592,False,False
22,21,1,0.045454545454545456,14304,False,False
21,21,0,0.0,13327,False,False
29,28,1,0.034482758620689655,8674,False,False
20,17,3,0.15,7673,False,False
9,9,0,0.0,9222,False,False
13,13,0,0.0,11492,False,False
23,22,1,0.043478260869565216,11010,False,False
10,8,2,0.2,254,False,False
19,18,1,0.05263157894736842,3722,False,False
18,14,4,0.2222222222222222,891,False,False
12,12,0,0.0,9988,False,False
7,5,2,0.2857142857142857,11427,False,False
25,25,0,0.0,12676,False,False
22,21,1,0.045454545454545456,9593,False,False
4,2,2,0.5,10696,False,False
23,21,2,0.08695652173913043,9684,False,False
23,23,0,0.0,10043,False,False
21,19,2,0.09523809523809523,12246,False,False
27,27,0,0.0,12448,False,False
3,3,0,0.0,9255,False,False
9,9,0,0.0,10571,False,False
24,24,0,0.0,10754,False,False
2,1,1,0.5,324,False,False
18,17,1,0.05555555555555555,843,False,False
15,14,1,0.06666666666666667,9544,False,False
15,14,1,0.06666666666666667,12377,False,False
26,26,0,0.0,12015,False,False
12,12,0,0.0,12346,False,False
21,16,5,0.23809523809523808,8895,False,False
19,19,0,0.0,6572,False,False
13,10,3,0.23076923076923078,9240,False,False
4,4,0,0.0,11863,False,False
15,14,1,0.06666666666666667,6027,False,False
9,9,0,0.0,14392,False,False
15,14,1,0.06666666666666667,6119,False,False
21,20,1,0.047619047619047616,12743,False,False
19,17,2,0.10526315789473684,10556,False,False
20,18,2,0.1,11047,False,False
15,12,3,0.2,14025,False,False
22,21,1,0.045454545454545456,3641,False,False
25,22,3,0.12,9893,False,False
11,11,0,0.0,11703,False,False
8,8,0,0.0,10404,False,False
13,13,0,0.0,13310,False,False
8,8,0,0.0,9515,False,False
10,9,1,0.1,5033,False,False
13,12,1,0.07692307692307693,7460,False,False
22,21,1,0.045454545454545456,10231,False,False
22,20,2,0.09090909090909091,9178,False,False
21,20,1,0.047619047619047616,6543,False,False
22,20,2,0.09090909090909091,9431,False,False
19,19,0,0.0,13908,False,False
16,16,0,0.0,6783,False,False
3,3,0,0.0,4560,False,False
25,25,0,0.0,10933,False,False
24,24,0,0.0,12742,False,False
17,17,0,0.0,11402,False,False
5,5,0,0.0,13942,False,False
26,26,0,0.0,12003,False,False
18,12,6,0.3333333333333333,14126,False,False
2,2,0,0.0,13278,False,False
2,2,0,0.0,7881,False,False
20,20,0,0.0,9229,False,False
13,13,0,0.0,10443,False,False
2,2,0,0.0,13442,False,False
21,20,1,0.047619047619047616,14399,False,False
23,23,0,0.0,13653,False,False
14,11,3,0.21428571428571427,2710,False,False
13,13,0,0.0,12299,False,False
26,25,1,0.038461538461538464,12295,False,False
19,19,0,0.0,13465,False,False
20,20,0,0.0,5829,False,False
7,6,1,0.14285714285714285,10729,False,False
15,15,0,0.0,14543,False,False
21,20,1,0.047619047619047616,13505,False,False
23,22,1,0.043478260869565216,14018,False,False
14,14,0,0.0,12245,False,False
26,26,0,0.0,11824,False,False
22,21,1,0.045454545454545456,9785,False,False
12,12,0,0.0,12023,False,False
9,7,2,0.2222222222222222,14022,False,False
12,11,1,0.08333333333333333,13105,False,False
3,3,0,0.0,234,False,False
21,21,0,0.0,13378,False,False
25,23,2,0.08,14106,False,False
9,9,0,0.0,5989,False,False
19,19,0,0.0,14581,False,False
18,18,0,0.0,13291,False,False
12,12,0,0.0,10805,False,False
6,6,0,0.0,1681,False,False
12,10,2,0.16666666666666666,6022,False,False
7,6,1,0.14285714285714285,5958,False,False
19,16,3,0.15789473684210525,13230,False,False
20,18,2,0.1,14408,False,False
7,7,0,0.0,6016,False,False
16,14,2,0.125,5557,False,False
6,5,1,0.16666666666666666,10204,False,False
25,25,0,0.0,9975,False,False
19,19,0,0.0,8961,False,False
10,10,0,0.0,11636,False,False
20,19,1,0.05,10926,False,False
20,20,0,0.0,5464,False,False
2,2,0,0.0,9578,False,False
22,21,1,0.045454545454545456,13464,False,False
8,8,0,0.0,11301,False,False
20,19,1,0.05,9545,False,False
6,5,1,0.16666666666666666,6126,False,False
4,3,1,0.25,3294,False,False
12,10,2,0.16666666666666666,14625,False,False
17,15,2,0.11764705882352941,12467,False,False
12,10,2,0.16666666666666666,11572,False,False
15,15,0,0.0,12018,False,False
7,7,0,0.0,13152,False,False
17,15,2,0.11764705882352941,9108,False,False
24,23,1,0.041666666666666664,9243,False,False
23,22,1,0.043478260869565216,9124,False,False
16,16,0,0.0,12140,False,False
24,22,2,0.08333333333333333,11403,False,False
14,13,1,0.07142857142857142,11600,False,False
23,21,2,0.08695652173913043,10810,False,False
13,12,1,0.07692307692307693,14453,False,False
15,15,0,0.0,10671,False,False
10,10,0,0.0,4979,False,False
23,23,0,0.0,11284,False,False
12,11,1,0.08333333333333333,10788,False,False
23,22,1,0.043478260869565216,9523,False,False
30,29,1,0.03333333333333333,9924,False,False
25,24,1,0.04,11678,False,False
12,12,0,0.0,10757,False,False
13,12,1,0.07692307692307693,4723,False,False
24,24,0,0.0,10631,False,False
16,14,2,0.125,3133,False,False
2,2,0,0.0,1079,False,False
20,20,0,0.0,13960,False,False
18,14,4,0.2222222222222222,13212,False,False
18,18,0,0.0,10664,False,False
19,18,1,0.05263157894736842,11738,False,False
25,24,1,0.04,12321,False,False
25,24,1,0.04,14369,False,False
14,14,0,0.0,13806,False,False
23,20,3,0.13043478260869565,14587,False,False
16,16,0,0.0,12083,False,False
5,3,2,0.4,9390,False,False
19,19,0,0.0,14109,False,False
23,23,0,0.0,10927,False,False
17,15,2,0.11764705882352941,10893,False,False
13,13,0,0.0,11893,False,False
2,2,0,0.0,1864,False,False
5,5,0,0.0,14327,False,False
19,18,1,0.05263157894736842,11837,False,False
1,1,0,0.0,3604,False,False
4,4,0,0.0,3320,False,False
19,18,1,0.05263157894736842,264,False,False
2,2,0,0.0,1170,False,False
24,24,0,0.0,9467,False,False
22,21,1,0.045454545454545456,5517,False,False
25,21,4,0.16,9348,False,False
20,19,1,0.05,11767,False,False
16,16,0,0.0,14115,False,False
22,19,3,0.13636363636363635,5815,False,False
7,7,0,0.0,8481,False,False
13,13,0,0.0,13195,False,False
9,7,2,0.2222222222222222,12648,False,False
22,22,0,0.0,12714,False,False
17,17,0,0.0,12510,False,False
19,18,1,0.05263157894736842,12905,False,False
19,17,2,0.10526315789473684,4297,False,False
10,10,0,0.0,2018,False,False
15,15,0,0.0,11881,False,False
18,17,1,0.05555555555555555,10057,False,False
20,20,0,0.0,14004,False,False
21,19,2,0.09523809523809523,13882,False,False
23,23,0,0.0,13472,False,False
26,26,0,0.0,10331,False,False
18,18,0,0.0,12813,False,False
22,22,0,0.0,11871,False,False
15,13,2,0.13333333333333333,4621,False,False
19,17,2,0.10526315789473684,10349,False,False
18,18,0,0.0,10125,False,False
24,24,0,0.0,11853,False,False
1,1,0,0.0,4924,False,False
15,15,0,0.0,10727,False,False
23,23,0,0.0,14015,False,False
21,20,1,0.047619047619047616,9708,False,False
25,25,0,0.0,13913,False,False
19,17,2,0.10526315789473684,10033,False,False
13,11,2,0.15384615384615385,5608,False,False
18,14,4,0.2222222222222222,5937,False,False
5,5,0,0.0,10030,False,False
15,14,1,0.06666666666666667,9865,False,False
8,8,0,0.0,13063,False,False
8,7,1,0.125,9990,False,False
26,26,0,0.0,11873,False,False
17,16,1,0.058823529411764705,13368,False,False
21,18,3,0.14285714285714285,12763,False,False
18,18,0,0.0,13611,False,False
21,20,1,0.047619047619047616,14465,False,False
19,17,2,0.10526315789473684,12909,False,False
27,25,2,0.07407407407407407,11378,False,False
3,3,0,0.0,8465,False,False
18,17,1,0.05555555555555555,9549,False,False
19,19,0,0.0,12180,False,False
10,8,2,0.2,11373,False,False
3,3,0,0.0,12996,False,False
5,5,0,0.0,12499,False,False
22,18,4,0.18181818181818182,10201,False,False
20,19,1,0.05,11688,False,False
14,14,0,0.0,12057,False,False
15,15,0,0.0,11464,False,False
8,7,1,0.125,7090,False,False
13,11,2,0.15384615384615385,10129,False,False
23,22,1,0.043478260869565216,10481,False,False
23,23,0,0.0,10628,False,False
20,20,0,0.0,10999,False,False
23,23,0,0.0,11763,False,False
22,22,0,0.0,10912,False,False
13,13,0,0.0,11999,False,False
6,6,0,0.0,10256,False,False
12,12,0,0.0,9858,False,False
4,4,0,0.0,6463,False,False
21,20,1,0.047619047619047616,13439,False,False
3,3,0,0.0,3558,False,False
12,11,1,0.08333333333333333,7260,False,False
18,15,3,0.16666666666666666,2883,False,False
14,14,0,0.0,9047,False,False
21,19,2,0.09523809523809523,12352,False,False
21,21,0,0.0,10753,False,False
10,9,1,0.1,7795,False,False
1,1,0,0.0,13151,False,False
17,17,0,0.0,9260,False,False
10,10,0,0.0,13576,False,False
17,17,0,0.0,11017,False,False
26,25,1,0.038461538461538464,10694,False,False
21,21,0,0.0,12673,False,False
24,23,1,0.041666666666666664,9649,False,False
21,20,1,0.047619047619047616,14182,False,False
26,26,0,0.0,13410,False,False
23,22,1,0.043478260869565216,14608,False,False
10,10,0,0.0,2678,False,False
13,13,0,0.0,10987,False,False
5,2,3,0.6,6257,False,False
19,17,2,0.10526315789473684,13394,False,False
18,16,2,0.1111111111111111,10124,False,False
15,12,3,0.2,6067,False,False
8,6,2,0.25,13046,False,False
4,4,0,0.0,782,False,False
20,20,0,0.0,11998,False,False
13,12,1,0.07692307692307693,6339,False,False
22,20,2,0.09090909090909091,11437,False,False
10,10,0,0.0,13417,False,False
19,19,0,0.0,14328,False,False
19,15,4,0.21052631578947367,10627,False,False
24,24,0,0.0,9740,False,False
28,28,0,0.0,10760,False,False
19,18,1,0.05263157894736842,11090,False,False
25,24,1,0.04,6970,False,False
24,24,0,0.0,10347,False,False
22,20,2,0.09090909090909091,11283,False,False
24,23,1,0.041666666666666664,1538,False,False
6,6,0,0.0,7376,False,False
10,8,2,0.2,12130,False,False
9,8,1,0.1111111111111111,11448,False,False
25,22,3,0.12,5134,False,False
20,17,3,0.15,13315,False,False
18,16,2,0.1111111111111111,11679,False,False
31,31,0,0.0,9685,False,False
3,3,0,0.0,2329,False,False
8,8,0,0.0,8725,False,False
14,13,1,0.07142857142857142,14467,False,False
4,4,0,0.0,12730,False,False
2,2,0,0.0,7294,False,False
3,3,0,0.0,2070,False,False
19,17,2,0.10526315789473684,10517,False,False
22,21,1,0.045454545454545456,9394,False,False
11,11,0,0.0,14309,False,False
24,24,0,0.0,13100,False,False
8,8,0,0.0,11288,False,False
12,11,1,0.08333333333333333,13342,False,False
29,29,0,0.0,10498,False,False
8,7,1,0.125,11171,False,False
20,20,0,0.0,14226,False,False
23,23,0,0.0,13015,False,False
20,19,1,0.05,9752,False,False
21,18,3,0.14285714285714285,13820,False,False
15,12,3,0.2,6682,False,False
6,6,0,0.0,6431,False,False
22,22,0,0.0,13296,False,False
23,22,1,0.043478260869565216,1021,False,False
20,20,0,0.0,9710,False,False
16,16,0,0.0,10980,False,False
8,8,0,0.0,8847,False,False
5,5,0,0.0,10396,False,False
20,18,2,0.1,11043,False,False
8,7,1,0.125,9679,False,False
21,20,1,0.047619047619047616,10252,False,False
14,14,0,0.0,10365,False,False
12,10,2,0.16666666666666666,9882,False,False
23,22,1,0.043478260869565216,9722,False,False
4,4,0,0.0,8622,False,False
25,24,1,0.04,9782,False,False
9,8,1,0.1111111111111111,10569,False,False
24,22,2,0.08333333333333333,1267,False,False
23,23,0,0.0,7135,False,False
4,3,1,0.25,3292,False,False
25,25,0,0.0,10133,False,False
13,13,0,0.0,10055,False,False
15,14,1,0.06666666666666667,11353,False,False
4,4,0,0.0,8016,False,False
17,13,4,0.23529411764705882,13184,False,False
21,20,1,0.047619047619047616,12639,False,False
15,15,0,0.0,12068,False,False
6,6,0,0.0,10695,False,False
21,21,0,0.0,13998,False,False
11,11,0,0.0,8809,False,False
16,12,4,0.25,14353,False,False
17,16,1,0.058823529411764705,13907,False,False
9,7,2,0.2222222222222222,10196,False,False
10,10,0,0.0,2283,False,False
15,14,1,0.06666666666666667,7738,False,False
25,24,1,0.04,10747,False,False
19,18,1,0.05263157894736842,12218,False,False
24,24,0,0.0,11841,False,False
13,12,1,0.07692307692307693,12575,False,False
11,9,2,0.18181818181818182,333,False,False
15,15,0,0.0,11395,False,False
7,7,0,0.0,11785,False,False
15,15,0,0.0,8668,False,False
20,19,1,0.05,8184,False,False
22,21,1,0.045454545454545456,9616,False,False
13,13,0,0.0,11545,False,False
26,26,0,0.0,11932,False,False
28,27,1,0.03571428571428571,14227,False,False
25,23,2,0.08,14537,False,False
23,22,1,0.043478260869565216,11135,False,False
26,26,0,0.0,13987,False,False
8,8,0,0.0,14206,False,False
25,24,1,0.04,9704,False,False
17,17,0,0.0,10419,False,False
10,9,1,0.1,10831,False,False
29,29,0,0.0,11648,False,False
12,12,0,0.0,10379,False,False
2,2,0,0.0,12137,False,False
21,20,1,0.047619047619047616,13050,False,False
18,18,0,0.0,9332,False,False
24,22,2,0.08333333333333333,13258,False,False
15,14,1,0.06666666666666667,8676,False,False
17,17,0,0.0,9068,False,False
22,22,0,0.0,9245,False,False
30,30,0,0.0,10761,False,False
13,13,0,0.0,9733,False,False
21,16,5,0.23809523809523808,8740,False,False
21,18,3,0.14285714285714285,1670,False,False
10,10,0,0.0,10684,False,False
17,17,0,0.0,11918,False,False
18,17,1,0.05555555555555555,11836,False,False
8,6,2,0.25,4645,False,False
23,21,2,0.08695652173913043,248,False,False
25,21,4,0.16,12148,False,False
18,16,2,0.1111111111111111,4347,False,False
11,10,1,0.09090909090909091,9943,False,False
25,25,0,0.0,9363,False,False
22,19,3,0.13636363636363635,12286,False,False
8,8,0,0.0,9678,False,False
21,20,1,0.047619047619047616,13277,False,False
26,26,0,0.0,9520,False,False
9,9,0,0.0,8392,False,False
20,19,1,0.05,14523,False,False
11,10,1,0.09090909090909091,9807,False,False
12,12,0,0.0,10756,False,False
21,21,0,0.0,11992,False,False
20,19,1,0.05,14610,False,False
19,15,4,0.21052631578947367,6394,False,False
25,25,0,0.0,14461,False,False
23,23,0,0.0,9117,False,False
25,25,0,0.0,12700,False,False
4,4,0,0.0,7621,False,False
5,5,0,0.0,7320,False,False
4,4,0,0.0,5354,False,False
19,19,0,0.0,10490,False,False
21,21,0,0.0,13675,False,False
20,20,0,0.0,9663,False,False
21,21,0,0.0,10690,False,False
22,21,1,0.045454545454545456,14636,False,False
23,22,1,0.043478260869565216,10382,False,False
25,25,0,0.0,13692,False,False
15,13,2,0.13333333333333333,12672,False,False
15,11,4,0.26666666666666666,10120,False,False
24,24,0,0.0,9109,False,False
21,21,0,0.0,5339,False,False
17,17,0,0.0,12302,False,False
26,25,1,0.038461538461538464,9215,False,False
20,19,1,0.05,13048,False,False
15,14,1,0.06666666666666667,12679,False,False
8,6,2,0.25,7951,False,False
23,23,0,0.0,2848,False,False
20,19,1,0.05,9454,False,False
20,19,1,0.05,9832,False,False
24,23,1,0.041666666666666664,13685,False,False
8,8,0,0.0,13736,False,False
16,15,1,0.0625,4709,False,False
18,18,0,0.0,6117,False,False
28,28,0,0.0,9804,False,False
9,9,0,0.0,1306,False,False
21,20,1,0.047619047619047616,12546,False,False
27,25,2,0.07407407407407407,10734,False,False
25,25,0,0.0,9081,False,False
23,22,1,0.043478260869565216,10986,False,False
22,21,1,0.045454545454545456,10953,False,False
23,23,0,0.0,9656,False,False
24,24,0,0.0,11021,False,False
6,6,0,0.0,9933,False,False
12,6,6,0.5,7964,False,False
18,18,0,0.0,2531,False,False
18,14,4,0.2222222222222222,5490,False,False
19,17,2,0.10526315789473684,11461,False,False
24,22,2,0.08333333333333333,13655,False,False
25,23,2,0.08,4822,False,False
28,27,1,0.03571428571428571,1634,False,False
4,4,0,0.0,2581,False,False
21,21,0,0.0,10412,False,False
22,20,2,0.09090909090909091,14231,False,False
21,18,3,0.14285714285714285,10796,False,False
20,20,0,0.0,13492,False,False
24,24,0,0.0,14513,False,False
26,26,0,0.0,10891,False,False
1,1,0,0.0,4091,False,False
7,6,1,0.14285714285714285,8355,False,False
25,25,0,0.0,13179,False,False
18,18,0,0.0,13077,False,False
20,19,1,0.05,7124,False,False
8,8,0,0.0,57,False,False
7,7,0,0.0,12831,False,False
22,21,1,0.045454545454545456,14531,False,False
17,17,0,0.0,11755,False,False
13,11,2,0.15384615384615385,10411,False,False
24,24,0,0.0,13016,False,False
5,5,0,0.0,3137,False,False
2,2,0,0.0,2647,False,False
3,3,0,0.0,8884,False,False
21,18,3,0.14285714285714285,9955,False,False
12,12,0,0.0,14124,False,False
22,22,0,0.0,9396,False,False
22,22,0,0.0,4597,False,False
6,6,0,0.0,11758,False,False
9,9,0,0.0,8515,False,False
6,3,3,0.5,14202,False,False
16,16,0,0.0,13489,False,False
25,25,0,0.0,11933,False,False
27,27,0,0.0,11875,False,False
21,20,1,0.047619047619047616,12348,False,False
9,9,0,0.0,9148,False,False
4,4,0,0.0,1171,False,False
8,8,0,0.0,8253,False,False
25,24,1,0.04,10867,False,False
24,22,2,0.08333333333333333,9718,False,False
28,28,0,0.0,13539,False,False
10,9,1,0.1,13343,False,False
23,22,1,0.043478260869565216,10099,False,False
24,22,2,0.08333333333333333,2303,False,False
4,4,0,0.0,5053,False,False
18,18,0,0.0,11952,False,False
8,8,0,0.0,6149,False,False
24,23,1,0.041666666666666664,9661,False,False
23,20,3,0.13043478260869565,11322,False,False
25,25,0,0.0,9330,False,False
5,4,1,0.2,11313,False,False
27,25,2,0.07407407407407407,11596,False,False
17,15,2,0.11764705882352941,14430,False,False
24,21,3,0.125,13649,False,False
16,15,1,0.0625,14478,False,False
16,12,4,0.25,9346,False,False
16,15,1,0.0625,13634,False,False
17,17,0,0.0,12744,False,False
18,16,2,0.1111111111111111,10311,False,False
24,23,1,0.041666666666666664,10159,False,False
7,7,0,0.0,846,False,False
20,20,0,0.0,9778,False,False
7,6,1,0.14285714285714285,13039,False,False
23,23,0,0.0,11150,False,False
22,22,0,0.0,13148,False,False
4,4,0,0.0,4961,False,False
22,22,0,0.0,12937,False,False
23,23,0,0.0,13589,False,False
22,21,1,0.045454545454545456,5451,False,False
19,18,1,0.05263157894736842,10023,False,False
9,9,0,0.0,1861,False,False
26,26,0,0.0,9140,False,False
12,12,0,0.0,12388,False,False
12,12,0,0.0,13362,False,False
22,22,0,0.0,9777,False,False
17,16,1,0.058823529411764705,13166,False,False
21,21,0,0.0,12913,False,False
19,19,0,0.0,8275,False,False
23,21,2,0.08695652173913043,11236,False,False
22,21,1,0.045454545454545456,11708,False,False
16,16,0,0.0,6785,False,False
6,3,3,0.5,6636,False,False
20,18,2,0.1,12301,False,False
23,21,2,0.08695652173913043,9173,False,False
20,17,3,0.15,9623,False,False
12,11,1,0.08333333333333333,5766,False,False
20,20,0,0.0,14211,False,False
12,12,0,0.0,6219,False,False
27,27,0,0.0,7725,False,False
12,11,1,0.08333333333333333,7706,False,False
18,18,0,0.0,6005,False,False
10,8,2,0.2,3654,False,False
4,3,1,0.25,6446,False,False
22,21,1,0.045454545454545456,11292,False,False
18,16,2,0.1111111111111111,12910,False,False
18,18,0,0.0,114,False,False
10,8,2,0.2,3434,False,False
25,25,0,0.0,10594,False,False
15,14,1,0.06666666666666667,13495,False,False
9,9,0,0.0,10958,False,False
20,19,1,0.05,12472,False,False
2,1,1,0.5,10283,False,False
6,6,0,0.0,8817,False,False
21,21,0,0.0,13931,False,False
17,17,0,0.0,10856,False,False
18,17,1,0.05555555555555555,11355,False,False
15,15,0,0.0,14567,False,False
25,25,0,0.0,14343,False,False
18,17,1,0.05555555555555555,10752,False,False
9,9,0,0.0,6851,False,False
27,26,1,0.037037037037037035,10599,False,False
18,16,2,0.1111111111111111,13992,False,False
13,13,0,0.0,12193,False,False
22,22,0,0.0,10783,False,False
21,21,0,0.0,13512,False,False
23,22,1,0.043478260869565216,14367,False,False
21,20,1,0.047619047619047616,5964,False,False
5,5,0,0.0,8018,False,False
23,22,1,0.043478260869565216,10358,False,False
3,2,1,0.3333333333333333,14002,False,False
12,10,2,0.16666666666666666,6800,False,False
16,16,0,0.0,11804,False,False
5,5,0,0.0,6387,False,False
24,22,2,0.08333333333333333,13612,False,False
26,26,0,0.0,13471,False,False
23,23,0,0.0,12675,False,False
21,21,0,0.0,11946,False,False
10,10,0,0.0,578,False,False
13,13,0,0.0,105,False,False
24,22,2,0.08333333333333333,11233,False,False
17,17,0,0.0,4352,False,False
4,4,0,0.0,2995,False,False
26,25,1,0.038461538461538464,10633,False,False
23,23,0,0.0,12789,False,False
22,22,0,0.0,3293,False,False
31,29,2,0.06451612903225806,11675,False,False
21,17,4,0.19047619047619047,12969,False,False
23,22,1,0.043478260869565216,9153,False,False
12,12,0,0.0,11632,False,False
13,12,1,0.07692307692307693,13001,False,False
19,19,0,0.0,14125,False,False
22,20,2,0.09090909090909091,9199,False,False
24,23,1,0.041666666666666664,13777,False,False
16,16,0,0.0,14375,False,False
25,23,2,0.08,13045,False,False
14,14,0,0.0,12747,False,False
9,9,0,0.0,11485,False,False
20,20,0,0.0,12163,False,False
12,12,0,0.0,12303,False,False
27,27,0,0.0,12000,False,False
6,5,1,0.16666666666666666,6647,False,False
3,3,0,0.0,7731,False,False
22,21,1,0.045454545454545456,10247,False,False
18,17,1,0.05555555555555555,2602,False,False
24,24,0,0.0,12818,False,False
18,18,0,0.0,12738,False,False
12,10,2,0.16666666666666666,12630,False,False
14,14,0,0.0,7005,False,False
25,25,0,0.0,9302,False,False
11,9,2,0.18181818181818182,4974,False,False
22,22,0,0.0,14034,False,False
9,9,0,0.0,6930,False,False
6,4,2,0.3333333333333333,10051,False,False
6,6,0,0.0,8348,False,False
18,18,0,0.0,12025,False,False
22,21,1,0.045454545454545456,12690,False,False
5,5,0,0.0,8076,False,False
9,9,0,0.0,14236,False,False
4,3,1,0.25,7760,False,False
18,17,1,0.05555555555555555,10026,False,False
15,13,2,0.13333333333333333,14118,False,False
19,15,4,0.21052631578947367,5994,False,False
23,23,0,0.0,9720,False,False
27,27,0,0.0,12132,False,False
20,20,0,0.0,9995,False,False
2,2,0,0.0,4964,False,False
20,20,0,0.0,14217,False,False
12,12,0,0.0,4350,False,False
20,20,0,0.0,9925,False,False
20,18,2,0.1,9165,False,False
24,23,1,0.041666666666666664,9528,False,False
16,14,2,0.125,9310,False,False
24,21,3,0.125,11051,False,False
4,4,0,0.0,3460,False,False
2,2,0,0.0,6443,False,False
19,18,1,0.05263157894736842,13558,False,False
21,21,0,0.0,10982,False,False
21,20,1,0.047619047619047616,11453,False,False
2,2,0,0.0,6311,False,False
7,6,1,0.14285714285714285,998,False,False
25,25,0,0.0,6805,False,False
4,4,0,0.0,14529,False,False
15,15,0,0.0,11931,False,False
23,21,2,0.08695652173913043,11808,False,False
5,4,1,0.2,10854,False,False
10,9,1,0.1,238,False,False
24,23,1,0.041666666666666664,12964,False,False
18,18,0,0.0,13418,False,False
14,14,0,0.0,5107,False,False
24,23,1,0.041666666666666664,13429,False,False
7,7,0,0.0,4787,False,False
19,18,1,0.05263157894736842,9726,False,False
22,22,0,0.0,12651,False,False
18,17,1,0.05555555555555555,14540,False,False
23,22,1,0.043478260869565216,12901,False,False
5,5,0,0.0,2851,False,False
1,1,0,0.0,3131,False,False
23,22,1,0.043478260869565216,13961,False,False
11,9,2,0.18181818181818182,332,False,False
17,17,0,0.0,12014,False,False
17,16,1,0.058823529411764705,12622,False,False
22,21,1,0.045454545454545456,9665,False,False
21,21,0,0.0,13146,False,False
18,18,0,0.0,11687,False,False
19,19,0,0.0,11865,False,False
16,16,0,0.0,13009,False,False
16,14,2,0.125,11673,False,False
25,25,0,0.0,10938,False,False
16,15,1,0.0625,14333,False,False
23,23,0,0.0,10680,False,False
14,13,1,0.07142857142857142,10964,False,False
9,6,3,0.3333333333333333,5472,False,False
20,20,0,0.0,13082,False,False
8,8,0,0.0,7715,False,False
24,21,3,0.125,14494,False,False
15,15,0,0.0,10367,False,False
19,19,0,0.0,9282,False,False
24,23,1,0.041666666666666664,12686,False,False
14,14,0,0.0,3511,False,False
20,18,2,0.1,13373,False,False
22,22,0,0.0,3798,False,False
17,17,0,0.0,127,False,False
23,22,1,0.043478260869565216,9915,False,False
22,22,0,0.0,6499,False,False
22,22,0,0.0,12835,False,False
20,19,1,0.05,9113,False,False
24,22,2,0.08333333333333333,14266,False,False
17,15,2,0.11764705882352941,9448,False,False
9,9,0,0.0,5512,False,False
17,17,0,0.0,12532,False,False
25,25,0,0.0,14331,False,False
15,15,0,0.0,10835,False,False
16,16,0,0.0,9817,False,False
15,15,0,0.0,6064,False,False
9,9,0,0.0,12930,False,False
16,14,2,0.125,8304,False,False
18,18,0,0.0,9069,False,False
28,28,0,0.0,9561,False,False
2,2,0,0.0,12406,False,False
18,18,0,0.0,11187,False,False
26,23,3,0.11538461538461539,12392,False,False
16,16,0,0.0,9939,False,False
22,18,4,0.18181818181818182,14344,False,False
16,15,1,0.0625,11622,False,False
7,5,2,0.2857142857142857,13390,False,False
25,25,0,0.0,12839,False,False
23,22,1,0.043478260869565216,10085,False,False
12,12,0,0.0,8714,False,False
11,7,4,0.36363636363636365,8824,False,False
25,23,2,0.08,12276,False,False
23,23,0,0.0,9488,False,False
17,15,2,0.11764705882352941,4629,False,False
30,30,0,0.0,14586,False,False
24,24,0,0.0,10859,False,False
15,13,2,0.13333333333333333,14101,False,False
25,24,1,0.04,8100,False,False
19,19,0,0.0,14058,False,False
23,22,1,0.043478260869565216,13287,False,False
21,21,0,0.0,14624,False,False
27,25,2,0.07407407407407407,12451,False,False
20,19,1,0.05,3545,False,False
24,24,0,0.0,13170,False,False
24,19,5,0.20833333333333334,14324,False,False
16,16,0,0.0,1164,False,False
20,20,0,0.0,10433,False,False
21,21,0,0.0,9359,False,False
21,20,1,0.047619047619047616,10263,False,False
14,14,0,0.0,11896,False,False
25,24,1,0.04,10312,False,False
19,16,3,0.15789473684210525,13095,False,False
27,25,2,0.07407407407407407,11114,False,False
15,15,0,0.0,6177,False,False
27,26,1,0.037037037037037035,11734,False,False
17,15,2,0.11764705882352941,12336,False,False
12,12,0,0.0,11677,False,False
15,11,4,0.26666666666666666,9668,False,False
23,23,0,0.0,13376,False,False
13,13,0,0.0,7662,False,False
25,23,2,0.08,6178,False,False
16,15,1,0.0625,11577,False,False
27,26,1,0.037037037037037035,9203,False,False
12,9,3,0.25,6114,False,False
21,20,1,0.047619047619047616,1352,False,False
10,10,0,0.0,9504,False,False
16,15,1,0.0625,10223,False,False
20,19,1,0.05,3687,False,False
23,22,1,0.043478260869565216,14162,False,False
17,16,1,0.058823529411764705,11081,False,False
17,16,1,0.058823529411764705,10067,False,False
18,17,1,0.05555555555555555,10101,False,False
26,26,0,0.0,12693,False,False
21,18,3,0.14285714285714285,9289,False,False
12,12,0,0.0,467,False,False
22,22,0,0.0,9936,False,False
7,7,0,0.0,9489,False,False
17,17,0,0.0,10808,False,False
5,5,0,0.0,12368,False,False
6,4,2,0.3333333333333333,14560,False,False
23,23,0,0.0,14165,False,False
21,21,0,0.0,10049,False,False
22,22,0,0.0,13040,False,False
25,25,0,0.0,9630,False,False
24,22,2,0.08333333333333333,11340,False,False
14,14,0,0.0,9628,False,False
19,17,2,0.10526315789473684,13897,False,False
18,17,1,0.05555555555555555,8715,False,False
20,18,2,0.1,11103,False,False
24,24,0,0.0,1633,False,False
23,23,0,0.0,11312,False,False
20,16,4,0.2,11743,False,False
17,16,1,0.058823529411764705,12202,False,False
18,17,1,0.05555555555555555,14272,False,False
12,12,0,0.0,10052,False,False
17,17,0,0.0,11993,False,False
12,12,0,0.0,8974,False,False
23,21,2,0.08695652173913043,13182,False,False
17,15,2,0.11764705882352941,9788,False,False
23,21,2,0.08695652173913043,6054,False,False
11,11,0,0.0,13384,False,False
2,2,0,0.0,4790,False,False
26,26,0,0.0,14044,False,False
20,19,1,0.05,11597,False,False
15,15,0,0.0,12973,False,False
1,1,0,0.0,11736,False,False
14,13,1,0.07142857142857142,9959,False,False
20,20,0,0.0,11144,False,False
11,11,0,0.0,427,False,False
20,19,1,0.05,13481,False,False
2,2,0,0.0,8317,False,False
19,18,1,0.05263157894736842,9784,False,False
6,6,0,0.0,9314,False,False
23,21,2,0.08695652173913043,9584,False,False
16,15,1,0.0625,13701,False,False
11,9,2,0.18181818181818182,475,False,False
15,13,2,0.13333333333333333,10547,False,False
15,15,0,0.0,11802,False,False
20,19,1,0.05,9540,False,False
19,19,0,0.0,14246,False,False
22,22,0,0.0,4668,False,False
23,23,0,0.0,9961,False,False
12,12,0,0.0,8318,False,False
21,21,0,0.0,5468,False,False
20,19,1,0.05,11806,False,False
26,26,0,0.0,11405,False,False
23,22,1,0.043478260869565216,14601,False,False
24,23,1,0.041666666666666664,13984,False,False
23,22,1,0.043478260869565216,12221,False,False
5,5,0,0.0,9401,False,False
26,24,2,0.07692307692307693,9177,False,False
27,27,0,0.0,14303,False,False
20,18,2,0.1,12561,False,False
20,20,0,0.0,13734,False,False
6,5,1,0.16666666666666666,5407,False,False
25,24,1,0.04,11445,False,False
27,27,0,0.0,9637,False,False
20,20,0,0.0,9402,False,False
6,6,0,0.0,10313,False,False
23,22,1,0.043478260869565216,14342,False,False
29,28,1,0.034482758620689655,9152,False,False
19,16,3,0.15789473684210525,14090,False,False
22,22,0,0.0,14334,False,False
22,21,1,0.045454545454545456,11366,False,False
21,20,1,0.047619047619047616,9196,False,False
25,24,1,0.04,11363,False,False
29,28,1,0.034482758620689655,9213,False,False
9,6,3,0.3333333333333333,10075,False,False
23,22,1,0.043478260869565216,12631,False,False
16,16,0,0.0,6938,False,False
14,12,2,0.14285714285714285,3895,False,False
14,14,0,0.0,9921,False,False
6,6,0,0.0,2799,False,False
14,13,1,0.07142857142857142,9440,False,False
16,15,1,0.0625,11538,False,False
22,20,2,0.09090909090909091,10215,False,False
24,23,1,0.041666666666666664,9973,False,False
9,9,0,0.0,11123,False,False
3,3,0,0.0,7890,False,False
21,18,3,0.14285714285714285,12613,False,False
21,21,0,0.0,9701,False,False
10,9,1,0.1,11421,False,False
22,22,0,0.0,11956,False,False
14,11,3,0.21428571428571427,13412,False,False
5,4,1,0.2,3886,False,False
22,22,0,0.0,13324,False,False
12,12,0,0.0,440,False,False
3,3,0,0.0,3531,False,False
25,24,1,0.04,13549,False,False
16,14,2,0.125,14425,False,False
21,20,1,0.047619047619047616,14252,False,False
16,14,2,0.125,9944,False,False
4,4,0,0.0,10183,False,False
22,21,1,0.045454545454545456,13008,False,False
23,23,0,0.0,11018,False,False
23,23,0,0.0,10579,False,False
22,21,1,0.045454545454545456,4057,False,False
23,23,0,0.0,10010,False,False
23,23,0,0.0,9219,False,False
27,26,1,0.037037037037037035,9518,False,False
24,24,0,0.0,14376,False,False
17,17,0,0.0,1672,False,False
15,14,1,0.06666666666666667,13541,False,False
27,23,4,0.14814814814814814,11107,False,False
14,13,1,0.07142857142857142,8907,False,False
26,25,1,0.038461538461538464,9964,False,False
20,19,1,0.05,12242,False,False
21,21,0,0.0,11319,False,False
15,14,1,0.06666666666666667,10225,False,False
7,7,0,0.0,13859,False,False
19,18,1,0.05263157894736842,5820,False,False
27,27,0,0.0,11367,False,False
19,17,2,0.10526315789473684,12502,False,False
13,13,0,0.0,10205,False,False
18,16,2,0.1111111111111111,10947,False,False
19,18,1,0.05263157894736842,9091,False,False
25,25,0,0.0,9142,False,False
27,27,0,0.0,12098,False,False
23,23,0,0.0,11396,False,False
22,21,1,0.045454545454545456,9527,False,False
8,6,2,0.25,13594,False,False
8,6,2,0.25,7850,False,False
13,10,3,0.23076923076923078,8111,False,False
4,4,0,0.0,687,False,False
14,13,1,0.07142857142857142,11289,False,False
3,3,0,0.0,11109,False,False
18,18,0,0.0,10068,False,False
22,22,0,0.0,11456,False,False
16,15,1,0.0625,2425,False,False
14,14,0,0.0,2371,False,False
18,15,3,0.16666666666666666,10685,False,False
13,13,0,0.0,8356,False,False
25,24,1,0.04,12279,False,False
12,12,0,0.0,12167,False,False
8,8,0,0.0,2914,False,False
29,22,7,0.2413793103448276,14427,False,False
12,12,0,0.0,12552,False,False
5,5,0,0.0,8694,False,False
23,23,0,0.0,2282,False,False
19,17,2,0.10526315789473684,5370,False,False
15,14,1,0.06666666666666667,11034,False,False
23,22,1,0.043478260869565216,10552,False,False
18,17,1,0.05555555555555555,9425,False,False
13,9,4,0.3076923076923077,8092,False,False
23,21,2,0.08695652173913043,14597,False,False
17,16,1,0.058823529411764705,4891,False,False
20,20,0,0.0,11193,False,False
23,22,1,0.043478260869565216,13532,False,False
12,12,0,0.0,9114,False,False
22,21,1,0.045454545454545456,9317,False,False
25,25,0,0.0,4923,False,False
24,24,0,0.0,11139,False,False
17,17,0,0.0,11913,False,False
26,26,0,0.0,12093,False,False
20,19,1,0.05,10656,False,False
20,19,1,0.05,10021,False,False
19,18,1,0.05263157894736842,13880,False,False
11,11,0,0.0,5996,False,False
16,13,3,0.1875,13535,False,False
26,26,0,0.0,11281,False,False
17,16,1,0.058823529411764705,12365,False,False
6,4,2,0.3333333333333333,9984,False,False
23,19,4,0.17391304347826086,13281,False,False
17,14,3,0.17647058823529413,13764,False,False
13,11,2,0.15384615384615385,11244,False,False
22,22,0,0.0,12718,False,False
21,21,0,0.0,10818,False,False
24,23,1,0.041666666666666664,12558,False,False
20,15,5,0.25,11701,False,False
24,24,0,0.0,9644,False,False
19,16,3,0.15789473684210525,12602,False,False
21,20,1,0.047619047619047616,11606,False,False
22,20,2,0.09090909090909091,10097,False,False
21,21,0,0.0,11892,False,False
3,3,0,0.0,1264,False,False
13,11,2,0.15384615384615385,13147,False,False
25,25,0,0.0,8717,False,False
18,18,0,0.0,5480,False,False
14,13,1,0.07142857142857142,12287,False,False
20,17,3,0.15,680,False,False
6,6,0,0.0,5031,False,False
24,24,0,0.0,10887,False,False
6,6,0,0.0,9664,False,False
21,21,0,0.0,14491,False,False
11,11,0,0.0,12237,False,False
5,5,0,0.0,14207,False,False
19,16,3,0.15789473684210525,9086,False,False
22,18,4,0.18181818181818182,11314,False,False
19,19,0,0.0,13917,False,False
24,24,0,0.0,9859,False,False
21,20,1,0.047619047619047616,11327,False,False
21,18,3,0.14285714285714285,11514,False,False
8,4,4,0.5,7820,False,False
19,19,0,0.0,10967,False,False
17,17,0,0.0,12154,False,False
11,11,0,0.0,13865,False,False
19,18,1,0.05263157894736842,11731,False,False
16,13,3,0.1875,13776,False,False
22,22,0,0.0,12069,False,False
7,7,0,0.0,436,False,False
3,3,0,0.0,9392,False,False
12,12,0,0.0,10459,False,False
3,3,0,0.0,12553,False,False
20,20,0,0.0,11414,False,False
20,16,4,0.2,12394,False,False
13,11,2,0.15384615384615385,2035,False,False
25,25,0,0.0,9122,False,False
5,5,0,0.0,8636,False,False
10,9,1,0.1,5666,False,False
20,19,1,0.05,9185,False,False
10,10,0,0.0,10839,False,False
7,6,1,0.14285714285714285,5697,False,False
15,14,1,0.06666666666666667,13656,False,False
17,14,3,0.17647058823529413,9342,False,False
4,4,0,0.0,6862,False,False
18,17,1,0.05555555555555555,14219,False,False
22,21,1,0.045454545454545456,14161,False,False
24,22,2,0.08333333333333333,10578,False,False
2,2,0,0.0,4938,False,False
17,17,0,0.0,11949,False,False
4,4,0,0.0,5874,False,False
9,8,1,0.1111111111111111,415,False,False
20,19,1,0.05,13930,False,False
21,18,3,0.14285714285714285,5506,False,False
15,15,0,0.0,10192,False,False
24,22,2,0.08333333333333333,12326,False,False
26,25,1,0.038461538461538464,9965,False,False
5,5,0,0.0,10776,False,False
17,17,0,0.0,13551,False,False
13,13,0,0.0,11663,False,False
17,15,2,0.11764705882352941,12748,False,False
20,20,0,0.0,9054,False,False
18,18,0,0.0,13870,False,False
19,18,1,0.05263157894736842,14352,False,False
9,8,1,0.1111111111111111,11308,False,False
28,28,0,0.0,11855,False,False
22,20,2,0.09090909090909091,11112,False,False
14,13,1,0.07142857142857142,5882,False,False
15,15,0,0.0,5286,False,False
19,18,1,0.05263157894736842,9097,False,False
21,21,0,0.0,13550,False,False
27,27,0,0.0,9775,False,False
6,6,0,0.0,12842,False,False
23,22,1,0.043478260869565216,10048,False,False
22,21,1,0.045454545454545456,9420,False,False
20,19,1,0.05,12399,False,False
23,23,0,0.0,9209,False,False
22,22,0,0.0,13546,False,False
14,13,1,0.07142857142857142,10235,False,False
4,3,1,0.25,13313,False,False
24,20,4,0.16666666666666666,14045,False,False
9,9,0,0.0,11702,False,False
15,15,0,0.0,10214,False,False
18,16,2,0.1111111111111111,6374,False,False
10,10,0,0.0,12360,False,False
7,5,2,0.2857142857142857,3566,False,False
19,19,0,0.0,13740,False,False
21,21,0,0.0,11411,False,False
13,12,1,0.07692307692307693,11455,False,False
22,22,0,0.0,14538,False,False
24,24,0,0.0,14507,False,False
19,18,1,0.05263157894736842,13458,False,False
18,17,1,0.05555555555555555,3595,False,False
19,19,0,0.0,12544,False,False
18,18,0,0.0,12828,False,False
11,11,0,0.0,10229,False,False
25,22,3,0.12,10472,False,False
13,12,1,0.07692307692307693,3317,False,False
10,10,0,0.0,10063,False,False
21,21,0,0.0,4666,False,False
21,21,0,0.0,12107,False,False
24,24,0,0.0,10112,False,False
24,23,1,0.041666666666666664,10362,False,False
8,8,0,0.0,14532,False,False
4,4,0,0.0,889,False,False
21,19,2,0.09523809523809523,10115,False,False
9,8,1,0.1111111111111111,10561,False,False
24,24,0,0.0,13936,False,False
23,19,4,0.17391304347826086,723,False,False
11,11,0,0.0,11053,False,False
25,21,4,0.16,11262,False,False
21,18,3,0.14285714285714285,14112,False,False
22,22,0,0.0,13367,False,False
15,14,1,0.06666666666666667,12340,False,False
17,16,1,0.058823529411764705,11623,False,False
29,29,0,0.0,10000,False,False
23,21,2,0.08695652173913043,12581,False,False
18,18,0,0.0,14055,False,False
2,2,0,0.0,6474,False,False
16,16,0,0.0,10228,False,False
9,6,3,0.3333333333333333,5325,False,False
20,18,2,0.1,8085,False,False
6,6,0,0.0,443,False,False
20,20,0,0.0,12292,False,False
20,19,1,0.05,13784,False,False
20,19,1,0.05,13965,False,False
13,13,0,0.0,12160,False,False
26,26,0,0.0,14402,False,False
8,8,0,0.0,6010,False,False
21,19,2,0.09523809523809523,9886,False,False
13,13,0,0.0,7317,False,False
15,14,1,0.06666666666666667,6231,False,False
25,21,4,0.16,11111,False,False
15,14,1,0.06666666666666667,13603,False,False
16,15,1,0.0625,10580,False,False
1,1,0,0.0,13766,False,False
8,8,0,0.0,12186,False,False
11,11,0,0.0,7923,False,False
14,14,0,0.0,117,False,False
18,16,2,0.1111111111111111,7217,False,False
8,8,0,0.0,10642,False,False
15,15,0,0.0,11840,False,False
10,10,0,0.0,13669,False,False
15,14,1,0.06666666666666667,11463,False,False
18,18,0,0.0,8735,False,False
18,16,2,0.1111111111111111,9626,False,False
23,22,1,0.043478260869565216,12773,False,False
12,11,1,0.08333333333333333,12870,False,False
24,24,0,0.0,14524,False,False
21,19,2,0.09523809523809523,11065,False,False
20,19,1,0.05,13531,False,False
22,21,1,0.045454545454545456,10654,False,False
10,10,0,0.0,5845,False,False
18,18,0,0.0,10925,False,False
18,15,3,0.16666666666666666,11131,False,False
12,12,0,0.0,6004,False,False
25,25,0,0.0,10626,False,False
14,14,0,0.0,13386,False,False
18,18,0,0.0,12976,False,False
21,19,2,0.09523809523809523,5012,False,False
8,8,0,0.0,12125,False,False
22,22,0,0.0,14144,False,False
13,13,0,0.0,5022,False,False
17,17,0,0.0,7659,False,False
16,12,4,0.25,12504,False,False
22,19,3,0.13636363636363635,5374,False,False
15,15,0,0.0,12674,False,False
12,12,0,0.0,10771,False,False
7,6,1,0.14285714285714285,10990,False,False
21,20,1,0.047619047619047616,14562,False,False
22,22,0,0.0,14074,False,False
21,18,3,0.14285714285714285,12469,False,False
23,20,3,0.13043478260869565,9218,False,False
24,23,1,0.041666666666666664,10089,False,False
27,25,2,0.07407407407407407,7735,False,False
11,11,0,0.0,4477,False,False
8,8,0,0.0,12158,False,False
15,15,0,0.0,13395,False,False
5,5,0,0.0,8158,False,False
17,17,0,0.0,9341,False,False
23,22,1,0.043478260869565216,9916,False,False
7,7,0,0.0,2093,False,False
8,8,0,0.0,13778,False,False
8,8,0,0.0,8033,False,False
23,22,1,0.043478260869565216,14083,False,False
26,26,0,0.0,10732,False,False
5,5,0,0.0,3071,False,False
3,3,0,0.0,1114,False,False
19,18,1,0.05263157894736842,4112,False,False
6,6,0,0.0,14292,False,False
20,18,2,0.1,14013,False,False
12,12,0,0.0,7178,False,False
22,21,1,0.045454545454545456,9548,False,False
21,19,2,0.09523809523809523,11256,False,False
22,20,2,0.09090909090909091,11245,False,False
20,17,3,0.15,12963,False,False
14,13,1,0.07142857142857142,7657,False,False
23,23,0,0.0,11486,False,False
4,4,0,0.0,5852,False,False
14,12,2,0.14285714285714285,12890,False,False
5,5,0,0.0,2462,False,False
18,17,1,0.05555555555555555,13937,False,False
15,15,0,0.0,11528,False,False
20,19,1,0.05,13086,False,False
17,16,1,0.058823529411764705,9982,False,False
12,11,1,0.08333333333333333,13038,False,False
9,9,0,0.0,4804,False,False
24,19,5,0.20833333333333334,11186,False,False
18,15,3,0.16666666666666666,13004,False,False
20,18,2,0.1,9072,False,False
13,13,0,0.0,10004,False,False
20,19,1,0.05,9883,False,False
19,18,1,0.05263157894736842,9742,False,False
17,17,0,0.0,7598,False,False
21,20,1,0.047619047619047616,8440,False,False
10,10,0,0.0,5850,False,False
23,23,0,0.0,14434,False,False
15,14,1,0.06666666666666667,9847,False,False
18,17,1,0.05555555555555555,4035,False,False
13,13,0,0.0,12638,False,False
23,23,0,0.0,12121,False,False
20,20,0,0.0,12040,False,False
22,21,1,0.045454545454545456,10044,False,False
6,6,0,0.0,11149,False,False
25,24,1,0.04,12788,False,False
5,4,1,0.2,5566,False,False
27,26,1,0.037037037037037035,12988,False,False
16,16,0,0.0,9688,False,False
11,10,1,0.09090909090909091,8609,False,False
20,19,1,0.05,9555,False,False
5,5,0,0.0,5663,False,False
15,15,0,0.0,11231,False,False
19,18,1,0.05263157894736842,12696,False,False
13,12,1,0.07692307692307693,293,False,False
19,18,1,0.05263157894736842,14325,False,False
16,16,0,0.0,5770,False,False
23,23,0,0.0,13924,False,False
23,21,2,0.08695652173913043,10466,False,False
27,27,0,0.0,8082,False,False
15,15,0,0.0,11247,False,False
22,22,0,0.0,14271,False,False
23,23,0,0.0,11175,False,False
8,7,1,0.125,10016,False,False
21,21,0,0.0,12689,False,False
23,19,4,0.17391304347826086,14301,False,False
22,22,0,0.0,11400,False,False
6,6,0,0.0,8838,False,False
12,10,2,0.16666666666666666,9922,False,False
12,12,0,0.0,6479,False,False
16,13,3,0.1875,10745,False,False
27,24,3,0.1111111111111111,13781,False,False
14,14,0,0.0,2631,False,False
23,21,2,0.08695652173913043,2757,False,False
8,7,1,0.125,1555,False,False
14,14,0,0.0,10014,False,False
26,26,0,0.0,11609,False,False
27,26,1,0.037037037037037035,13177,False,False
25,21,4,0.16,10467,False,False
6,6,0,0.0,3166,False,False
7,6,1,0.14285714285714285,14200,False,False
12,12,0,0.0,11164,False,False
20,20,0,0.0,12002,False,False
18,17,1,0.05555555555555555,12836,False,False
18,17,1,0.05555555555555555,10243,False,False
23,23,0,0.0,4662,False,False
21,21,0,0.0,10198,False,False
19,19,0,0.0,11052,False,False
6,6,0,0.0,6775,False,False
22,22,0,0.0,9927,False,False
16,15,1,0.0625,12366,False,False
22,21,1,0.045454545454545456,13994,False,False
17,16,1,0.058823529411764705,9783,False,False
15,15,0,0.0,3109,False,False
27,25,2,0.07407407407407407,11331,False,False
18,18,0,0.0,9771,False,False
19,18,1,0.05263157894736842,5178,False,False
26,26,0,0.0,10371,False,False
22,22,0,0.0,10892,False,False
21,21,0,0.0,9834,False,False
5,5,0,0.0,7990,False,False
17,17,0,0.0,11723,False,False
20,18,2,0.1,10890,False,False
2,2,0,0.0,395,False,False
2,2,0,0.0,10677,False,False
10,8,2,0.2,4578,False,False
24,23,1,0.041666666666666664,11773,False,False
15,13,2,0.13333333333333333,13824,False,False
20,18,2,0.1,13457,False,False
20,20,0,0.0,13131,False,False
7,7,0,0.0,11436,False,False
25,22,3,0.12,3845,False,False
8,8,0,0.0,6348,False,False
4,3,1,0.25,13756,False,False
16,16,0,0.0,4707,False,False
25,24,1,0.04,11764,False,False
18,16,2,0.1111111111111111,13187,False,False
11,11,0,0.0,4980,False,False
2,2,0,0.0,12535,False,False
10,9,1,0.1,8616,False,False
24,23,1,0.041666666666666664,11239,False,False
24,24,0,0.0,13261,False,False
15,14,1,0.06666666666666667,7749,False,False
30,25,5,0.16666666666666666,11412,False,False
17,17,0,0.0,12720,False,False
19,16,3,0.15789473684210525,14184,False,False
21,18,3,0.14285714285714285,7877,False,False
23,20,3,0.13043478260869565,13093,False,False
24,24,0,0.0,11474,False,False
21,19,2,0.09523809523809523,11219,False,False
20,19,1,0.05,13200,False,False
24,24,0,0.0,10360,False,False
15,15,0,0.0,11972,False,False
17,17,0,0.0,14451,False,False
25,24,1,0.04,11819,False,False
16,15,1,0.0625,10305,False,False
20,17,3,0.15,9389,False,False
22,22,0,0.0,11409,False,False
24,22,2,0.08333333333333333,13959,False,False
8,8,0,0.0,12765,False,False
25,25,0,0.0,12382,False,False
20,20,0,0.0,10013,False,False
17,16,1,0.058823529411764705,10606,False,False
23,23,0,0.0,14535,False,False
23,22,1,0.043478260869565216,11295,False,False
10,8,2,0.2,10182,False,False
23,21,2,0.08695652173913043,12647,False,False
13,13,0,0.0,12061,False,False
7,7,0,0.0,9146,False,False
21,21,0,0.0,13139,False,False
12,12,0,0.0,14397,False,False
27,27,0,0.0,5069,False,False
25,25,0,0.0,14130,False,False
1,1,0,0.0,11711,False,False
18,17,1,0.05555555555555555,9530,False,False
17,16,1,0.058823529411764705,12716,False,False
3,3,0,0.0,12099,False,False
5,5,0,0.0,13757,False,False
19,19,0,0.0,11434,False,False
14,14,0,0.0,2645,False,False
16,14,2,0.125,9262,False,False
23,23,0,0.0,11827,False,False
13,13,0,0.0,11305,False,False
23,22,1,0.043478260869565216,12211,False,False
22,21,1,0.045454545454545456,11516,False,False
21,21,0,0.0,12450,False,False
20,19,1,0.05,11433,False,False
25,24,1,0.04,8446,False,False
12,11,1,0.08333333333333333,470,False,False
15,15,0,0.0,3839,False,False
5,5,0,0.0,204,False,False
5,5,0,0.0,8396,False,False
22,21,1,0.045454545454545456,11049,False,False
19,18,1,0.05263157894736842,13871,False,False
18,18,0,0.0,10378,False,False
24,24,0,0.0,13473,False,False
25,24,1,0.04,12528,False,False
7,7,0,0.0,363,False,False
25,24,1,0.04,12711,False,False
4,4,0,0.0,12970,False,False
2,2,0,0.0,4065,False,False
5,4,1,0.2,2745,False,False
20,19,1,0.05,13973,False,False
14,14,0,0.0,7961,False,False
12,11,1,0.08333333333333333,13381,False,False
13,13,0,0.0,9624,False,False
2,2,0,0.0,7965,False,False
5,5,0,0.0,1576,False,False
6,6,0,0.0,14596,False,False
19,19,0,0.0,11500,False,False
9,9,0,0.0,1234,False,False
25,24,1,0.04,12458,False,False
10,9,1,0.1,10988,False,False
24,23,1,0.041666666666666664,14188,False,False
24,24,0,0.0,11225,False,False
27,26,1,0.037037037037037035,10560,False,False
14,14,0,0.0,14224,False,False
19,19,0,0.0,11733,False,False
23,23,0,0.0,10407,False,False
13,13,0,0.0,8483,False,False
19,16,3,0.15789473684210525,3685,False,False
20,19,1,0.05,13830,False,False
7,6,1,0.14285714285714285,521,False,False
23,21,2,0.08695652173913043,9884,False,False
14,14,0,0.0,6822,False,False
12,12,0,0.0,1664,False,False
9,8,1,0.1111111111111111,1071,False,False
3,3,0,0.0,12288,False,False
15,15,0,0.0,7887,False,False
15,15,0,0.0,14220,False,False
5,3,2,0.4,7836,False,False
22,22,0,0.0,11715,False,False
26,25,1,0.038461538461538464,13344,False,False
23,21,2,0.08695652173913043,11208,False,False
13,11,2,0.15384615384615385,13571,False,False
27,26,1,0.037037037037037035,9409,False,False
21,19,2,0.09523809523809523,14582,False,False
22,21,1,0.045454545454545456,6227,False,False
10,10,0,0.0,12024,False,False
15,14,1,0.06666666666666667,6746,False,False
16,13,3,0.1875,1191,False,False
13,13,0,0.0,1827,False,False
18,18,0,0.0,13590,False,False
12,12,0,0.0,7883,False,False
19,19,0,0.0,6198,False,False
18,16,2,0.1111111111111111,3085,False,False
19,19,0,0.0,12108,False,False
25,24,1,0.04,9796,False,False
22,22,0,0.0,10452,False,False
7,7,0,0.0,13868,False,False
26,26,0,0.0,11199,False,False
17,16,1,0.058823529411764705,14442,False,False
20,18,2,0.1,11242,False,False
21,19,2,0.09523809523809523,9391,False,False
14,10,4,0.2857142857142857,14105,False,False
12,11,1,0.08333333333333333,5656,False,False
10,10,0,0.0,10997,False,False
12,12,0,0.0,13574,False,False
20,19,1,0.05,13206,False,False
11,11,0,0.0,9453,False,False
1,1,0,0.0,2890,False,False
24,24,0,0.0,12547,False,False
10,9,1,0.1,8687,False,False
7,7,0,0.0,11513,False,False
20,20,0,0.0,9712,False,False
11,10,1,0.09090909090909091,9867,False,False
11,11,0,0.0,8772,False,False
8,8,0,0.0,1087,False,False
23,21,2,0.08695652173913043,9674,False,False
21,14,7,0.3333333333333333,6069,False,False
6,6,0,0.0,6450,False,False
21,21,0,0.0,10427,False,False
19,16,3,0.15789473684210525,9417,False,False
5,5,0,0.0,8276,False,False
5,4,1,0.2,13856,False,False
18,16,2,0.1111111111111111,5873,False,False
9,8,1,0.1111111111111111,12185,False,False
17,15,2,0.11764705882352941,5054,False,False
14,14,0,0.0,9812,False,False
17,17,0,0.0,13923,False,False
20,20,0,0.0,12531,False,False
27,27,0,0.0,9568,False,False
17,17,0,0.0,11587,False,False
17,17,0,0.0,12075,False,False
15,14,1,0.06666666666666667,10122,False,False
16,8,8,0.5,8373,False,False
22,19,3,0.13636363636363635,10420,False,False
25,25,0,0.0,12830,False,False
8,6,2,0.25,6245,False,False
11,11,0,0.0,12729,False,False
18,17,1,0.05555555555555555,10337,False,False
4,4,0,0.0,11057,False,False
21,19,2,0.09523809523809523,3075,False,False
20,18,2,0.1,13926,False,False
10,9,1,0.1,11012,False,False
23,22,1,0.043478260869565216,13025,False,False
13,12,1,0.07692307692307693,5863,False,False
10,8,2,0.2,5793,False,False
28,25,3,0.10714285714285714,13670,False,False
28,28,0,0.0,11556,False,False
25,24,1,0.04,13445,False,False
12,12,0,0.0,10210,False,False
20,19,1,0.05,10273,False,False
20,20,0,0.0,2844,False,False
4,4,0,0.0,8166,False,False
18,16,2,0.1111111111111111,5326,False,False
23,23,0,0.0,10645,False,False
14,14,0,0.0,13572,False,False
10,10,0,0.0,11706,False,False
18,17,1,0.05555555555555555,14395,False,False
20,18,2,0.1,7412,False,False
16,15,1,0.0625,459,False,False
24,24,0,0.0,11615,False,False
9,7,2,0.2222222222222222,12668,False,False
7,7,0,0.0,9269,False,False
23,23,0,0.0,13846,False,False
23,22,1,0.043478260869565216,12707,False,False
9,8,1,0.1111111111111111,13698,False,False
8,5,3,0.375,13731,False,False
10,9,1,0.1,6812,False,False
12,10,2,0.16666666666666666,5941,False,False
22,22,0,0.0,10438,False,False
12,12,0,0.0,9271,False,False
1,0,1,1.0,6516,False,True
7,7,0,0.0,1448,False,False
20,18,2,0.1,7677,False,False
24,24,0,0.0,10137,False,False
25,23,2,0.08,9786,False,False
21,20,1,0.047619047619047616,11064,False,False
14,12,2,0.14285714285714285,2541,False,False
18,18,0,0.0,5526,False,False
19,19,0,0.0,14128,False,False
24,23,1,0.041666666666666664,13955,False,False
21,20,1,0.047619047619047616,12713,False,False
6,6,0,0.0,12737,False,False
7,7,0,0.0,10557,False,False
21,21,0,0.0,6259,False,False
8,8,0,0.0,12665,False,False
29,28,1,0.034482758620689655,6430,False,False
18,17,1,0.05555555555555555,9723,False,False
25,24,1,0.04,14205,False,False
19,16,3,0.15789473684210525,10930,False,False
14,13,1,0.07142857142857142,11868,False,False
24,23,1,0.041666666666666664,9230,False,False
22,21,1,0.045454545454545456,9683,False,False
19,19,0,0.0,10630,False,False
1,1,0,0.0,11845,False,False
3,3,0,0.0,7168,False,False
24,24,0,0.0,14621,False,False
14,14,0,0.0,5527,False,False
21,19,2,0.09523809523809523,13237,False,False
6,6,0,0.0,14634,False,False
5,5,0,0.0,12005,False,False
21,19,2,0.09523809523809523,13165,False,False
20,20,0,0.0,14362,False,False
4,4,0,0.0,775,False,False
7,7,0,0.0,12704,False,False
3,3,0,0.0,239,False,False
15,13,2,0.13333333333333333,8629,False,False
24,24,0,0.0,13747,False,False
20,19,1,0.05,10220,False,False
16,16,0,0.0,9285,False,False
22,21,1,0.045454545454545456,13219,False,False
1,1,0,0.0,6714,False,False
14,14,0,0.0,14386,False,False
25,24,1,0.04,11814,False,False
24,23,1,0.041666666666666664,13437,False,False
23,23,0,0.0,13482,False,False
26,26,0,0.0,13587,False,False
12,12,0,0.0,13934,False,False
17,15,2,0.11764705882352941,5476,False,False
24,23,1,0.041666666666666664,6347,False,False
25,25,0,0.0,2273,False,False
24,24,0,0.0,10679,False,False
20,19,1,0.05,9181,False,False
23,22,1,0.043478260869565216,9473,False,False
5,5,0,0.0,10540,False,False
27,27,0,0.0,10287,False,False
19,17,2,0.10526315789473684,9839,False,False
21,16,5,0.23809523809523808,11512,False,False
19,17,2,0.10526315789473684,14084,False,False
20,18,2,0.1,1315,False,False
21,21,0,0.0,9136,False,False
13,12,1,0.07692307692307693,10497,False,False
21,21,0,0.0,12884,False,False
18,17,1,0.05555555555555555,14212,False,False
9,7,2,0.2222222222222222,8077,False,False
27,27,0,0.0,11203,False,False
26,24,2,0.07692307692307693,11346,False,False
9,8,1,0.1111111111111111,11818,False,False
18,18,0,0.0,11543,False,False
23,23,0,0.0,9141,False,False
23,20,3,0.13043478260869565,10924,False,False
6,5,1,0.16666666666666666,10983,False,False
16,16,0,0.0,8233,False,False
20,17,3,0.15,8744,False,False
26,24,2,0.07692307692307693,10768,False,False
26,25,1,0.038461538461538464,14620,False,False
12,12,0,0.0,9641,False,False
22,20,2,0.09090909090909091,13690,False,False
16,16,0,0.0,11212,False,False
14,14,0,0.0,14293,False,False
14,13,1,0.07142857142857142,13545,False,False
25,25,0,0.0,8298,False,False
27,27,0,0.0,9562,False,False
15,15,0,0.0,8015,False,False
21,21,0,0.0,10462,False,False
22,19,3,0.13636363636363635,13564,False,False
12,12,0,0.0,64,False,False
24,24,0,0.0,13648,False,False
17,15,2,0.11764705882352941,10798,False,False
8,8,0,0.0,8925,False,False
22,21,1,0.045454545454545456,10375,False,False
5,5,0,0.0,11795,False,False
20,17,3,0.15,14547,False,False
23,23,0,0.0,13370,False,False
11,11,0,0.0,13640,False,False
18,16,2,0.1111111111111111,10529,False,False
3,3,0,0.0,13814,False,False
26,24,2,0.07692307692307693,10246,False,False
7,6,1,0.14285714285714285,13651,False,False
17,17,0,0.0,14526,False,False
16,16,0,0.0,11344,False,False
15,14,1,0.06666666666666667,12916,False,False
5,5,0,0.0,13553,False,False
11,10,1,0.09090909090909091,9505,False,False
11,11,0,0.0,12596,False,False
4,4,0,0.0,14076,False,False
15,14,1,0.06666666666666667,4461,False,False
13,13,0,0.0,14096,False,False
22,22,0,0.0,9791,False,False
19,18,1,0.05263157894736842,11569,False,False
22,21,1,0.045454545454545456,9200,False,False
27,27,0,0.0,10672,False,False
8,8,0,0.0,9151,False,False
25,25,0,0.0,12035,False,False
13,13,0,0.0,10224,False,False
17,16,1,0.058823529411764705,14306,False,False
5,5,0,0.0,9845,False,False
3,3,0,0.0,11082,False,False
22,21,1,0.045454545454545456,11552,False,False
13,11,2,0.15384615384615385,5804,False,False
13,10,3,0.23076923076923078,12762,False,False
10,10,0,0.0,11940,False,False
21,19,2,0.09523809523809523,9940,False,False
7,6,1,0.14285714285714285,11450,False,False
20,20,0,0.0,11275,False,False
16,15,1,0.0625,13876,False,False
1,1,0,0.0,331,False,False
14,13,1,0.07142857142857142,10746,False,False
23,23,0,0.0,12677,False,False
23,23,0,0.0,10505,False,False
12,12,0,0.0,14307,False,False
26,26,0,0.0,1246,False,False
19,16,3,0.15789473684210525,8056,False,False
15,15,0,0.0,7736,False,False
8,6,2,0.25,7139,False,False
7,6,1,0.14285714285714285,12564,False,False
17,16,1,0.058823529411764705,9286,False,False
25,25,0,0.0,12993,False,False
8,8,0,0.0,14474,False,False
3,3,0,0.0,13279,False,False
17,17,0,0.0,9210,False,False
26,26,0,0.0,14054,False,False
15,14,1,0.06666666666666667,10616,False,False
15,12,3,0.2,13312,False,False
12,10,2,0.16666666666666666,13069,False,False
24,24,0,0.0,13637,False,False
13,13,0,0.0,11900,False,False
3,2,1,0.3333333333333333,6563,False,False
5,5,0,0.0,10872,False,False
3,3,0,0.0,8349,False,False
22,20,2,0.09090909090909091,9251,False,False
21,21,0,0.0,13709,False,False
10,9,1,0.1,3332,False,False
10,10,0,0.0,12960,False,False
10,10,0,0.0,7985,False,False
15,15,0,0.0,11581,False,False
19,17,2,0.10526315789473684,4928,False,False
22,22,0,0.0,10034,False,False
3,3,0,0.0,8216,False,False
28,28,0,0.0,12706,False,False
22,22,0,0.0,14638,False,False
13,13,0,0.0,12054,False,False
5,5,0,0.0,7176,False,False
23,20,3,0.13043478260869565,9870,False,False
12,12,0,0.0,152,False,False
17,16,1,0.058823529411764705,8030,False,False
6,5,1,0.16666666666666666,6098,False,False
3,1,2,0.6666666666666666,13480,False,False
4,4,0,0.0,12822,False,False
21,20,1,0.047619047619047616,9426,False,False
16,15,1,0.0625,11578,False,False
21,19,2,0.09523809523809523,13285,False,False
21,19,2,0.09523809523809523,11410,False,False
19,19,0,0.0,12941,False,False
22,22,0,0.0,10705,False,False
10,9,1,0.1,8663,False,False
18,18,0,0.0,13941,False,False
9,8,1,0.1111111111111111,7863,False,False
26,25,1,0.038461538461538464,10809,False,False
21,21,0,0.0,11196,False,False
18,18,0,0.0,5950,False,False
23,22,1,0.043478260869565216,11749,False,False
19,14,5,0.2631578947368421,4312,False,False
12,12,0,0.0,11009,False,False
11,11,0,0.0,11920,False,False
1,1,0,0.0,2285,False,False
14,14,0,0.0,6148,False,False
11,11,0,0.0,9133,False,False
27,25,2,0.07407407407407407,9085,False,False
6,5,1,0.16666666666666666,6660,False,False
20,20,0,0.0,12495,False,False
22,21,1,0.045454545454545456,9700,False,False
16,16,0,0.0,9594,False,False
18,18,0,0.0,2913,False,False
6,6,0,0.0,3602,False,False
15,15,0,0.0,12039,False,False
3,2,1,0.3333333333333333,5754,False,False
14,14,0,0.0,6170,False,False
18,17,1,0.05555555555555555,13452,False,False
14,12,2,0.14285714285714285,10261,False,False
14,14,0,0.0,11311,False,False
11,10,1,0.09090909090909091,10096,False,False
1,1,0,0.0,4536,False,False
13,12,1,0.07692307692307693,13284,False,False
11,11,0,0.0,311,False,False
10,7,3,0.3,5362,False,False
15,13,2,0.13333333333333333,10707,False,False
25,25,0,0.0,13715,False,False
23,23,0,0.0,10448,False,False
20,20,0,0.0,144,False,False
15,13,2,0.13333333333333333,12235,False,False
12,12,0,0.0,14077,False,False
9,9,0,0.0,9676,False,False
20,20,0,0.0,14496,False,False
9,8,1,0.1111111111111111,10691,False,False
15,13,2,0.13333333333333333,6945,False,False
22,22,0,0.0,11908,False,False
22,17,5,0.22727272727272727,9682,False,False
19,16,3,0.15789473684210525,10200,False,False
19,16,3,0.15789473684210525,3737,False,False
22,22,0,0.0,11811,False,False
8,8,0,0.0,10047,False,False
21,21,0,0.0,6821,False,False
21,21,0,0.0,14120,False,False
7,6,1,0.14285714285714285,10976,False,False
13,13,0,0.0,14060,False,False
24,24,0,0.0,14253,False,False
23,23,0,0.0,12840,False,False
19,19,0,0.0,14288,False,False
14,11,3,0.21428571428571427,12485,False,False
16,15,1,0.0625,13843,False,False
22,20,2,0.09090909090909091,11939,False,False
19,18,1,0.05263157894736842,10527,False,False
14,14,0,0.0,12807,False,False
21,21,0,0.0,11658,False,False
22,21,1,0.045454545454545456,13456,False,False
8,8,0,0.0,9719,False,False
15,15,0,0.0,12885,False,False
23,21,2,0.08695652173913043,5716,False,False
10,10,0,0.0,12434,False,False
24,24,0,0.0,13413,False,False
2,2,0,0.0,12056,False,False
21,17,4,0.19047619047619047,3436,False,False
20,19,1,0.05,11817,False,False
22,21,1,0.045454545454545456,11394,False,False
19,19,0,0.0,10604,False,False
19,17,2,0.10526315789473684,13862,False,False
3,3,0,0.0,5463,False,False
16,16,0,0.0,12760,False,False
20,20,0,0.0,12159,False,False
24,24,0,0.0,13013,False,False
22,21,1,0.045454545454545456,13742,False,False
10,9,1,0.1,4246,False,False
7,7,0,0.0,9105,False,False
25,24,1,0.04,10669,False,False
16,13,3,0.1875,12373,False,False
4,2,2,0.5,7025,False,False
13,11,2,0.15384615384615385,4777,False,False
23,23,0,0.0,12945,False,False
16,16,0,0.0,14619,False,False
15,13,2,0.13333333333333333,709,False,False
14,13,1,0.07142857142857142,14330,False,False
6,6,0,0.0,12174,False,False
8,6,2,0.25,14436,False,False
10,10,0,0.0,3295,False,False
12,12,0,0.0,13497,False,False
13,12,1,0.07692307692307693,9362,False,False
16,16,0,0.0,13620,False,False
27,24,3,0.1111111111111111,9451,False,False
25,23,2,0.08,8962,False,False
6,5,1,0.16666666666666666,2580,False,False
18,15,3,0.16666666666666666,14103,False,False
16,16,0,0.0,3664,False,False
15,14,1,0.06666666666666667,10607,False,False
11,11,0,0.0,392,False,False
10,9,1,0.1,9881,False,False
9,7,2,0.2222222222222222,9481,False,False
15,14,1,0.06666666666666667,13190,False,False
22,22,0,0.0,12549,False,False
28,27,1,0.03571428571428571,9161,False,False
9,8,1,0.1111111111111111,11429,False,False
14,14,0,0.0,1110,False,False
8,8,0,0.0,6439,False,False
20,19,1,0.05,6569,False,False
21,19,2,0.09523809523809523,9575,False,False
18,15,3,0.16666666666666666,12487,False,False
4,4,0,0.0,6830,False,False
24,24,0,0.0,13787,False,False
22,22,0,0.0,10605,False,False
17,15,2,0.11764705882352941,10510,False,False
24,21,3,0.125,14151,False,False
11,11,0,0.0,12386,False,False
17,12,5,0.29411764705882354,10817,False,False
1,1,0,0.0,11930,False,False
22,21,1,0.045454545454545456,12804,False,False
15,12,3,0.2,5702,False,False
21,20,1,0.047619047619047616,14147,False,False
17,17,0,0.0,7274,False,False
25,25,0,0.0,12978,False,False
13,12,1,0.07692307692307693,4685,False,False
14,13,1,0.07142857142857142,252,False,False
14,14,0,0.0,12147,False,False
6,6,0,0.0,13821,False,False
26,26,0,0.0,13453,False,False
5,5,0,0.0,6896,False,False
9,9,0,0.0,8911,False,False
27,26,1,0.037037037037037035,14209,False,False
24,24,0,0.0,12701,False,False
23,20,3,0.13043478260869565,9802,False,False
20,20,0,0.0,13089,False,False
26,26,0,0.0,13915,False,False
23,22,1,0.043478260869565216,11477,False,False
23,22,1,0.043478260869565216,10739,False,False
20,19,1,0.05,9550,False,False
17,17,0,0.0,6139,False,False
23,23,0,0.0,11294,False,False
26,26,0,0.0,10496,False,False
3,3,0,0.0,7684,False,False
23,23,0,0.0,13208,False,False
23,23,0,0.0,11634,False,False
19,15,4,0.21052631578947367,12430,False,False
14,13,1,0.07142857142857142,9455,False,False
22,22,0,0.0,10076,False,False
6,5,1,0.16666666666666666,8105,False,False
4,4,0,0.0,8488,False,False
22,20,2,0.09090909090909091,10464,False,False
20,20,0,0.0,12378,False,False
5,5,0,0.0,6743,False,False
12,10,2,0.16666666666666666,12925,False,False
13,12,1,0.07692307692307693,11742,False,False
19,18,1,0.05263157894736842,9150,False,False
24,22,2,0.08333333333333333,5484,False,False
22,22,0,0.0,11413,False,False
22,22,0,0.0,9437,False,False
2,2,0,0.0,13759,False,False
22,22,0,0.0,13336,False,False
19,18,1,0.05263157894736842,10554,False,False
17,16,1,0.058823529411764705,9241,False,False
25,25,0,0.0,9480,False,False
21,18,3,0.14285714285714285,13167,False,False
21,20,1,0.047619047619047616,12411,False,False
5,4,1,0.2,13083,False,False
16,16,0,0.0,13516,False,False
25,25,0,0.0,10617,False,False
21,20,1,0.047619047619047616,14216,False,False
25,25,0,0.0,13071,False,False
22,21,1,0.045454545454545456,14208,False,False
20,20,0,0.0,8308,False,False
20,16,4,0.2,14340,False,False
6,6,0,0.0,9099,False,False
15,14,1,0.06666666666666667,10763,False,False
24,24,0,0.0,10937,False,False
26,26,0,0.0,9841,False,False
20,19,1,0.05,7557,False,False
18,18,0,0.0,13606,False,False
14,13,1,0.07142857142857142,9725,False,False
9,9,0,0.0,9496,False,False
15,14,1,0.06666666666666667,10446,False,False
19,16,3,0.15789473684210525,10508,False,False
11,10,1,0.09090909090909091,11227,False,False
7,7,0,0.0,5795,False,False
6,6,0,0.0,13387,False,False
15,15,0,0.0,13523,False,False
19,14,5,0.2631578947368421,13519,False,False
8,6,2,0.25,247,False,False
1,1,0,0.0,2859,False,False
2,2,0,0.0,13210,False,False
9,9,0,0.0,11085,False,False
16,16,0,0.0,6588,False,False
22,21,1,0.045454545454545456,9732,False,False
16,15,1,0.0625,12608,False,False
20,20,0,0.0,12731,False,False
20,18,2,0.1,10663,False,False
18,16,2,0.1111111111111111,11458,False,False
6,6,0,0.0,5302,False,False
4,4,0,0.0,7714,False,False
24,22,2,0.08333333333333333,11240,False,False
11,11,0,0.0,14073,False,False
4,3,1,0.25,11557,False,False
23,23,0,0.0,11028,False,False
25,25,0,0.0,9497,False,False
24,21,3,0.125,14180,False,False
5,4,1,0.2,6271,False,False
2,2,0,0.0,6708,False,False
18,18,0,0.0,10191,False,False
7,7,0,0.0,5773,False,False
6,6,0,0.0,14456,False,False
15,13,2,0.13333333333333333,8206,False,False
14,14,0,0.0,11374,False,False
2,2,0,0.0,3752,False,False
18,17,1,0.05555555555555555,3665,False,False
20,19,1,0.05,8767,False,False
23,23,0,0.0,11984,False,False
8,8,0,0.0,11067,False,False
13,13,0,0.0,10713,False,False
17,16,1,0.058823529411764705,11515,False,False
15,13,2,0.13333333333333333,11388,False,False
18,18,0,0.0,7716,False,False
19,19,0,0.0,11360,False,False
22,22,0,0.0,4577,False,False
21,21,0,0.0,4576,False,False
19,18,1,0.05263157894736842,13972,False,False
19,16,3,0.15789473684210525,11619,False,False
11,10,1,0.09090909090909091,11781,False,False
16,16,0,0.0,2205,False,False
17,17,0,0.0,6658,False,False
24,23,1,0.041666666666666664,13726,False,False
24,23,1,0.041666666666666664,9803,False,False
18,17,1,0.05555555555555555,10156,False,False
18,17,1,0.05555555555555555,11304,False,False
16,14,2,0.125,9298,False,False
2,2,0,0.0,7932,False,False
19,19,0,0.0,8267,False,False
22,22,0,0.0,14283,False,False
8,8,0,0.0,11857,False,False
13,13,0,0.0,14137,False,False
19,18,1,0.05263157894736842,14493,False,False
11,11,0,0.0,10823,False,False
3,3,0,0.0,6273,False,False
23,23,0,0.0,7678,False,False
25,23,2,0.08,14311,False,False
13,11,2,0.15384615384615385,9763,False,False
18,16,2,0.1111111111111111,9863,False,False
25,24,1,0.04,13302,False,False
9,7,2,0.2222222222222222,8678,False,False
3,2,1,0.3333333333333333,11696,False,False
16,15,1,0.0625,14463,False,False
24,23,1,0.041666666666666664,12505,False,False
23,22,1,0.043478260869565216,9750,False,False
21,21,0,0.0,9761,False,False
27,26,1,0.037037037037037035,13234,False,False
23,18,5,0.21739130434782608,10862,False,False
24,23,1,0.041666666666666664,13725,False,False
18,17,1,0.05555555555555555,9416,False,False
20,20,0,0.0,11961,False,False
23,23,0,0.0,13055,False,False
12,12,0,0.0,9144,False,False
18,18,0,0.0,14059,False,False
22,21,1,0.045454545454545456,12341,False,False
18,17,1,0.05555555555555555,11173,False,False
18,16,2,0.1111111111111111,14599,False,False
2,2,0,0.0,6672,False,False
25,24,1,0.04,10950,False,False
22,22,0,0.0,13773,False,False
21,14,7,0.3333333333333333,8467,False,False
23,22,1,0.043478260869565216,11013,False,False
21,21,0,0.0,10107,False,False
23,22,1,0.043478260869565216,10309,False,False
21,18,3,0.14285714285714285,4525,False,False
22,21,1,0.045454545454545456,10528,False,False
25,25,0,0.0,8254,False,False
11,9,2,0.18181818181818182,10736,False,False
24,22,2,0.08333333333333333,2947,False,False
2,2,0,0.0,3036,False,False
27,27,0,0.0,12161,False,False
25,22,3,0.12,9228,False,False
21,21,0,0.0,13438,False,False
19,16,3,0.15789473684210525,6802,False,False
18,16,2,0.1111111111111111,13979,False,False
25,25,0,0.0,11480,False,False
11,10,1,0.09090909090909091,12400,False,False
20,19,1,0.05,12225,False,False
21,20,1,0.047619047619047616,4656,False,False
21,21,0,0.0,12105,False,False
4,4,0,0.0,9211,False,False
25,25,0,0.0,2700,False,False
15,13,2,0.13333333333333333,10621,False,False
8,7,1,0.125,13263,False,False
28,28,0,0.0,12810,False,False
15,15,0,0.0,11721,False,False
15,15,0,0.0,10266,False,False
20,17,3,0.15,11831,False,False
15,14,1,0.06666666666666667,10832,False,False
3,3,0,0.0,13308,False,False
20,19,1,0.05,4258,False,False
5,4,1,0.2,11077,False,False
1,1,0,0.0,6020,False,False
14,11,3,0.21428571428571427,10582,False,False
7,6,1,0.14285714285714285,4824,False,False
8,8,0,0.0,13326,False,False
12,11,1,0.08333333333333333,14316,False,False
18,17,1,0.05555555555555555,14553,False,False
20,20,0,0.0,13173,False,False
20,16,4,0.2,3035,False,False
6,4,2,0.3333333333333333,8429,False,False
27,27,0,0.0,13729,False,False
12,10,2,0.16666666666666666,451,False,False
24,23,1,0.041666666666666664,12961,False,False
19,16,3,0.15789473684210525,10363,False,False
7,7,0,0.0,8766,False,False
10,9,1,0.1,4041,False,False
19,19,0,0.0,9987,False,False
22,21,1,0.045454545454545456,13704,False,False
25,22,3,0.12,12999,False,False
26,26,0,0.0,9753,False,False
22,22,0,0.0,11591,False,False
10,10,0,0.0,6820,False,False
24,23,1,0.041666666666666664,13642,False,False
25,25,0,0.0,13508,False,False
26,26,0,0.0,10432,False,False
11,11,0,0.0,13183,False,False
22,22,0,0.0,13276,False,False
14,12,2,0.14285714285714285,10744,False,False
1,1,0,0.0,12761,False,False
18,16,2,0.1111111111111111,12239,False,False
25,25,0,0.0,14364,False,False
25,21,4,0.16,7432,False,False
25,23,2,0.08,9158,False,False
20,19,1,0.05,10993,False,False
3,3,0,0.0,12306,False,False
17,17,0,0.0,12034,False,False
23,23,0,0.0,4722,False,False
22,22,0,0.0,10083,False,False
7,7,0,0.0,7535,False,False
20,20,0,0.0,9823,False,False
24,23,1,0.041666666666666664,10384,False,False
18,17,1,0.05555555555555555,8879,False,False
18,17,1,0.05555555555555555,10209,False,False
25,21,4,0.16,13983,False,False
18,16,2,0.1111111111111111,4604,False,False
16,15,1,0.0625,8358,False,False
22,22,0,0.0,11741,False,False
16,16,0,0.0,7707,False,False
14,14,0,0.0,14396,False,False
6,4,2,0.3333333333333333,9898,False,False
17,15,2,0.11764705882352941,12717,False,False
15,14,1,0.06666666666666667,12645,False,False
12,10,2,0.16666666666666666,11121,False,False
8,5,3,0.375,13935,False,False
18,17,1,0.05555555555555555,13265,False,False
21,19,2,0.09523809523809523,5176,False,False
27,26,1,0.037037037037037035,10258,False,False
7,7,0,0.0,4550,False,False
18,18,0,0.0,12325,False,False
9,9,0,0.0,1892,False,False
24,23,1,0.041666666666666664,3926,False,False
16,16,0,0.0,13407,False,False
14,14,0,0.0,13635,False,False
14,14,0,0.0,10921,False,False
22,22,0,0.0,13713,False,False
21,18,3,0.14285714285714285,10801,False,False
6,6,0,0.0,10509,False,False
18,16,2,0.1111111111111111,6038,False,False
24,23,1,0.041666666666666664,14592,False,False
12,11,1,0.08333333333333333,11038,False,False
24,23,1,0.041666666666666664,11682,False,False
9,9,0,0.0,13501,False,False
21,21,0,0.0,6191,False,False
12,12,0,0.0,14153,False,False
21,21,0,0.0,11491,False,False
15,12,3,0.2,8444,False,False
10,6,4,0.4,10366,False,False
12,11,1,0.08333333333333333,13487,False,False
21,21,0,0.0,11482,False,False
24,22,2,0.08333333333333333,13639,False,False
18,18,0,0.0,14358,False,False
13,13,0,0.0,12191,False,False
21,21,0,0.0,9441,False,False
16,14,2,0.125,6513,False,False
22,22,0,0.0,12252,False,False
14,14,0,0.0,12722,False,False
11,11,0,0.0,10174,False,False
22,19,3,0.13636363636363635,13877,False,False
19,17,2,0.10526315789473684,11122,False,False
23,22,1,0.043478260869565216,11740,False,False
19,18,1,0.05263157894736842,3393,False,False
19,18,1,0.05263157894736842,8134,False,False
21,20,1,0.047619047619047616,12848,False,False
20,20,0,0.0,10199,False,False
12,11,1,0.08333333333333333,9706,False,False
21,18,3,0.14285714285714285,13043,False,False
12,11,1,0.08333333333333333,12625,False,False
25,25,0,0.0,9631,False,False
11,10,1,0.09090909090909091,9461,False,False
20,20,0,0.0,14051,False,False
13,11,2,0.15384615384615385,5956,False,False
15,14,1,0.06666666666666667,13914,False,False
22,22,0,0.0,10708,False,False
3,3,0,0.0,8950,False,False
21,20,1,0.047619047619047616,10637,False,False
23,23,0,0.0,10155,False,False
21,20,1,0.047619047619047616,11686,False,False
17,15,2,0.11764705882352941,14169,False,False
26,23,3,0.11538461538461539,12465,False,False
22,22,0,0.0,12087,False,False
4,4,0,0.0,13056,False,False
8,8,0,0.0,12959,False,False
11,9,2,0.18181818181818182,8412,False,False
10,10,0,0.0,13702,False,False
25,22,3,0.12,11061,False,False
15,14,1,0.06666666666666667,13852,False,False
27,27,0,0.0,10181,False,False
4,4,0,0.0,12355,False,False
10,10,0,0.0,10568,False,False
30,30,0,0.0,12904,False,False
17,14,3,0.17647058823529413,14123,False,False
22,22,0,0.0,10966,False,False
21,20,1,0.047619047619047616,14339,False,False
17,17,0,0.0,13282,False,False
18,16,2,0.1111111111111111,14133,False,False
15,13,2,0.13333333333333333,14389,False,False
7,7,0,0.0,12809,False,False
22,20,2,0.09090909090909091,5965,False,False
25,23,2,0.08,13192,False,False
22,22,0,0.0,12048,False,False
22,20,2,0.09090909090909091,9089,False,False
23,21,2,0.08695652173913043,9350,False,False
23,23,0,0.0,11588,False,False
13,13,0,0.0,6496,False,False
20,20,0,0.0,14296,False,False
7,7,0,0.0,7065,False,False
23,21,2,0.08695652173913043,10874,False,False
26,26,0,0.0,11670,False,False
23,23,0,0.0,9862,False,False
12,9,3,0.25,7572,False,False
24,22,2,0.08333333333333333,14503,False,False
23,23,0,0.0,13251,False,False
9,7,2,0.2222222222222222,10726,False,False
23,22,1,0.043478260869565216,4244,False,False
11,11,0,0.0,9607,False,False
14,13,1,0.07142857142857142,14012,False,False
12,12,0,0.0,9713,False,False
7,7,0,0.0,7434,False,False
18,16,2,0.1111111111111111,12815,False,False
16,16,0,0.0,12177,False,False
27,27,0,0.0,8372,False,False
16,15,1,0.0625,9779,False,False
4,3,1,0.25,10911,False,False
18,16,2,0.1111111111111111,10539,False,False
13,11,2,0.15384615384615385,3504,False,False
11,11,0,0.0,6050,False,False
5,5,0,0.0,876,False,False
29,26,3,0.10344827586206896,14459,False,False
12,12,0,0.0,8107,False,False
21,21,0,0.0,12862,False,False
12,12,0,0.0,1855,False,False
25,24,1,0.04,13164,False,False
8,8,0,0.0,4794,False,False
23,23,0,0.0,13816,False,False
15,15,0,0.0,10688,False,False
19,18,1,0.05263157894736842,11861,False,False
10,10,0,0.0,11536,False,False
22,21,1,0.045454545454545456,11580,False,False
16,13,3,0.1875,9857,False,False
24,21,3,0.125,11548,False,False
22,18,4,0.18181818181818182,9904,False,False
12,12,0,0.0,7198,False,False
20,19,1,0.05,1220,False,False
18,18,0,0.0,9212,False,False
13,13,0,0.0,13197,False,False
7,5,2,0.2857142857142857,3408,False,False
10,9,1,0.1,11375,False,False
23,23,0,0.0,14572,False,False
25,25,0,0.0,6358,False,False
21,19,2,0.09523809523809523,13748,False,False
10,9,1,0.1,14579,False,False
21,21,0,0.0,9172,False,False
24,24,0,0.0,10853,False,False
19,18,1,0.05263157894736842,12800,False,False
25,25,0,0.0,12181,False,False
23,23,0,0.0,14049,False,False
5,3,2,0.4,244,False,False
15,13,2,0.13333333333333333,6171,False,False
15,15,0,0.0,11238,False,False
21,19,2,0.09523809523809523,13711,False,False
7,7,0,0.0,516,False,False
22,21,1,0.045454545454545456,10444,False,False
7,7,0,0.0,11170,False,False
21,20,1,0.047619047619047616,10131,False,False
15,15,0,0.0,9660,False,False
25,25,0,0.0,11680,False,False
22,22,0,0.0,11685,False,False
18,17,1,0.05555555555555555,11449,False,False
22,22,0,0.0,9154,False,False
25,24,1,0.04,14345,False,False
24,23,1,0.041666666666666664,3167,False,False
20,14,6,0.3,3606,False,False
21,20,1,0.047619047619047616,9754,False,False
12,11,1,0.08333333333333333,10720,False,False
3,3,0,0.0,13728,False,False
12,12,0,0.0,9306,False,False
14,14,0,0.0,11637,False,False
13,9,4,0.3076923076923077,4616,False,False
21,21,0,0.0,12153,False,False
25,24,1,0.04,10914,False,False
16,15,1,0.0625,11746,False,False
14,14,0,0.0,8684,False,False
22,20,2,0.09090909090909091,9825,False,False
23,23,0,0.0,12861,False,False
19,19,0,0.0,14286,False,False
15,14,1,0.06666666666666667,13298,False,False
22,18,4,0.18181818181818182,13474,False,False
25,23,2,0.08,6860,False,False
18,17,1,0.05555555555555555,9476,False,False
20,17,3,0.15,10289,False,False
14,11,3,0.21428571428571427,8954,False,False
20,20,0,0.0,4155,False,False
16,12,4,0.25,4464,False,False
12,11,1,0.08333333333333333,14063,False,False
12,12,0,0.0,11337,False,False
18,18,0,0.0,11659,False,False
19,16,3,0.15789473684210525,12269,False,False
13,13,0,0.0,12425,False,False
22,22,0,0.0,11812,False,False
12,11,1,0.08333333333333333,10759,False,False
15,15,0,0.0,7215,False,False
18,13,5,0.2777777777777778,7957,False,False
15,15,0,0.0,12440,False,False
15,15,0,0.0,9261,False,False
14,13,1,0.07142857142857142,12660,False,False
1,1,0,0.0,12091,False,False
10,8,2,0.2,7165,False,False
18,15,3,0.16666666666666666,11693,False,False
23,22,1,0.043478260869565216,13475,False,False
7,5,2,0.2857142857142857,11361,False,False
2,2,0,0.0,2345,False,False
6,6,0,0.0,2576,False,False
19,18,1,0.05263157894736842,2974,False,False
5,5,0,0.0,11110,False,False
25,25,0,0.0,10128,False,False
18,18,0,0.0,14354,False,False
28,27,1,0.03571428571428571,9430,False,False
24,24,0,0.0,9934,False,False
7,7,0,0.0,10118,False,False
6,6,0,0.0,13084,False,False
18,17,1,0.05555555555555555,14318,False,False
18,18,0,0.0,13995,False,False
5,5,0,0.0,6549,False,False
23,22,1,0.043478260869565216,12732,False,False
22,19,3,0.13636363636363635,2517,False,False
21,21,0,0.0,12043,False,False
24,24,0,0.0,9759,False,False
16,14,2,0.125,12250,False,False
21,20,1,0.047619047619047616,13454,False,False
24,23,1,0.041666666666666664,4968,False,False
25,25,0,0.0,12304,False,False
23,22,1,0.043478260869565216,10740,False,False
22,21,1,0.045454545454545456,12979,False,False
21,21,0,0.0,10525,False,False
25,25,0,0.0,12257,False,False
12,11,1,0.08333333333333333,10451,False,False
23,21,2,0.08695652173913043,10032,False,False
22,21,1,0.045454545454545456,9739,False,False
15,15,0,0.0,4078,False,False
18,17,1,0.05555555555555555,13176,False,False
16,15,1,0.0625,11877,False,False
22,21,1,0.045454545454545456,12441,False,False
18,16,2,0.1111111111111111,8072,False,False
18,18,0,0.0,11129,False,False
20,15,5,0.25,3815,False,False
18,16,2,0.1111111111111111,12587,False,False
19,19,0,0.0,8912,False,False
5,3,2,0.4,7900,False,False
22,22,0,0.0,14302,False,False
19,18,1,0.05263157894736842,13392,False,False
12,11,1,0.08333333333333333,11544,False,False
24,24,0,0.0,13320,False,False
13,12,1,0.07692307692307693,13517,False,False
21,16,5,0.23809523809523808,7855,False,False
8,8,0,0.0,6123,False,False
19,18,1,0.05263157894736842,12520,False,False
22,21,1,0.045454545454545456,9328,False,False
18,17,1,0.05555555555555555,2552,False,False
14,14,0,0.0,11654,False,False
14,13,1,0.07142857142857142,11209,False,False
18,18,0,0.0,12113,False,False
12,11,1,0.08333333333333333,14604,False,False
14,13,1,0.07142857142857142,9698,False,False
2,2,0,0.0,7214,False,False
23,23,0,0.0,12951,False,False
26,25,1,0.038461538461538464,10666,False,False
16,16,0,0.0,11922,False,False
7,7,0,0.0,2401,False,False
13,13,0,0.0,10070,False,False
20,20,0,0.0,10476,False,False
13,12,1,0.07692307692307693,14048,False,False
14,10,4,0.2857142857142857,7737,False,False
10,9,1,0.1,10082,False,False
12,11,1,0.08333333333333333,13714,False,False
25,24,1,0.04,14435,False,False
2,2,0,0.0,13033,False,False
10,8,2,0.2,10548,False,False
25,25,0,0.0,13755,False,False
4,4,0,0.0,10064,False,False
3,3,0,0.0,6651,False,False
13,12,1,0.07692307692307693,3689,False,False
27,26,1,0.037037037037037035,9323,False,False
22,19,3,0.13636363636363635,11093,False,False
18,18,0,0.0,12889,False,False
17,16,1,0.058823529411764705,10335,False,False
17,17,0,0.0,13128,False,False
19,19,0,0.0,13617,False,False
23,23,0,0.0,10885,False,False
21,20,1,0.047619047619047616,9098,False,False
28,27,1,0.03571428571428571,10036,False,False
15,14,1,0.06666666666666667,7834,False,False
25,23,2,0.08,7828,False,False
20,18,2,0.1,9326,False,False
24,22,2,0.08333333333333333,11201,False,False
21,18,3,0.14285714285714285,10900,False,False
22,22,0,0.0,11754,False,False
2,2,0,0.0,12138,False,False
22,22,0,0.0,14384,False,False
9,9,0,0.0,5491,False,False
20,18,2,0.1,9427,False,False
12,11,1,0.08333333333333333,13304,False,False
27,26,1,0.037037037037037035,10563,False,False
19,18,1,0.05263157894736842,10995,False,False
23,21,2,0.08695652173913043,10368,False,False
12,12,0,0.0,11132,False,False
20,18,2,0.1,12194,False,False
23,22,1,0.043478260869565216,10767,False,False
12,11,1,0.08333333333333333,9112,False,False
17,16,1,0.058823529411764705,13993,False,False
17,16,1,0.058823529411764705,11575,False,False
18,18,0,0.0,9938,False,False
20,18,2,0.1,877,False,False
15,14,1,0.06666666666666667,10106,False,False
20,17,3,0.15,13678,False,False
26,26,0,0.0,721,False,False
2,2,0,0.0,2722,False,False
5,5,0,0.0,12372,False,False
22,21,1,0.045454545454545456,6240,False,False
20,18,2,0.1,14191,False,False
16,13,3,0.1875,12556,False,False
10,10,0,0.0,8218,False,False
27,27,0,0.0,9074,False,False
22,22,0,0.0,4922,False,False
20,20,0,0.0,11925,False,False
24,23,1,0.041666666666666664,9294,False,False
23,20,3,0.13043478260869565,9050,False,False
11,11,0,0.0,8831,False,False
7,7,0,0.0,8484,False,False
14,14,0,0.0,11447,False,False
10,10,0,0.0,5051,False,False
21,21,0,0.0,11981,False,False
21,19,2,0.09523809523809523,14108,False,False
26,26,0,0.0,13229,False,False
9,8,1,0.1111111111111111,806,False,False
26,26,0,0.0,13623,False,False
4,4,0,0.0,9681,False,False
15,15,0,0.0,12351,False,False
2,2,0,0.0,4639,False,False
24,24,0,0.0,9828,False,False
12,12,0,0.0,6874,False,False
4,4,0,0.0,8929,False,False
18,18,0,0.0,9621,False,False
22,21,1,0.045454545454545456,13239,False,False
19,19,0,0.0,11042,False,False
8,8,0,0.0,6579,False,False
22,22,0,0.0,13311,False,False
19,15,4,0.21052631578947367,8288,False,False
23,21,2,0.08695652173913043,14407,False,False
23,20,3,0.13043478260869565,4810,False,False
7,7,0,0.0,11033,False,False
8,8,0,0.0,6218,False,False
20,20,0,0.0,3658,False,False
15,14,1,0.06666666666666667,11097,False,False
19,19,0,0.0,14417,False,False
25,25,0,0.0,9818,False,False
21,21,0,0.0,12750,False,False
21,17,4,0.19047619047619047,10741,False,False
7,5,2,0.2857142857142857,7581,False,False
7,7,0,0.0,10397,False,False
11,11,0,0.0,13181,False,False
23,23,0,0.0,10271,False,False
8,4,4,0.5,2544,False,False
19,19,0,0.0,119,False,False
23,23,0,0.0,11963,False,False
12,9,3,0.25,695,False,False
19,19,0,0.0,12734,False,False
12,11,1,0.08333333333333333,9563,False,False
21,20,1,0.047619047619047616,13222,False,False
5,5,0,0.0,9083,False,False
24,24,0,0.0,12010,False,False
24,24,0,0.0,11996,False,False
9,9,0,0.0,12692,False,False
24,23,1,0.041666666666666664,14533,False,False
23,20,3,0.13043478260869565,13293,False,False
6,6,0,0.0,11620,False,False
7,6,1,0.14285714285714285,10413,False,False
23,22,1,0.043478260869565216,12832,False,False
22,21,1,0.045454545454545456,11730,False,False
11,11,0,0.0,141,False,False
4,4,0,0.0,1980,False,False
24,23,1,0.041666666666666664,13751,False,False
13,11,2,0.15384615384615385,10678,False,False
19,19,0,0.0,11178,False,False
9,9,0,0.0,9585,False,False
15,14,1,0.06666666666666667,3298,False,False
18,18,0,0.0,11644,False,False
20,19,1,0.05,14164,False,False
27,27,0,0.0,12974,False,False
11,10,1,0.09090909090909091,916,False,False
22,21,1,0.045454545454545456,10176,False,False
20,18,2,0.1,12397,False,False
23,21,2,0.08695652173913043,10285,False,False
23,23,0,0.0,13918,False,False
7,7,0,0.0,10883,False,False
11,9,2,0.18181818181818182,10519,False,False
26,26,0,0.0,13461,False,False
24,24,0,0.0,12171,False,False
22,21,1,0.045454545454545456,14027,False,False
24,24,0,0.0,13094,False,False
16,16,0,0.0,611,False,False
23,21,2,0.08695652173913043,13602,False,False
19,19,0,0.0,10624,False,False
18,18,0,0.0,6531,False,False
13,13,0,0.0,404,False,False
25,24,1,0.04,13347,False,False
16,16,0,0.0,12116,False,False
13,13,0,0.0,11341,False,False
12,10,2,0.16666666666666666,11298,False,False
18,18,0,0.0,10940,False,False
24,24,0,0.0,14420,False,False
2,2,0,0.0,8608,False,False
12,12,0,0.0,6280,False,False
22,22,0,0.0,9422,False,False
22,22,0,0.0,14138,False,False
26,25,1,0.038461538461538464,6542,False,False
12,12,0,0.0,2857,False,False
3,3,0,0.0,2915,False,False
10,10,0,0.0,12739,False,False
5,5,0,0.0,10931,False,False
16,16,0,0.0,5604,False,False
12,10,2,0.16666666666666666,11540,False,False
23,19,4,0.17391304347826086,12987,False,False
6,6,0,0.0,13108,False,False
21,20,1,0.047619047619047616,14234,False,False
15,15,0,0.0,6151,False,False
13,12,1,0.07692307692307693,14241,False,False
25,25,0,0.0,11117,False,False
23,21,2,0.08695652173913043,12783,False,False
22,21,1,0.045454545454545456,4623,False,False
25,25,0,0.0,9364,False,False
19,17,2,0.10526315789473684,9093,False,False
17,17,0,0.0,14605,False,False
21,21,0,0.0,13900,False,False
12,10,2,0.16666666666666666,13340,False,False
19,19,0,0.0,11401,False,False
18,17,1,0.05555555555555555,10322,False,False
20,19,1,0.05,14487,False,False
20,18,2,0.1,14591,False,False
19,16,3,0.15789473684210525,11347,False,False
27,27,0,0.0,14030,False,False
9,9,0,0.0,10902,False,False
14,13,1,0.07142857142857142,10766,False,False
16,16,0,0.0,14080,False,False
21,21,0,0.0,12745,False,False
3,3,0,0.0,11912,False,False
22,22,0,0.0,10402,False,False
7,6,1,0.14285714285714285,11467,False,False
17,16,1,0.058823529411764705,11206,False,False
13,10,3,0.23076923076923078,7019,False,False
19,19,0,0.0,13116,False,False
16,15,1,0.0625,12768,False,False
